{"type": "FeatureCollection", "features": [{"building_ID": "65d88662db333f894570bad3", "id": "c3b7b2-ab15-4b72-bf30-6a751a64a", "type": "Feature", "geometry": {"coordinates": [[[77.1110896481, 28.7161963515], [77.111061423, 28.7161635784], [77.1110713881, 28.7161569774], [77.1110996132, 28.7161897504], [77.1110896481, 28.7161963515]]], "type": "Polygon"}, "properties": {"name": "Charging Points", "buildingName": "RGCI", "nodeId": "c3b7b2-ab15-4b72-bf30-6a751a64a", "polygonType": "Room", "type": "Room", "walkableType": "non-walkable", "visibilityType": "visible", "directionType": "bidirectional", "tactileAvailibity": "not available", "fillColor": "undefined", "height": "undefined", "global": false, "floor": 1}}, {"building_ID": "65d88662db333f894570bad3", "id": "23cb236-3a03-c788-f87d-73edcea1af3e", "type": "Feature", "geometry": {"coordinates": [[77.111405422, 28.7169582422], [77.1113979482, 28.716963193], [77.1113979482, 28.716963193]], "type": "LineString"}, "properties": {"nodeId": "23cb236-3a03-c788-f87d-73edcea1af3e", "buildingName": "RGCI", "polygonType": "Waypoints", "walkableType": "walkable", "visibilityType": "visible", "directionType": "bidirectional", "tactileAvailibity": "not available", "global": false, "name": "undefined", "floor": 1}}, {"building_ID": "65d88662db333f894570bad3", "id": "a3d25e6-2a40-8f27-8ae2-ec44d733ada", "type": "Feature", "geometry": {"coordinates": [[77.1113170361, 28.7168692435], [77.1113527351, 28.7168970658], [77.1113527351, 28.7168970658]], "type": "LineString"}, "properties": {"nodeId": "a3d25e6-2a40-8f27-8ae2-ec44d733ada", "buildingName": "RGCI", "polygonType": "Waypoints", "walkableType": "walkable", "visibilityType": "visible", "directionType": "bidirectional", "tactileAvailibity": "not available", "global": false, "name": "undefined", "floor": 1}}, {"building_ID": "65d88662db333f894570bad3", "id": "5ffe418-3e7-4aa3-6c18-ab64b8e73cf", "type": "Feature", "geometry": {"coordinates": [[77.1109805891, 28.7162514372], [77.1109542457, 28.716220849], [77.1109335472, 28.7161968154], [77.1109184938, 28.7161793364], [77.1109015588, 28.7161596726], [77.1109015588, 28.7161596726]], "type": "LineString"}, "properties": {"nodeId": "5ffe418-3e7-4aa3-6c18-ab64b8e73cf", "buildingName": "RGCI", "polygonType": "Waypoints", "walkableType": "walkable", "visibilityType": "visible", "directionType": "bidirectional", "tactileAvailibity": "not available", "global": false, "name": "undefined", "floor": 1}}, {"building_ID": "65d88662db333f894570bad3", "id": "b43245-0544-fb26-3055-5a0e7d85206b", "type": "Feature", "geometry": {"coordinates": [[[77.1111940697, 28.7160722799], [77.1112189824, 28.7160557773], [77.1112396808, 28.7160798109], [77.1112147681, 28.7160963135], [77.1111940697, 28.7160722799]]], "type": "Polygon"}, "properties": {"name": "3170 - Surgical Oncology Unit 5 A - Dr. Himanshu Rohella", "buildingName": "RGCI", "nodeId": "b43245-0544-fb26-3055-5a0e7d85206b", "polygonType": "Room", "type": "Room", "walkableType": "non-walkable", "visibilityType": "visible", "directionType": "bidirectional", "tactileAvailibity": "not available", "fillColor": "undefined", "height": "undefined", "global": false, "floor": 1}}, {"building_ID": "65d88662db333f894570bad3", "id": "646c8d0-1401-e84d-31c4-73bcb0dfb80", "type": "Feature", "geometry": {"coordinates": [[[77.1112147681, 28.7160963135], [77.1112396808, 28.7160798109], [77.1112622609, 28.7161060294], [77.1112373482, 28.7161225319], [77.1112147681, 28.7160963135]]], "type": "Polygon"}, "properties": {"name": "3172 - Gynaecologic Oncology Unit 1 - Dr. Vandana Jain ", "buildingName": "RGCI", "nodeId": "646c8d0-1401-e84d-31c4-73bcb0dfb80", "polygonType": "Room", "type": "Room", "walkableType": "non-walkable", "visibilityType": "visible", "directionType": "bidirectional", "tactileAvailibity": "not available", "fillColor": "undefined", "height": "undefined", "global": false, "floor": 1}}, {"building_ID": "65d88662db333f894570bad3", "id": "6221b8-d630-32d8-8ca-8a212b8a2e8", "type": "Feature", "geometry": {"coordinates": [[[77.1112373482, 28.7161225319], [77.1112622609, 28.7161060294], [77.1112867227, 28.7161344327], [77.11126181, 28.7161509353], [77.1112373482, 28.7161225319]]], "type": "Polygon"}, "properties": {"name": "3174 - Gynaecologic Oncology Unit 2 - Dr. Sarika Gupta .", "buildingName": "RGCI", "nodeId": "6221b8-d630-32d8-8ca-8a212b8a2e8", "polygonType": "Room", "type": "Room", "walkableType": "non-walkable", "visibilityType": "visible", "directionType": "bidirectional", "tactileAvailibity": "not available", "fillColor": "undefined", "height": "undefined", "global": false, "floor": 1}}, {"building_ID": "65d88662db333f894570bad3", "id": "415d0a1-601-23fc-f674-e2b8d51dc8c2", "type": "Feature", "geometry": {"coordinates": [[77.1107741062, 28.7163024316], [77.1107691236, 28.7163057321], [77.1107691236, 28.7163057321]], "type": "LineString"}, "properties": {"nodeId": "415d0a1-601-23fc-f674-e2b8d51dc8c2", "buildingName": "RGCI", "polygonType": "Waypoints", "walkableType": "walkable", "visibilityType": "visible", "directionType": "bidirectional", "tactileAvailibity": "not available", "global": false, "name": "undefined", "floor": 1}}, {"building_ID": "65d88662db333f894570bad3", "id": "afc0132-cc3-82a5-e874-e8781d2bd238", "type": "Feature", "geometry": {"coordinates": [[77.1114324279, 28.7169986856], [77.1114267829, 28.7169921309], [77.1114267829, 28.7169921309]], "type": "LineString"}, "properties": {"nodeId": "afc0132-cc3-82a5-e874-e8781d2bd238", "buildingName": "RGCI", "polygonType": "Waypoints", "walkableType": "walkable", "visibilityType": "visible", "directionType": "bidirectional", "tactileAvailibity": "not available", "global": false, "name": "undefined", "floor": 1}}, {"building_ID": "65d88662db333f894570bad3", "id": "74b42ae-a8dc-bf-4ec-e88f5c6ddd", "type": "Feature", "geometry": {"coordinates": [[[77.1107888422, 28.7162377691], [77.1108137548, 28.7162212665], [77.1108363349, 28.716247485], [77.1108114223, 28.7162639875], [77.1107888422, 28.7162377691]]], "type": "Polygon"}, "properties": {"name": "Female Washroom-3", "buildingName": "RGCI", "nodeId": "74b42ae-a8dc-bf-4ec-e88f5c6ddd", "polygonType": "Cubicle", "type": "Female Washroom", "walkableType": "non-walkable", "visibilityType": "visible", "directionType": "bidirectional", "tactileAvailibity": "not available", "fillColor": "undefined", "height": "undefined", "global": false, "floor": 1}}, {"building_ID": "65d88662db333f894570bad3", "id": "cdc3ad-2bb1-15bc-4f5d-eb5add01e8d5", "type": "Feature", "geometry": {"coordinates": [[77.1107427802, 28.7162751439], [77.1107691236, 28.7163057321], [77.1107691236, 28.7163057321]], "type": "LineString"}, "properties": {"nodeId": "cdc3ad-2bb1-15bc-4f5d-eb5add01e8d5", "buildingName": "RGCI", "polygonType": "Waypoints", "walkableType": "walkable", "visibilityType": "visible", "directionType": "bidirectional", "tactileAvailibity": "not available", "global": false, "name": "undefined", "floor": 1}}, {"building_ID": "65d88662db333f894570bad3", "id": "8d36bca-f4b2-0064-d160-2b3cb3b4aee", "type": "Feature", "geometry": {"coordinates": [[[77.1110423922, 28.7164095146], [77.1110374097, 28.7164128151], [77.111035528, 28.7164106302], [77.1110430018, 28.7164056795], [77.1110448835, 28.7164078643], [77.1110423922, 28.7164095146]]], "type": "Polygon"}, "properties": {"name": "undefined", "buildingName": "RGCI", "nodeId": "8d36bca-f4b2-0064-d160-2b3cb3b4aee", "polygonType": "Cubicle", "type": "Wall", "walkableType": "non-walkable", "visibilityType": "visible", "directionType": "bidirectional", "tactileAvailibity": "not available", "global": false, "floor": 1}}, {"building_ID": "65d88662db333f894570bad3", "id": "203dd7d-2cf-dc34-f3d1-a2710cb65ce", "type": "Feature", "geometry": {"coordinates": [[77.1110789375, 28.7166563808], [77.1111138153, 28.7166332773], [77.1111138153, 28.7166332773]], "type": "LineString"}, "properties": {"nodeId": "203dd7d-2cf-dc34-f3d1-a2710cb65ce", "buildingName": "RGCI", "polygonType": "Waypoints", "walkableType": "walkable", "visibilityType": "visible", "directionType": "bidirectional", "tactileAvailibity": "not available", "global": false, "name": "undefined", "floor": 1}}, {"building_ID": "65d88662db333f894570bad3", "id": "abc1706-ed73-57b-0ab-6271ca82f43", "type": "Feature", "geometry": {"coordinates": [[[77.111601436, 28.7169450645], [77.1116578863, 28.7170106107], [77.111659768, 28.7170127955], [77.1117021195, 28.7169847412], [77.1116437876, 28.7169170102], [77.111601436, 28.7169450645]]], "type": "Polygon"}, "properties": {"name": "undefined", "buildingName": "RGCI", "nodeId": "abc1706-ed73-57b-0ab-6271ca82f43", "polygonType": "Cubicle", "type": "Open to sky", "walkableType": "non-walkable", "visibilityType": "visible", "directionType": "bidirectional", "tactileAvailibity": "not available", "global": false, "floor": 1}}, {"building_ID": "65d88662db333f894570bad3", "id": "ef48eb1-ced1-821e-ca04-4fd05341235d", "type": "Feature", "geometry": {"coordinates": [[[77.1109111234, 28.7165342136], [77.1109086321, 28.7165358638], [77.1107712698, 28.7163763682], [77.1107737611, 28.7163747179], [77.1109111234, 28.7165342136]]], "type": "Polygon"}, "properties": {"name": "undefined", "buildingName": "RGCI", "nodeId": "ef48eb1-ced1-821e-ca04-4fd05341235d", "polygonType": "Cubicle", "type": "Wall", "walkableType": "non-walkable", "visibilityType": "visible", "directionType": "bidirectional", "tactileAvailibity": "not available", "global": false, "floor": 1}}, {"building_ID": "65d88662db333f894570bad3", "id": "fc17e1c-080f-b4c8-824e-b74e57c328", "type": "Feature", "geometry": {"coordinates": [[[77.1107973765, 28.7161840773], [77.1108272717, 28.7161642743], [77.1108479701, 28.7161883079], [77.1108467509, 28.7161959781], [77.1108218382, 28.7162124807], [77.1107973765, 28.7161840773]]], "type": "Polygon"}, "properties": {"name": "3153", "buildingName": "RGCI", "nodeId": "fc17e1c-080f-b4c8-824e-b74e57c328", "polygonType": "Room", "type": "Room", "walkableType": "non-walkable", "visibilityType": "visible", "directionType": "bidirectional", "tactileAvailibity": "not available", "global": false, "floor": 1}}, {"building_ID": "65d88662db333f894570bad3", "id": "eee1a5-422-235-407-6ac5d4bdadfa", "type": "Feature", "geometry": {"coordinates": [[[77.1111442167, 28.7162597127], [77.1111691294, 28.7162432102], [77.1111860644, 28.7162628741], [77.1111611518, 28.7162793766], [77.1111442167, 28.7162597127]]], "type": "Polygon"}, "properties": {"name": "undefined", "buildingName": "RGCI", "nodeId": "eee1a5-422-235-407-6ac5d4bdadfa", "polygonType": "Cubicle", "type": "Restricted Area", "walkableType": "non-walkable", "visibilityType": "visible", "directionType": "bidirectional", "tactileAvailibity": "not available", "global": false, "floor": 1}}, {"building_ID": "65d88662db333f894570bad3", "id": "a7e50-61e8-64c5-35a1-0fab842e788d", "type": "Feature", "geometry": {"coordinates": [[[77.1115327663, 28.7171106487], [77.1114854322, 28.7171420035], [77.1114829409, 28.7171436537], [77.1113869755, 28.7170322252], [77.1114990825, 28.7169579639], [77.1115837579, 28.7170562831], [77.1115812666, 28.7170579334], [77.1114984729, 28.716961799], [77.1113913485, 28.7170327599], [77.1114835505, 28.7171398186], [77.1115308846, 28.7171084638], [77.1115327663, 28.7171106487]]], "type": "Polygon"}, "properties": {"name": "undefined", "buildingName": "RGCI", "nodeId": "a7e50-61e8-64c5-35a1-0fab842e788d", "polygonType": "Cubicle", "type": "Wall", "walkableType": "non-walkable", "visibilityType": "visible", "directionType": "bidirectional", "tactileAvailibity": "not available", "global": false, "floor": 1}}, {"building_ID": "65d88662db333f894570bad3", "id": "0be2247-a4a-4d37-d22c-e01061b76a", "type": "Feature", "geometry": {"coordinates": [[[77.1112830854, 28.7169706534], [77.1113129806, 28.7169508504], [77.111316744, 28.7169552201], [77.1112868488, 28.7169750231], [77.1112830854, 28.7169706534]]], "type": "Polygon"}, "properties": {"name": "undefined", "buildingName": "RGCI", "nodeId": "0be2247-a4a-4d37-d22c-e01061b76a", "polygonType": "Cubicle", "type": "Non Walkable", "walkableType": "non-walkable", "visibilityType": "visible", "directionType": "bidirectional", "tactileAvailibity": "not available", "global": false, "floor": 1}}, {"building_ID": "65d88662db333f894570bad3", "id": "bd71ce-325b-77c1-556-118868741a7", "type": "Feature", "geometry": {"coordinates": [[[77.1113779375, 28.7171171326], [77.1114302541, 28.7170824773], [77.1114641242, 28.717121805], [77.1114118076, 28.7171564603], [77.1113779375, 28.7171171326]]], "type": "Polygon"}, "properties": {"name": "CT Scan-2", "buildingName": "RGCI", "nodeId": "bd71ce-325b-77c1-556-118868741a7", "polygonType": "Room", "type": "Room", "walkableType": "non-walkable", "visibilityType": "visible", "directionType": "bidirectional", "tactileAvailibity": "not available", "global": false, "floor": 1}}, {"building_ID": "65d88662db333f894570bad3", "id": "b083d32-5801-f306-2737-36c566e446f", "type": "Feature", "geometry": {"coordinates": [[[77.1114500507, 28.7171963226], [77.1115497014, 28.7171303125], [77.1116005066, 28.7171893041], [77.1115008559, 28.7172553142], [77.1114500507, 28.7171963226]]], "type": "Polygon"}, "properties": {"name": "MRI", "buildingName": "RGCI", "nodeId": "b083d32-5801-f306-2737-36c566e446f", "polygonType": "Room", "type": "Room", "walkableType": "non-walkable", "visibilityType": "visible", "directionType": "bidirectional", "tactileAvailibity": "not available", "fillColor": "undefined", "height": "undefined", "global": false, "floor": 1}}, {"building_ID": "65d88662db333f894570bad3", "id": "b8e78c3-3ea2-d612-0115-a2736d4ca86", "type": "Feature", "geometry": {"coordinates": [[[77.1114829409, 28.7171436537], [77.1115327663, 28.7171106487], [77.1115497014, 28.7171303125], [77.111499876, 28.7171633176], [77.1114829409, 28.7171436537]]], "type": "Polygon"}, "properties": {"name": "undefined", "buildingName": "RGCI", "nodeId": "b8e78c3-3ea2-d612-0115-a2736d4ca86", "polygonType": "Cubicle", "type": "Restricted Area", "walkableType": "non-walkable", "visibilityType": "visible", "directionType": "bidirectional", "tactileAvailibity": "not available", "global": false, "floor": 1}}, {"building_ID": "65d88662db333f894570bad3", "id": "35b2551-3474-c382-a575-732fd8b5c508", "type": "Feature", "geometry": {"coordinates": [[[77.1113139882, 28.7168884191], [77.1112716367, 28.7169164734], [77.1112942168, 28.7169426919], [77.1113365683, 28.7169146376], [77.1113139882, 28.7168884191]]], "type": "Polygon"}, "properties": {"name": "undefined", "buildingName": "RGCI", "nodeId": "35b2551-3474-c382-a575-732fd8b5c508", "polygonType": "Room", "type": "Room", "walkableType": "non-walkable", "visibilityType": "visible", "directionType": "bidirectional", "tactileAvailibity": "not available", "global": false, "floor": 1}}, {"building_ID": "65d88662db333f894570bad3", "id": "51a46-8c63-da0-7267-31c47f71536", "type": "Feature", "geometry": {"coordinates": [[[77.1110871316, 28.7160298836], [77.1110664332, 28.71600585], [77.111036538, 28.7160256531], [77.1110572364, 28.7160496867], [77.1110871316, 28.7160298836]]], "type": "Polygon"}, "properties": {"name": "3166", "buildingName": "RGCI", "nodeId": "51a46-8c63-da0-7267-31c47f71536", "polygonType": "Room", "type": "Room", "walkableType": "non-walkable", "visibilityType": "visible", "directionType": "bidirectional", "tactileAvailibity": "not available", "global": false, "floor": 1}}, {"building_ID": "65d88662db333f894570bad3", "id": "0b8fa0c-c056-7a56-4e88-ae048403bd", "type": "Feature", "geometry": {"coordinates": [[[77.1111691294, 28.7162432102], [77.1111442167, 28.7162597127], [77.1111272816, 28.7162400489], [77.1111521943, 28.7162235464], [77.1111691294, 28.7162432102]]], "type": "Polygon"}, "properties": {"name": " 3180 - Internal Medicine, Dermatologist - Dr. Tarun Verma, Dr. Alok Kalyani, Dr. Vidhushi Agarwal changed", "buildingName": "RGCI", "nodeId": "0b8fa0c-c056-7a56-4e88-ae048403bd", "polygonType": "Room", "type": "Room", "walkableType": "non-walkable", "visibilityType": "visible", "directionType": "bidirectional", "tactileAvailibity": "not available", "fillColor": "undefined", "height": "undefined", "global": false, "floor": 1}}, {"building_ID": "65d88662db333f894570bad3", "id": "1efe64a-d8a5-6f07-5a07-a02d65a13e7", "type": "Feature", "geometry": {"coordinates": [[[77.1108778653, 28.7161685049], [77.1108479701, 28.7161883079], [77.1108272717, 28.7161642743], [77.1108571668, 28.7161444713], [77.1108778653, 28.7161685049]]], "type": "Polygon"}, "properties": {"name": "3155 - Surgical Oncology Unit 6 - Dr. L.M. Darlong", "buildingName": "RGCI", "nodeId": "1efe64a-d8a5-6f07-5a07-a02d65a13e7", "polygonType": "Room", "type": "Room", "walkableType": "non-walkable", "visibilityType": "visible", "directionType": "bidirectional", "tactileAvailibity": "not available", "fillColor": "undefined", "height": "undefined", "global": false, "floor": 1}}, {"building_ID": "65d88662db333f894570bad3", "id": "ee586f5-2041-1ecb-da51-b0a38efa867", "type": "Feature", "geometry": {"coordinates": [[[77.1111827268, 28.7160454804], [77.1111789634, 28.7160411106], [77.1111964023, 28.7160295589], [77.1112001656, 28.7160339286], [77.1111827268, 28.7160454804]]], "type": "Polygon"}, "properties": {"name": "Smoke panel", "buildingName": "RGCI", "nodeId": "ee586f5-2041-1ecb-da51-b0a38efa867", "polygonType": "Room", "type": "Room", "walkableType": "non-walkable", "visibilityType": "visible", "directionType": "bidirectional", "tactileAvailibity": "not available", "global": false, "floor": 1}}, {"building_ID": "65d88662db333f894570bad3", "id": "c6b2206-8b56-e081-37b8-6324b46e88e", "type": "Feature", "geometry": {"coordinates": [[[77.1111388337, 28.7166441553], [77.111141325, 28.716642505], [77.1113182024, 28.716847883], [77.1113256762, 28.7168429322], [77.1113275579, 28.7168451171], [77.1113175928, 28.7168517181], [77.1111388337, 28.7166441553]]], "type": "Polygon"}, "properties": {"name": "undefined", "buildingName": "RGCI", "nodeId": "c6b2206-8b56-e081-37b8-6324b46e88e", "polygonType": "Cubicle", "type": "Wall", "walkableType": "non-walkable", "visibilityType": "visible", "directionType": "bidirectional", "tactileAvailibity": "not available", "global": false, "floor": 1}}, {"building_ID": "65d88662db333f894570bad3", "id": "25fad2e-f13b-2a3-f5e0-db8d0a5ba17", "type": "Feature", "geometry": {"coordinates": [[[77.1110572364, 28.7160496867], [77.1110273413, 28.7160694897], [77.1110066428, 28.7160454561], [77.111036538, 28.7160256531], [77.1110572364, 28.7160496867]]], "type": "Polygon"}, "properties": {"name": "3164", "buildingName": "RGCI", "nodeId": "25fad2e-f13b-2a3-f5e0-db8d0a5ba17", "polygonType": "Room", "type": "Room", "walkableType": "non-walkable", "visibilityType": "visible", "directionType": "bidirectional", "tactileAvailibity": "not available", "global": false, "floor": 1}}, {"building_ID": "65d88662db333f894570bad3", "id": "d6523ab-dd1b-8711-ad2f-42e17ae52da", "type": "Feature", "geometry": {"coordinates": [[[77.1110273413, 28.7160694897], [77.1109974461, 28.7160892927], [77.1109767476, 28.7160652591], [77.1110066428, 28.7160454561], [77.1110273413, 28.7160694897]]], "type": "Polygon"}, "properties": {"name": "3162 - Medical Oncology Unit 2 - Dr. Sumit Goyal, Dr. Shiva Shankar", "buildingName": "RGCI", "nodeId": "d6523ab-dd1b-8711-ad2f-42e17ae52da", "polygonType": "Room", "type": "Room", "walkableType": "non-walkable", "visibilityType": "visible", "directionType": "bidirectional", "tactileAvailibity": "not available", "fillColor": "undefined", "height": "undefined", "global": false, "floor": 1}}, {"building_ID": "65d88662db333f894570bad3", "id": "be3e48-2d0b-e7d-d2e8-3bc87226c0f", "type": "Feature", "geometry": {"coordinates": [[[77.1109527091, 28.7161463778], [77.1109602358, 28.7161551173], [77.1109378144, 28.7161699695], [77.1109189976, 28.7161481208], [77.110941419, 28.7161332685], [77.1109527091, 28.7161463778]]], "type": "Polygon"}, "properties": {"name": "3158 - Audiometry", "buildingName": "RGCI", "nodeId": "be3e48-2d0b-e7d-d2e8-3bc87226c0f", "polygonType": "Room", "type": "Room", "walkableType": "non-walkable", "visibilityType": "visible", "directionType": "bidirectional", "tactileAvailibity": "not available", "global": false, "floor": 1}}, {"building_ID": "65d88662db333f894570bad3", "id": "a72d386-e283-413-f553-7307730fd877", "type": "Feature", "geometry": {"coordinates": [[[77.1111521943, 28.7162235464], [77.1111272816, 28.7162400489], [77.1111047015, 28.7162138304], [77.1111296142, 28.7161973279], [77.1111521943, 28.7162235464]]], "type": "Polygon"}, "properties": {"name": "3179", "buildingName": "RGCI", "nodeId": "a72d386-e283-413-f553-7307730fd877", "polygonType": "Room", "type": "Room", "walkableType": "non-walkable", "visibilityType": "visible", "directionType": "bidirectional", "tactileAvailibity": "not available", "global": false, "floor": 1}}, {"building_ID": "65d88662db333f894570bad3", "id": "5b2c50-4a8d-056e-70a4-7281cb71426", "type": "Feature", "geometry": {"coordinates": [[[77.1111882383, 28.7161790823], [77.1111694216, 28.7161572336], [77.1111993167, 28.7161374306], [77.1112181335, 28.7161592793], [77.1111882383, 28.7161790823]]], "type": "Polygon"}, "properties": {"name": "3175", "buildingName": "RGCI", "nodeId": "5b2c50-4a8d-056e-70a4-7281cb71426", "polygonType": "Room", "type": "Room", "walkableType": "non-walkable", "visibilityType": "visible", "directionType": "bidirectional", "tactileAvailibity": "not available", "global": false, "floor": 1}}, {"building_ID": "65d88662db333f894570bad3", "id": "636501-7a22-a54e-31dd-a3f58813e57", "type": "Feature", "geometry": {"coordinates": [[[77.1111605699, 28.7161287839], [77.1111417531, 28.7161069352], [77.1111716483, 28.7160871321], [77.1111904651, 28.7161089809], [77.1111605699, 28.7161287839]]], "type": "Polygon"}, "properties": {"name": "3171 - Infectious Disease - Dr. Nitin Bansal", "buildingName": "RGCI", "nodeId": "636501-7a22-a54e-31dd-a3f58813e57", "polygonType": "Room", "type": "Room", "walkableType": "non-walkable", "visibilityType": "visible", "directionType": "bidirectional", "tactileAvailibity": "not available", "fillColor": "undefined", "height": "undefined", "global": false, "floor": 1}}, {"building_ID": "65d88662db333f894570bad3", "id": "adc7053-cc0b-4430-a1c-31aade2740a", "type": "Feature", "geometry": {"coordinates": [[[77.1110992958, 28.716107609], [77.1110743831, 28.7161241115], [77.1110423947, 28.7160869687], [77.1110673073, 28.7160704661], [77.1110992958, 28.716107609]]], "type": "Polygon"}, "properties": {"name": "3165- Dr. Vineet Talwar OPD", "buildingName": "RGCI", "nodeId": "adc7053-cc0b-4430-a1c-31aade2740a", "polygonType": "Room", "type": "Room", "walkableType": "non-walkable", "visibilityType": "visible", "directionType": "bidirectional", "tactileAvailibity": "not available", "fillColor": "undefined", "height": "undefined", "global": false, "floor": 1}}, {"building_ID": "65d88662db333f894570bad3", "id": "8a8e0b-aaef-c146-cefa-167c60e8d2f6", "type": "Feature", "geometry": {"coordinates": [[[77.1111945987, 28.7162091823], [77.111175782, 28.7161873336], [77.1112156422, 28.7161609296], [77.1112181335, 28.7161592793], [77.1112369502, 28.716181128], [77.1111945987, 28.7162091823]]], "type": "Polygon"}, "properties": {"name": "3177 - Urologic Oncology, Gynaecologic Oncology - Dr. Sudhir Kr. Rawal", "buildingName": "RGCI", "nodeId": "8a8e0b-aaef-c146-cefa-167c60e8d2f6", "polygonType": "Room", "type": "Room", "walkableType": "non-walkable", "visibilityType": "visible", "directionType": "bidirectional", "tactileAvailibity": "not available", "fillColor": "undefined", "height": "undefined", "global": false, "floor": 1}}, {"building_ID": "65d88662db333f894570bad3", "id": "4f7230a-cbd2-d4ff-51fd-80bf7a38752", "type": "Feature", "geometry": {"coordinates": [[[77.1110972025, 28.7160506631], [77.1110673073, 28.7160704661], [77.1110992958, 28.716107609], [77.111129191, 28.7160878059], [77.1110972025, 28.7160506631]]], "type": "Polygon"}, "properties": {"name": " 3167- Dressing Room", "buildingName": "RGCI", "nodeId": "4f7230a-cbd2-d4ff-51fd-80bf7a38752", "polygonType": "Room", "type": "Room", "walkableType": "non-walkable", "visibilityType": "visible", "directionType": "bidirectional", "tactileAvailibity": "not available", "global": false, "floor": 1}}, {"building_ID": "65d88662db333f894570bad3", "id": "686dbb-b76e-8f07-bdd1-ceb665e533a", "type": "Feature", "geometry": {"coordinates": [[[77.1109701479, 28.716134826], [77.1109527091, 28.7161463778], [77.1109846975, 28.7161835206], [77.1110021364, 28.7161719688], [77.1109701479, 28.716134826]]], "type": "Polygon"}, "properties": {"name": "Initial Assessment Unit", "buildingName": "RGCI", "nodeId": "686dbb-b76e-8f07-bdd1-ceb665e533a", "polygonType": "Room", "type": "Room", "walkableType": "non-walkable", "visibilityType": "visible", "directionType": "bidirectional", "tactileAvailibity": "not available", "global": false, "floor": 1}}, {"building_ID": "65d88662db333f894570bad3", "id": "d270b5e-cb5e-bba0-d03f-e82c4e76d06", "type": "Feature", "geometry": {"coordinates": [[[77.1116380367, 28.7168830751], [77.1116554756, 28.7168715233], [77.111676174, 28.7168955569], [77.1116587352, 28.7169071087], [77.1116380367, 28.7168830751]]], "type": "Polygon"}, "properties": {"name": "Lift-2", "buildingName": "RGCI", "nodeId": "d270b5e-cb5e-bba0-d03f-e82c4e76d06", "polygonType": "Cubicle", "type": "Lift", "walkableType": "non-walkable", "visibilityType": "visible", "directionType": "bidirectional", "tactileAvailibity": "not available", "fillColor": "undefined", "height": "undefined", "global": false, "floor": 1}}, {"building_ID": "65d88662db333f894570bad3", "id": "b2421-255-fdde-7f3a-3d7ef7c44fe6", "type": "Feature", "geometry": {"coordinates": [[[77.1115666389, 28.7168274304], [77.1115101886, 28.7167618843], [77.1115450664, 28.7167387807], [77.1114697994, 28.7166513859], [77.1115420461, 28.7166035285], [77.1115445374, 28.7166018783], [77.1114899688, 28.716538517], [77.1114874775, 28.7165401672], [77.1115401644, 28.7166013437], [77.1114654264, 28.7166508512], [77.1115406934, 28.7167382461], [77.1115058157, 28.7167613497], [77.1115641476, 28.7168290807], [77.1115666389, 28.7168274304]]], "type": "Polygon"}, "properties": {"name": "undefined", "buildingName": "RGCI", "nodeId": "b2421-255-fdde-7f3a-3d7ef7c44fe6", "polygonType": "Cubicle", "type": "Wall", "walkableType": "non-walkable", "visibilityType": "visible", "directionType": "bidirectional", "tactileAvailibity": "not available", "global": false, "floor": 1}}, {"building_ID": "65d88662db333f894570bad3", "id": "c5a8bd-5677-166a-ff01-26781ad1d8ea", "type": "Feature", "geometry": {"coordinates": [[[77.1113692974, 28.7171434439], [77.1113418934, 28.7171615966], [77.1113550652, 28.7171768907], [77.1113569468, 28.7171790756], [77.1113843508, 28.7171609228], [77.1113692974, 28.7171434439]]], "type": "Polygon"}, "properties": {"name": "Dr. Manoj Gupta (Sr. Consultant - Nuclear Medicine)", "buildingName": "RGCI", "nodeId": "c5a8bd-5677-166a-ff01-26781ad1d8ea", "polygonType": "Room", "type": "Room", "walkableType": "non-walkable", "visibilityType": "visible", "directionType": "bidirectional", "tactileAvailibity": "not available", "global": false, "floor": 1}}, {"building_ID": "65d88662db333f894570bad3", "id": "8ca44f4-5de5-5ae7-f0e0-7788c434f3c", "type": "Feature", "geometry": {"coordinates": [[[77.1114436903, 28.7171662226], [77.1114474536, 28.7171705924], [77.1114748576, 28.7171524396], [77.1114710942, 28.7171480699], [77.1114436903, 28.7171662226]]], "type": "Polygon"}, "properties": {"name": "undefined", "buildingName": "RGCI", "nodeId": "8ca44f4-5de5-5ae7-f0e0-7788c434f3c", "polygonType": "Cubicle", "type": "Sitting Area", "walkableType": "non-walkable", "visibilityType": "visible", "directionType": "bidirectional", "tactileAvailibity": "not available", "global": false, "floor": 1}}, {"building_ID": "65d88662db333f894570bad3", "id": "81a325f-ecc6-67-d6d-7382f810f623", "type": "Feature", "geometry": {"coordinates": [[[77.111319472, 28.7171764489], [77.1113589872, 28.7172223312], [77.1113888824, 28.7172025282], [77.1113719473, 28.7171828643], [77.1113918775, 28.7171696623], [77.1113843508, 28.7171609228], [77.1113569468, 28.7171790756], [77.1113418934, 28.7171615966], [77.111319472, 28.7171764489]]], "type": "Polygon"}, "properties": {"name": "Prerna Garg, Consultant Radiologist", "buildingName": "RGCI", "nodeId": "81a325f-ecc6-67-d6d-7382f810f623", "polygonType": "Room", "type": "Room", "walkableType": "non-walkable", "visibilityType": "visible", "directionType": "bidirectional", "tactileAvailibity": "not available", "global": false, "floor": 1}}, {"building_ID": "65d88662db333f894570bad3", "id": "df14215-6a0f-a14a-000-bbf8327272", "type": "Feature", "geometry": {"coordinates": [[[77.1113391906, 28.7171084859], [77.1112893653, 28.717141491], [77.111319472, 28.7171764489], [77.1113493672, 28.7171566459], [77.1113286688, 28.7171326123], [77.111348599, 28.7171194103], [77.1113391906, 28.7171084859]]], "type": "Polygon"}, "properties": {"name": "DEXA Scan", "buildingName": "RGCI", "nodeId": "df14215-6a0f-a14a-000-bbf8327272", "polygonType": "Room", "type": "Room", "walkableType": "non-walkable", "visibilityType": "visible", "directionType": "bidirectional", "tactileAvailibity": "not available", "fillColor": "undefined", "height": "undefined", "global": false, "floor": 1}}, {"building_ID": "65d88662db333f894570bad3", "id": "57be8-bbed-505-5c2f-c80caaf5f726", "type": "Feature", "geometry": {"coordinates": [[[77.1116205979, 28.7168946269], [77.1116380367, 28.7168830751], [77.1116587352, 28.7169071087], [77.1116412963, 28.7169186604], [77.1116205979, 28.7168946269]]], "type": "Polygon"}, "properties": {"name": "Lift-1", "buildingName": "RGCI", "nodeId": "57be8-bbed-505-5c2f-c80caaf5f726", "polygonType": "Cubicle", "type": "Lift", "walkableType": "non-walkable", "visibilityType": "visible", "directionType": "bidirectional", "tactileAvailibity": "not available", "fillColor": "undefined", "height": "undefined", "global": false, "floor": 1}}, {"building_ID": "65d88662db333f894570bad3", "id": "143e6bf-d157-6344-50e-4ff8b14b2076", "type": "Feature", "geometry": {"coordinates": [[[77.1115021858, 28.7166299326], [77.1115420461, 28.7166035285], [77.1115552178, 28.7166188226], [77.1115153576, 28.7166452267], [77.1115021858, 28.7166299326]]], "type": "Polygon"}, "properties": {"name": "OT Nurses", "buildingName": "RGCI", "nodeId": "143e6bf-d157-6344-50e-4ff8b14b2076", "polygonType": "Room", "type": "Room", "walkableType": "non-walkable", "visibilityType": "visible", "directionType": "bidirectional", "tactileAvailibity": "not available", "global": false, "floor": 1}}, {"building_ID": "65d88662db333f894570bad3", "id": "f54c60-2e06-85f2-1771-8a4b0ffc0f4", "type": "Feature", "geometry": {"coordinates": [[[77.1113605263, 28.7169742565], [77.1113879302, 28.7169561038], [77.111412392, 28.7169845071], [77.111384988, 28.7170026599], [77.1113605263, 28.7169742565]]], "type": "Polygon"}, "properties": {"name": "Nuclear Medicine", "buildingName": "RGCI", "nodeId": "f54c60-2e06-85f2-1771-8a4b0ffc0f4", "polygonType": "Room", "type": "Room", "walkableType": "non-walkable", "visibilityType": "visible", "directionType": "bidirectional", "tactileAvailibity": "not available", "fillColor": "undefined", "height": "undefined", "global": false, "floor": 1}}, {"building_ID": "65d88662db333f894570bad3", "id": "e1e5280-1b73-68ab-3c63-ec68c2f300e", "type": "Feature", "geometry": {"coordinates": [[[77.1112982446, 28.7170155129], [77.1113256485, 28.7169973601], [77.1113425836, 28.7170170239], [77.1113151797, 28.7170351767], [77.1112982446, 28.7170155129]]], "type": "Polygon"}, "properties": {"name": "Lift-4", "buildingName": "RGCI", "nodeId": "e1e5280-1b73-68ab-3c63-ec68c2f300e", "polygonType": "Cubicle", "type": "Lift", "walkableType": "non-walkable", "visibilityType": "visible", "directionType": "bidirectional", "tactileAvailibity": "not available", "fillColor": "undefined", "height": "undefined", "global": false, "floor": 1}}, {"building_ID": "65d88662db333f894570bad3", "id": "38f2a1-3bb2-e444-5c8e-1af025bd50ef", "type": "Feature", "geometry": {"coordinates": [[[77.1112314313, 28.7170151638], [77.1111990449, 28.7170366171], [77.1112442051, 28.717089054], [77.1113164518, 28.7170411967], [77.1112712916, 28.7169887598], [77.1112314313, 28.7170151638]]], "type": "Polygon"}, "properties": {"name": "Gamma Camera (Examination)/SPECT-CT - Nuclear Medicine", "buildingName": "RGCI", "nodeId": "38f2a1-3bb2-e444-5c8e-1af025bd50ef", "polygonType": "Room", "type": "Room", "walkableType": "non-walkable", "visibilityType": "visible", "directionType": "bidirectional", "tactileAvailibity": "not available", "global": false, "floor": 1}}, {"building_ID": "65d88662db333f894570bad3", "id": "a1381c6-c5-c18-a5d-51b704b3ad6d", "type": "Feature", "geometry": {"coordinates": [[[77.1114344935, 28.7172100593], [77.1114120721, 28.7172249115], [77.1114628773, 28.7172839031], [77.1115027376, 28.717257499], [77.1114500507, 28.7171963226], [77.1114475594, 28.7171979729], [77.1114983647, 28.7172569644], [77.1114634869, 28.717280068], [77.1114164451, 28.7172254461], [77.1114363752, 28.7172122441], [77.1114344935, 28.7172100593]]], "type": "Polygon"}, "properties": {"name": "undefined", "buildingName": "RGCI", "nodeId": "a1381c6-c5-c18-a5d-51b704b3ad6d", "polygonType": "Cubicle", "type": "Wall", "walkableType": "non-walkable", "visibilityType": "visible", "directionType": "bidirectional", "tactileAvailibity": "not available", "global": false, "floor": 1}}, {"building_ID": "65d88662db333f894570bad3", "id": "128dd4-0c5b-cb2-2018-02a802ce2158", "type": "Feature", "geometry": {"coordinates": [[[77.1112940304, 28.717056049], [77.1112442051, 28.717089054], [77.1112649035, 28.7171130876], [77.1113147288, 28.7170800826], [77.1112940304, 28.717056049]]], "type": "Polygon"}, "properties": {"name": "Dr. PS Chaudhury - Director Nuclear Medicine", "buildingName": "RGCI", "nodeId": "128dd4-0c5b-cb2-2018-02a802ce2158", "polygonType": "Room", "type": "Room", "walkableType": "non-walkable", "visibilityType": "visible", "directionType": "bidirectional", "tactileAvailibity": "not available", "global": false, "floor": 1}}, {"building_ID": "65d88662db333f894570bad3", "id": "637b62f-14c5-dd24-aebf-6273f56e2b", "type": "Feature", "geometry": {"coordinates": [[[77.1115497014, 28.7171303125], [77.1115521926, 28.7171286623], [77.1116048795, 28.7171898387], [77.1115027376, 28.717257499], [77.1115008559, 28.7172553142], [77.1116005066, 28.7171893041], [77.1115497014, 28.7171303125]]], "type": "Polygon"}, "properties": {"name": "undefined", "buildingName": "RGCI", "nodeId": "637b62f-14c5-dd24-aebf-6273f56e2b", "polygonType": "Cubicle", "type": "Wall", "walkableType": "non-walkable", "visibilityType": "visible", "directionType": "bidirectional", "tactileAvailibity": "not available", "global": false, "floor": 1}}, {"building_ID": "65d88662db333f894570bad3", "id": "d3ad48-5c2-366d-da65-5e3ac41abdda", "type": "Feature", "geometry": {"coordinates": [[[77.1109309225, 28.716325513], [77.1109383963, 28.7163205622], [77.1109986099, 28.7163904781], [77.1109911361, 28.7163954289], [77.1109309225, 28.716325513]]], "type": "Polygon"}, "properties": {"name": "undefined", "buildingName": "RGCI", "nodeId": "d3ad48-5c2-366d-da65-5e3ac41abdda", "polygonType": "Cubicle", "type": "Non Walkable Area", "walkableType": "non-walkable", "visibilityType": "visible", "directionType": "bidirectional", "tactileAvailibity": "not available", "global": false, "floor": 1}}, {"building_ID": "65d88662db333f894570bad3", "id": "e66e38a-d78-26ea-86dc-332e4772b76", "type": "Feature", "geometry": {"coordinates": [[[77.1114088126, 28.7171893262], [77.111366461, 28.7172173805], [77.1113777511, 28.7172304897], [77.1114201026, 28.7172024354], [77.1114088126, 28.7171893262]]], "type": "Polygon"}, "properties": {"name": "Male Washroom-1", "buildingName": "RGCI", "nodeId": "e66e38a-d78-26ea-86dc-332e4772b76", "polygonType": "Cubicle", "type": "Male Washroom", "walkableType": "non-walkable", "visibilityType": "visible", "directionType": "bidirectional", "tactileAvailibity": "not available", "fillColor": "undefined", "height": "undefined", "global": false, "floor": 1}}, {"building_ID": "65d88662db333f894570bad3", "id": "1af52ab-8b16-d4bf-731b-64872bb1be0e", "type": "Feature", "geometry": {"coordinates": [[[77.1113719473, 28.7171828643], [77.1113918775, 28.7171696623], [77.1114088126, 28.7171893262], [77.1113888824, 28.7172025282], [77.1113719473, 28.7171828643]]], "type": "Polygon"}, "properties": {"name": "Observation Room", "buildingName": "RGCI", "nodeId": "1af52ab-8b16-d4bf-731b-64872bb1be0e", "polygonType": "Room", "type": "Room", "walkableType": "non-walkable", "visibilityType": "visible", "directionType": "bidirectional", "tactileAvailibity": "not available", "global": false, "floor": 1}}, {"building_ID": "65d88662db333f894570bad3", "id": "d1887b-3641-e673-b505-3ac2eb16f7c2", "type": "Feature", "geometry": {"coordinates": [[[77.1114095556, 28.7170584437], [77.111357239, 28.717093099], [77.1113779375, 28.7171171326], [77.1114302541, 28.7170824773], [77.1114095556, 28.7170584437]]], "type": "Polygon"}, "properties": {"name": "undefined", "buildingName": "RGCI", "nodeId": "d1887b-3641-e673-b505-3ac2eb16f7c2", "polygonType": "Cubicle", "type": "Restricted Area", "walkableType": "non-walkable", "visibilityType": "visible", "directionType": "bidirectional", "tactileAvailibity": "not available", "global": false, "floor": 1}}, {"building_ID": "65d88662db333f894570bad3", "id": "16f707-a216-f8d6-8a88-76d77eebe52", "type": "Feature", "geometry": {"coordinates": [[[77.1114426827, 28.7172286539], [77.1114501565, 28.7172237031], [77.1114727366, 28.7172499216], [77.1114652628, 28.7172548723], [77.1114426827, 28.7172286539]]], "type": "Polygon"}, "properties": {"name": "undefined", "buildingName": "RGCI", "nodeId": "16f707-a216-f8d6-8a88-76d77eebe52", "polygonType": "Cubicle", "type": "Non Walkable", "walkableType": "non-walkable", "visibilityType": "visible", "directionType": "bidirectional", "tactileAvailibity": "not available", "global": false, "floor": 1}}, {"building_ID": "65d88662db333f894570bad3", "id": "bfb0b30-4ef-c011-81b-2b324334f25", "type": "Feature", "geometry": {"coordinates": [[[77.1113869755, 28.7170322252], [77.1113346589, 28.7170668805], [77.1113365406, 28.7170690654], [77.1113888572, 28.7170344101], [77.1113869755, 28.7170322252]]], "type": "Polygon"}, "properties": {"name": "undefined", "buildingName": "RGCI", "nodeId": "bfb0b30-4ef-c011-81b-2b324334f25", "polygonType": "Cubicle", "type": "Wall", "walkableType": "non-walkable", "visibilityType": "visible", "directionType": "bidirectional", "tactileAvailibity": "not available", "global": false, "floor": 1}}, {"building_ID": "65d88662db333f894570bad3", "id": "26a4b62-60f0-48a-27de-ab58085d042", "type": "Feature", "geometry": {"coordinates": [[[77.111357239, 28.717093099], [77.1113346589, 28.7170668805], [77.1113365406, 28.7170690654], [77.1113888572, 28.7170344101], [77.1114095556, 28.7170584437], [77.111357239, 28.717093099]]], "type": "Polygon"}, "properties": {"name": "Waiting Area - Nuclear Medicine", "buildingName": "RGCI", "nodeId": "26a4b62-60f0-48a-27de-ab58085d042", "polygonType": "Room", "type": "Room", "walkableType": "non-walkable", "visibilityType": "visible", "directionType": "bidirectional", "tactileAvailibity": "not available", "global": false, "floor": 1}}, {"building_ID": "65d88662db333f894570bad3", "id": "72efb81-d42f-578-2747-c11da27500c", "type": "Feature", "geometry": {"coordinates": [[[77.1112712916, 28.7169887598], [77.1112314313, 28.7170151638], [77.1112107329, 28.7169911302], [77.1112281718, 28.7169795785], [77.1112262901, 28.7169773936], [77.1112487115, 28.7169625413], [77.1112712916, 28.7169887598]]], "type": "Polygon"}, "properties": {"name": "undefined", "buildingName": "RGCI", "nodeId": "72efb81-d42f-578-2747-c11da27500c", "polygonType": "Cubicle", "type": "Restricted Area", "walkableType": "non-walkable", "visibilityType": "visible", "directionType": "bidirectional", "tactileAvailibity": "not available", "global": false, "floor": 1}}, {"building_ID": "65d88662db333f894570bad3", "id": "3b30372-a40-62-6f31-b3162cfec6b8", "type": "Feature", "geometry": {"coordinates": [[[77.1113147288, 28.7170800826], [77.1112649035, 28.7171130876], [77.1112893653, 28.717141491], [77.1113391906, 28.7171084859], [77.1113147288, 28.7170800826]]], "type": "Polygon"}, "properties": {"name": " 152 - Radio Pharmacy", "buildingName": "RGCI", "nodeId": "3b30372-a40-62-6f31-b3162cfec6b8", "polygonType": "Room", "type": "Room", "walkableType": "non-walkable", "visibilityType": "visible", "directionType": "bidirectional", "tactileAvailibity": "not available", "global": false, "floor": 1}}, {"building_ID": "65d88662db333f894570bad3", "id": "a28da4e-05-61d7-f6-3e5e0c1ff53", "type": "Feature", "geometry": {"coordinates": [[[77.111691837, 28.7169092008], [77.1116569593, 28.7169323043], [77.1116814211, 28.7169607076], [77.1117162988, 28.7169376041], [77.111691837, 28.7169092008]]], "type": "Polygon"}, "properties": {"name": "Nursing Incharge Room", "buildingName": "RGCI", "nodeId": "a28da4e-05-61d7-f6-3e5e0c1ff53", "polygonType": "Room", "type": "Room", "walkableType": "non-walkable", "visibilityType": "visible", "directionType": "bidirectional", "tactileAvailibity": "not available", "global": false, "floor": 1}}, {"building_ID": "65d88662db333f894570bad3", "id": "7da41ab-c26c-2416-1b5-4b7be4284727", "type": "Feature", "geometry": {"coordinates": [[[77.1116053581, 28.716990505], [77.1115489078, 28.7169249588], [77.1114990825, 28.7169579639], [77.1115555328, 28.71702351], [77.1116053581, 28.716990505]]], "type": "Polygon"}, "properties": {"name": "108", "buildingName": "RGCI", "nodeId": "7da41ab-c26c-2416-1b5-4b7be4284727", "polygonType": "Room", "type": "Room", "walkableType": "non-walkable", "visibilityType": "visible", "directionType": "bidirectional", "tactileAvailibity": "not available", "global": false, "floor": 1}}, {"building_ID": "65d88662db333f894570bad3", "id": "b7f3463-6843-7dc7-60d6-0f653b535116", "type": "Feature", "geometry": {"coordinates": [[[77.1115856396, 28.717058468], [77.1116354649, 28.7170254629], [77.1116053581, 28.716990505], [77.1115555328, 28.71702351], [77.1115856396, 28.717058468]]], "type": "Polygon"}, "properties": {"name": "Utility Rooms", "buildingName": "RGCI", "nodeId": "b7f3463-6843-7dc7-60d6-0f653b535116", "polygonType": "Room", "type": "Room", "walkableType": "non-walkable", "visibilityType": "visible", "directionType": "bidirectional", "tactileAvailibity": "not available", "global": false, "floor": 1}}, {"building_ID": "65d88662db333f894570bad3", "id": "08e6ad1-128-c753-0d5d-4fed5d45e76", "type": "Feature", "geometry": {"coordinates": [[[77.1117162988, 28.7169376041], [77.1117351155, 28.7169594528], [77.1117369972, 28.7169616377], [77.1117021195, 28.7169847412], [77.1116814211, 28.7169607076], [77.1117162988, 28.7169376041]]], "type": "Polygon"}, "properties": {"name": "Nurse station", "buildingName": "RGCI", "nodeId": "08e6ad1-128-c753-0d5d-4fed5d45e76", "polygonType": "Room", "type": "Room", "walkableType": "non-walkable", "visibilityType": "visible", "directionType": "bidirectional", "tactileAvailibity": "not available", "global": false, "floor": 1}}, {"building_ID": "65d88662db333f894570bad3", "id": "28b57c4-bdff-11c8-a23c-271a47e1a6", "type": "Feature", "geometry": {"coordinates": [[[77.1112549661, 28.7169652608], [77.1112493211, 28.7169587062], [77.1112219171, 28.716976859], [77.1112237988, 28.7169790438], [77.1112063599, 28.7169905956], [77.1112270584, 28.7170146292], [77.1111946719, 28.7170360825], [77.1113583776, 28.7172261663], [77.1113658514, 28.7172212156], [77.1113865499, 28.7172452492], [77.1114139538, 28.7172270964], [77.1114120721, 28.7172249115], [77.1113871594, 28.7172414141], [77.111366461, 28.7172173805], [77.1113589872, 28.7172223312], [77.1111990449, 28.7170366171], [77.1112314313, 28.7170151638], [77.1112107329, 28.7169911302], [77.1112281718, 28.7169795785], [77.1112262901, 28.7169773936], [77.1112487115, 28.7169625413], [77.1112524748, 28.716966911], [77.1112549661, 28.7169652608]]], "type": "Polygon"}, "properties": {"name": "undefined", "buildingName": "RGCI", "nodeId": "28b57c4-bdff-11c8-a23c-271a47e1a6", "polygonType": "Cubicle", "type": "Wall", "walkableType": "non-walkable", "visibilityType": "visible", "directionType": "bidirectional", "tactileAvailibity": "not available", "global": false, "floor": 1}}, {"building_ID": "65d88662db333f894570bad3", "id": "cfcf0d-aca-54f4-8b1d-f7f140d6e14d", "type": "Feature", "geometry": {"coordinates": [[[77.1114001774, 28.7165705456], [77.1114697994, 28.7166513859], [77.1113203234, 28.716750401], [77.1114802658, 28.7169361151], [77.1114777745, 28.7169377654], [77.1113159504, 28.7167498664], [77.1114654264, 28.7166508512], [77.1113976861, 28.7165721958], [77.1114001774, 28.7165705456]]], "type": "Polygon"}, "properties": {"name": "undefined", "buildingName": "RGCI", "nodeId": "cfcf0d-aca-54f4-8b1d-f7f140d6e14d", "polygonType": "Cubicle", "type": "Wall", "walkableType": "non-walkable", "visibilityType": "visible", "directionType": "bidirectional", "tactileAvailibity": "not available", "global": false, "floor": 1}}, {"building_ID": "65d88662db333f894570bad3", "id": "f354b7-25d2-202a-71-45b3b5d6eb", "type": "Feature", "geometry": {"coordinates": [[[77.1114118076, 28.7171564603], [77.1114641242, 28.717121805], [77.1114810593, 28.7171414688], [77.1114287427, 28.7171761241], [77.1114118076, 28.7171564603]]], "type": "Polygon"}, "properties": {"name": "CT Scan-1", "buildingName": "RGCI", "nodeId": "f354b7-25d2-202a-71-45b3b5d6eb", "polygonType": "Room", "type": "Room", "walkableType": "non-walkable", "visibilityType": "visible", "directionType": "bidirectional", "tactileAvailibity": "not available", "global": false, "floor": 1}}, {"building_ID": "65d88662db333f894570bad3", "id": "b1ca318-eeb1-d87-f63-03dae36f663b", "type": "Feature", "geometry": {"coordinates": [[[77.1113777511, 28.7172304897], [77.1114201026, 28.7172024354], [77.111429511, 28.7172133598], [77.1113871594, 28.7172414141], [77.1113777511, 28.7172304897]]], "type": "Polygon"}, "properties": {"name": "Female Washroom-1", "buildingName": "RGCI", "nodeId": "b1ca318-eeb1-d87-f63-03dae36f663b", "polygonType": "Cubicle", "type": "Female Washroom", "walkableType": "non-walkable", "visibilityType": "visible", "directionType": "bidirectional", "tactileAvailibity": "not available", "fillColor": "undefined", "height": "undefined", "global": false, "floor": 1}}, {"building_ID": "65d88662db333f894570bad3", "id": "b5d71be-566b-ad2d-545b-a3871fb47426", "type": "Feature", "geometry": {"coordinates": [[[77.1118286703, 28.716931794], [77.1118681855, 28.7169776763], [77.1118158689, 28.7170123316], [77.1117895254, 28.7169817434], [77.1117920167, 28.7169800931], [77.1118164785, 28.7170084965], [77.1118638125, 28.7169771417], [77.111826179, 28.7169334442], [77.1118286703, 28.716931794]]], "type": "Polygon"}, "properties": {"name": "undefined", "buildingName": "RGCI", "nodeId": "b5d71be-566b-ad2d-545b-a3871fb47426", "polygonType": "Cubicle", "type": "Wall", "walkableType": "non-walkable", "visibilityType": "visible", "directionType": "bidirectional", "tactileAvailibity": "not available", "global": false, "floor": 1}}, {"building_ID": "65d88662db333f894570bad3", "id": "8506751-826a-e41-ae7-0aed8047de", "type": "Feature", "geometry": {"coordinates": [[[77.1107717736, 28.7163451526], [77.1108016688, 28.7163253495], [77.1108035505, 28.7163275344], [77.1107736553, 28.7163473374], [77.1107717736, 28.7163451526]]], "type": "Polygon"}, "properties": {"name": "undefined", "buildingName": "RGCI", "nodeId": "8506751-826a-e41-ae7-0aed8047de", "polygonType": "Cubicle", "type": "Wall", "walkableType": "non-walkable", "visibilityType": "visible", "directionType": "bidirectional", "tactileAvailibity": "not available", "global": false, "floor": 1}}, {"building_ID": "65d88662db333f894570bad3", "id": "778e78c-b16b-887e-c06-d884e0c7cfa", "type": "Feature", "geometry": {"coordinates": [[[77.1108573508, 28.7163536601], [77.1108968659, 28.7163995424], [77.1108943747, 28.7164011926], [77.1108548595, 28.7163553103], [77.1108573508, 28.7163536601]]], "type": "Polygon"}, "properties": {"name": "undefined", "buildingName": "RGCI", "nodeId": "778e78c-b16b-887e-c06-d884e0c7cfa", "polygonType": "Cubicle", "type": "Wall", "walkableType": "non-walkable", "visibilityType": "visible", "directionType": "bidirectional", "tactileAvailibity": "not available", "global": false, "floor": 1}}, {"building_ID": "65d88662db333f894570bad3", "id": "464318-e1ac-57c6-1cf3-66816ae33710", "type": "Feature", "geometry": {"coordinates": [[[77.1113074211, 28.7161584663], [77.1111305437, 28.7159530883], [77.1110906834, 28.7159794924], [77.1111414886, 28.7160384839], [77.1111813489, 28.7160120799], [77.1111832306, 28.7160142648], [77.1111433703, 28.7160406688], [77.111140879, 28.7160423191], [77.1110863105, 28.7159789578], [77.1111311532, 28.7159492532], [77.1113099124, 28.7161568161], [77.1113074211, 28.7161584663]]], "type": "Polygon"}, "properties": {"name": "undefined", "buildingName": "RGCI", "nodeId": "464318-e1ac-57c6-1cf3-66816ae33710", "polygonType": "Cubicle", "type": "Wall", "walkableType": "non-walkable", "visibilityType": "visible", "directionType": "bidirectional", "tactileAvailibity": "not available", "global": false, "floor": 1}}, {"building_ID": "65d88662db333f894570bad3", "id": "2d2a13-c828-f6d0-8d4-52ea776d4675", "type": "Feature", "geometry": {"coordinates": [[[77.1107601662, 28.7162499019], [77.1107375861, 28.7162236834], [77.1107624987, 28.7162071809], [77.1107850788, 28.7162333993], [77.1107601662, 28.7162499019]]], "type": "Polygon"}, "properties": {"name": "undefined", "buildingName": "RGCI", "nodeId": "2d2a13-c828-f6d0-8d4-52ea776d4675", "polygonType": "Cubicle", "type": "Restricted Area", "walkableType": "non-walkable", "visibilityType": "visible", "directionType": "bidirectional", "tactileAvailibity": "not available", "global": false, "floor": 1}}, {"building_ID": "65d88662db333f894570bad3", "id": "48118aa-3253-e87e-5366-3478b070f7", "type": "Feature", "geometry": {"coordinates": [[[77.110838534, 28.7163318114], [77.1107712698, 28.7163763682], [77.110741163, 28.7163414102], [77.1107586019, 28.7163298585], [77.1107416668, 28.7163101946], [77.1107441581, 28.7163085444], [77.1107610932, 28.7163282082], [77.1108084272, 28.7162968534], [77.1108103089, 28.7162990383], [77.110745536, 28.7163419449], [77.1107718794, 28.7163725331], [77.1108366523, 28.7163296265], [77.110838534, 28.7163318114]]], "type": "Polygon"}, "properties": {"name": "undefined", "buildingName": "RGCI", "nodeId": "48118aa-3253-e87e-5366-3478b070f7", "polygonType": "Cubicle", "type": "Wall", "walkableType": "non-walkable", "visibilityType": "visible", "directionType": "bidirectional", "tactileAvailibity": "not available", "global": false, "floor": 1}}, {"building_ID": "65d88662db333f894570bad3", "id": "88eec2c-5068-4d26-f832-bb53f6bb46d", "type": "Feature", "geometry": {"coordinates": [[[77.1113286688, 28.7171326123], [77.111348599, 28.7171194103], [77.1113692974, 28.7171434439], [77.1113493672, 28.7171566459], [77.1113286688, 28.7171326123]]], "type": "Polygon"}, "properties": {"name": "Legal Consultant ", "buildingName": "RGCI", "nodeId": "88eec2c-5068-4d26-f832-bb53f6bb46d", "polygonType": "Room", "type": "Room", "walkableType": "non-walkable", "visibilityType": "visible", "directionType": "bidirectional", "tactileAvailibity": "not available", "global": false, "floor": 1}}, {"building_ID": "65d88662db333f894570bad3", "id": "b2550d-a8a7-108-05b-f067fb3de6", "type": "Feature", "geometry": {"coordinates": [[[77.1109911613, 28.716563547], [77.1110185652, 28.7165453942], [77.1110336186, 28.7165628732], [77.1110062147, 28.716581026], [77.1109911613, 28.716563547]]], "type": "Polygon"}, "properties": {"name": "Lift-7", "buildingName": "RGCI", "nodeId": "b2550d-a8a7-108-05b-f067fb3de6", "polygonType": "Cubicle", "type": "Lift", "walkableType": "non-walkable", "visibilityType": "visible", "directionType": "bidirectional", "tactileAvailibity": "not available", "fillColor": "undefined", "height": "undefined", "global": false, "floor": 1}}, {"building_ID": "65d88662db333f894570bad3", "id": "d00886-3128-c731-14f-71c7371241", "type": "Feature", "geometry": {"coordinates": [[[77.1109393485, 28.7165669867], [77.1109742262, 28.7165438831], [77.1110062147, 28.716581026], [77.1110336186, 28.7165628732], [77.1110505537, 28.716582537], [77.110988272, 28.7166237933], [77.1109393485, 28.7165669867]]], "type": "Polygon"}, "properties": {"name": "undefined", "buildingName": "RGCI", "nodeId": "d00886-3128-c731-14f-71c7371241", "polygonType": "Cubicle", "type": "Restricted Area", "walkableType": "non-walkable", "visibilityType": "visible", "directionType": "bidirectional", "tactileAvailibity": "not available", "global": false, "floor": 1}}, {"building_ID": "65d88662db333f894570bad3", "id": "6cfcc76-c5cd-2861-ff55-2aa445c30671", "type": "Feature", "geometry": {"coordinates": [[[77.1108103089, 28.7162990383], [77.1108234806, 28.7163143324], [77.1108209894, 28.7163159826], [77.1108078176, 28.7163006885], [77.1108103089, 28.7162990383]]], "type": "Polygon"}, "properties": {"name": "undefined", "buildingName": "RGCI", "nodeId": "6cfcc76-c5cd-2861-ff55-2aa445c30671", "polygonType": "Cubicle", "type": "Wall", "walkableType": "non-walkable", "visibilityType": "visible", "directionType": "bidirectional", "tactileAvailibity": "not available", "global": false, "floor": 1}}, {"building_ID": "65d88662db333f894570bad3", "id": "f7e4ba1-d00c-e28b-683c-fac8c74738", "type": "Feature", "geometry": {"coordinates": [[[77.1109037831, 28.716412117], [77.110973405, 28.7164929573], [77.1109086321, 28.7165358638], [77.1109537923, 28.7165883008], [77.1109562836, 28.7165866505], [77.1109393485, 28.7165669867], [77.1110041214, 28.7165240801], [77.1109909497, 28.716508786], [77.1109884584, 28.7165104363], [77.1109997485, 28.7165235455], [77.1109374668, 28.7165648018], [77.110913005, 28.7165363985], [77.110977778, 28.7164934919], [77.1109062743, 28.7164104668], [77.1109037831, 28.716412117]]], "type": "Polygon"}, "properties": {"name": "undefined", "buildingName": "RGCI", "nodeId": "f7e4ba1-d00c-e28b-683c-fac8c74738", "polygonType": "Cubicle", "type": "Wall", "walkableType": "non-walkable", "visibilityType": "visible", "directionType": "bidirectional", "tactileAvailibity": "not available", "global": false, "floor": 1}}, {"building_ID": "65d88662db333f894570bad3", "id": "70f00d8-28f-30fc-e2a-eaf030060c2", "type": "Feature", "geometry": {"coordinates": [[[77.1108249643, 28.7163751134], [77.110838136, 28.7163904075], [77.1108556278, 28.716392546], [77.1108755579, 28.7163793439], [77.1108548595, 28.7163553103], [77.1108249643, 28.7163751134]]], "type": "Polygon"}, "properties": {"name": " 2155 - Tobacco Cessation Clinic", "buildingName": "RGCI", "nodeId": "70f00d8-28f-30fc-e2a-eaf030060c2", "polygonType": "Room", "type": "Room", "walkableType": "non-walkable", "visibilityType": "visible", "directionType": "bidirectional", "tactileAvailibity": "not available", "global": false, "floor": 1}}, {"building_ID": "65d88662db333f894570bad3", "id": "0c0a66-3dca-f0f7-e31e-65842234d17", "type": "Feature", "geometry": {"coordinates": [[[77.1107925778, 28.7163965667], [77.1108151579, 28.7164227851], [77.1108450531, 28.7164029821], [77.110853799, 28.7164040513], [77.1108556278, 28.716392546], [77.110838136, 28.7163904075], [77.1108249643, 28.7163751134], [77.1107925778, 28.7163965667]]], "type": "Polygon"}, "properties": {"name": "2156 - Pain Clinic - Dr. Kinshuki Jain", "buildingName": "RGCI", "nodeId": "0c0a66-3dca-f0f7-e31e-65842234d17", "polygonType": "Room", "type": "Room", "walkableType": "non-walkable", "visibilityType": "visible", "directionType": "bidirectional", "tactileAvailibity": "not available", "fillColor": "undefined", "height": "undefined", "global": false, "floor": 1}}, {"building_ID": "65d88662db333f894570bad3", "id": "7c71878-552-0e43-aa54-3c234ea3d2f", "type": "Feature", "geometry": {"coordinates": [[[77.1110469792, 28.7161422643], [77.1110356891, 28.716129155], [77.1110630931, 28.7161110023], [77.1110743831, 28.7161241115], [77.1110469792, 28.7161422643]]], "type": "Polygon"}, "properties": {"name": "Counter B", "buildingName": "RGCI", "nodeId": "7c71878-552-0e43-aa54-3c234ea3d2f", "polygonType": "Room", "type": "Room", "walkableType": "non-walkable", "visibilityType": "visible", "directionType": "bidirectional", "tactileAvailibity": "not available", "global": false, "floor": 1}}, {"building_ID": "65d88662db333f894570bad3", "id": "e533e75-f71-3468-7cb8-5ea3042c8d", "type": "Feature", "geometry": {"coordinates": [[[77.111129191, 28.7160878059], [77.1111084926, 28.7160637723], [77.1111234402, 28.7160538708], [77.1111441386, 28.7160779044], [77.111129191, 28.7160878059]]], "type": "Polygon"}, "properties": {"name": "Utility Room", "buildingName": "RGCI", "nodeId": "e533e75-f71-3468-7cb8-5ea3042c8d", "polygonType": "Room", "type": "Room", "walkableType": "non-walkable", "visibilityType": "visible", "directionType": "bidirectional", "tactileAvailibity": "not available", "global": false, "floor": 1}}, {"building_ID": "65d88662db333f894570bad3", "id": "2b7b02-1d1f-b008-0866-af80020e536", "type": "Feature", "geometry": {"coordinates": [[[77.1111694216, 28.7161572336], [77.1111882383, 28.7161790823], [77.111175782, 28.7161873336], [77.1111569652, 28.7161654849], [77.1111694216, 28.7161572336]]], "type": "Polygon"}, "properties": {"name": "Counter-C", "buildingName": "RGCI", "nodeId": "2b7b02-1d1f-b008-0866-af80020e536", "polygonType": "Room", "type": "Room", "walkableType": "non-walkable", "visibilityType": "visible", "directionType": "bidirectional", "tactileAvailibity": "not available", "global": false, "floor": 1}}, {"building_ID": "65d88662db333f894570bad3", "id": "be760f4-8cb-387b-03e4-eda67e81a3cd", "type": "Feature", "geometry": {"coordinates": [[[77.1111084926, 28.7160637723], [77.1111234402, 28.7160538708], [77.1111121501, 28.7160407616], [77.1110972025, 28.7160506631], [77.1111084926, 28.7160637723]]], "type": "Polygon"}, "properties": {"name": "Staff Toilet", "buildingName": "RGCI", "nodeId": "be760f4-8cb-387b-03e4-eda67e81a3cd", "polygonType": "Room", "type": "Room", "walkableType": "non-walkable", "visibilityType": "visible", "directionType": "bidirectional", "tactileAvailibity": "not available", "global": false, "floor": 1}}, {"building_ID": "65d88662db333f894570bad3", "id": "1a75384-d515-c540-800-da1e23cb15f", "type": "Feature", "geometry": {"coordinates": [[[77.1109675509, 28.7161090958], [77.1109376557, 28.7161288988], [77.1109169572, 28.7161048652], [77.1109468524, 28.7160850622], [77.1109675509, 28.7161090958]]], "type": "Polygon"}, "properties": {"name": "3159 - Radiation Oncology Unit D - Dr. Jaskaran S. Sethi", "buildingName": "RGCI", "nodeId": "1a75384-d515-c540-800-da1e23cb15f", "polygonType": "Room", "type": "Room", "walkableType": "non-walkable", "visibilityType": "visible", "directionType": "bidirectional", "tactileAvailibity": "not available", "fillColor": "undefined", "height": "undefined", "global": false, "floor": 1}}, {"building_ID": "65d88662db333f894570bad3", "id": "ebc0d5-3bc1-3111-3046-d23b36d3abf", "type": "Feature", "geometry": {"coordinates": [[[77.1109246426, 28.7161546754], [77.1109146776, 28.7161612764], [77.110935376, 28.71618531], [77.1109453411, 28.716178709], [77.1109246426, 28.7161546754]]], "type": "Polygon"}, "properties": {"name": "Counter A", "buildingName": "RGCI", "nodeId": "ebc0d5-3bc1-3111-3046-d23b36d3abf", "polygonType": "Room", "type": "Room", "walkableType": "non-walkable", "visibilityType": "visible", "directionType": "bidirectional", "tactileAvailibity": "not available", "global": false, "floor": 1}}, {"building_ID": "65d88662db333f894570bad3", "id": "ae55284-45a6-c151-f5ab-c7deff6561b4", "type": "Feature", "geometry": {"coordinates": [[[77.1110182478, 28.7164632527], [77.1110822248, 28.7165375384], [77.1111793842, 28.7164731785], [77.1111361056, 28.7164229265], [77.1111087017, 28.7164410792], [77.1110880033, 28.7164170457], [77.1110182478, 28.7164632527]]], "type": "Polygon"}, "properties": {"name": "2153/B - Cath Lab", "buildingName": "RGCI", "nodeId": "ae55284-45a6-c151-f5ab-c7deff6561b4", "polygonType": "Room", "type": "Room", "walkableType": "non-walkable", "visibilityType": "visible", "directionType": "bidirectional", "tactileAvailibity": "not available", "fillColor": "undefined", "height": "undefined", "global": false, "floor": 1}}, {"building_ID": "65d88662db333f894570bad3", "id": "a1aea-d064-4e87-8a05-33c03edddbe0", "type": "Feature", "geometry": {"coordinates": [[[77.1108571668, 28.7161444713], [77.110887062, 28.7161246682], [77.1109077605, 28.7161487018], [77.1108778653, 28.7161685049], [77.1108571668, 28.7161444713]]], "type": "Polygon"}, "properties": {"name": "3154", "buildingName": "RGCI", "nodeId": "a1aea-d064-4e87-8a05-33c03edddbe0", "polygonType": "Room", "type": "Room", "walkableType": "non-walkable", "visibilityType": "visible", "directionType": "bidirectional", "tactileAvailibity": "not available", "global": false, "floor": 1}}, {"building_ID": "65d88662db333f894570bad3", "id": "03d4541-ec54-b747-f08d-ba56781453e8", "type": "Feature", "geometry": {"coordinates": [[[77.110887062, 28.7161246682], [77.1109077605, 28.7161487018], [77.1109189976, 28.7161481208], [77.110941419, 28.7161332685], [77.1109169572, 28.7161048652], [77.110887062, 28.7161246682]]], "type": "Polygon"}, "properties": {"name": "3156 - Radiation Oncology Unit C - Dr. Kundan S. Chauffal", "buildingName": "RGCI", "nodeId": "03d4541-ec54-b747-f08d-ba56781453e8", "polygonType": "Room", "type": "Room", "walkableType": "non-walkable", "visibilityType": "visible", "directionType": "bidirectional", "tactileAvailibity": "not available", "fillColor": "undefined", "height": "undefined", "global": false, "floor": 1}}, {"building_ID": "65d88662db333f894570bad3", "id": "5400383-bdea-301c-6b1a-11c3fe04f5a5", "type": "Feature", "geometry": {"coordinates": [[[77.1108218382, 28.7162124807], [77.1108467509, 28.7161959781], [77.1108712127, 28.7162243815], [77.1108463, 28.716240884], [77.1108218382, 28.7162124807]]], "type": "Polygon"}, "properties": {"name": "3152 - Medical Oncology Unit 5 - Dr. Ullas Batra, Dr. Mansi, Dr. Amrit, Dr. Abhinav", "buildingName": "RGCI", "nodeId": "5400383-bdea-301c-6b1a-11c3fe04f5a5", "polygonType": "Room", "type": "Room", "walkableType": "non-walkable", "visibilityType": "visible", "directionType": "bidirectional", "tactileAvailibity": "not available", "fillColor": "undefined", "height": "undefined", "global": false, "floor": 1}}, {"building_ID": "65d88662db333f894570bad3", "id": "a83f0bc-6b08-711e-d22b-2f50a02bcfac", "type": "Feature", "geometry": {"coordinates": [[[77.1109730876, 28.7164108158], [77.110995509, 28.7163959635], [77.1110180891, 28.716422182], [77.1109956677, 28.7164370343], [77.1109730876, 28.7164108158]]], "type": "Polygon"}, "properties": {"name": "2153/D - OPG", "buildingName": "RGCI", "nodeId": "a83f0bc-6b08-711e-d22b-2f50a02bcfac", "polygonType": "Room", "type": "Room", "walkableType": "non-walkable", "visibilityType": "visible", "directionType": "bidirectional", "tactileAvailibity": "not available", "global": false, "floor": 1}}, {"building_ID": "65d88662db333f894570bad3", "id": "ed5d5-a64e-8a40-767-3caac8463534", "type": "Feature", "geometry": {"coordinates": [[[77.1110990565, 28.7162072758], [77.1110896481, 28.7161963515], [77.1109401721, 28.7162953666], [77.1110380192, 28.71640898], [77.1110405105, 28.7164073297], [77.1109445451, 28.7162959012], [77.1110890385, 28.7162001866], [77.1110965652, 28.7162089261], [77.1110990565, 28.7162072758]]], "type": "Polygon"}, "properties": {"name": "undefined", "buildingName": "RGCI", "nodeId": "ed5d5-a64e-8a40-767-3caac8463534", "polygonType": "Cubicle", "type": "Wall", "walkableType": "non-walkable", "visibilityType": "visible", "directionType": "bidirectional", "tactileAvailibity": "not available", "global": false, "floor": 1}}, {"building_ID": "65d88662db333f894570bad3", "id": "3dc882-ff24-866e-fe70-5415e47d87b", "type": "Feature", "geometry": {"coordinates": [[[77.1109602358, 28.7161551173], [77.1109378144, 28.7161699695], [77.1109622761, 28.7161983729], [77.1109846975, 28.7161835206], [77.1109602358, 28.7161551173]]], "type": "Polygon"}, "properties": {"name": "undefined", "buildingName": "RGCI", "nodeId": "3dc882-ff24-866e-fe70-5415e47d87b", "polygonType": "Cubicle", "type": "Restricted Area", "walkableType": "non-walkable", "visibilityType": "visible", "directionType": "bidirectional", "tactileAvailibity": "not available", "global": false, "floor": 1}}, {"building_ID": "65d88662db333f894570bad3", "id": "36631e-c8a-e68f-f82e-be15c1ceaee6", "type": "Feature", "geometry": {"coordinates": [[[77.1108333399, 28.7162803509], [77.1108582525, 28.7162638484], [77.1108714243, 28.7162791425], [77.1108465116, 28.716295645], [77.1108333399, 28.7162803509]]], "type": "Polygon"}, "properties": {"name": "undefined", "buildingName": "RGCI", "nodeId": "36631e-c8a-e68f-f82e-be15c1ceaee6", "polygonType": "Cubicle", "type": "Lift-12", "walkableType": "non-walkable", "visibilityType": "visible", "directionType": "bidirectional", "tactileAvailibity": "not available", "global": false, "floor": 1}}, {"building_ID": "65d88662db333f894570bad3", "id": "1bba833-a6a-7215-d4a4-67130340116", "type": "Feature", "geometry": {"coordinates": [[[77.1110405105, 28.7164073297], [77.111082862, 28.7163792754], [77.1111073238, 28.7164076788], [77.1110550072, 28.7164423341], [77.1110531255, 28.7164401492], [77.1110581081, 28.7164368487], [77.111035528, 28.7164106302], [77.1110380192, 28.71640898], [77.1110605993, 28.7164351984], [77.1111029509, 28.7164071441], [77.1110822524, 28.7163831105], [77.1110423922, 28.7164095146], [77.1110405105, 28.7164073297]]], "type": "Polygon"}, "properties": {"name": "undefined", "buildingName": "RGCI", "nodeId": "1bba833-a6a-7215-d4a4-67130340116", "polygonType": "Cubicle", "type": "Wall", "walkableType": "non-walkable", "visibilityType": "visible", "directionType": "bidirectional", "tactileAvailibity": "not available", "global": false, "floor": 1}}, {"building_ID": "65d88662db333f894570bad3", "id": "4a70f0-8448-d40-1ef7-03e440d12ee7", "type": "Feature", "geometry": {"coordinates": [[[77.1108175182, 28.7162256363], [77.1108156365, 28.7162234514], [77.1108137548, 28.7162212665], [77.1107888422, 28.7162377691], [77.1107624987, 28.7162071809], [77.1107973765, 28.7161840773], [77.1108274833, 28.7162190353], [77.1108175182, 28.7162256363]]], "type": "Polygon"}, "properties": {"name": "Male Washroom-3", "buildingName": "RGCI", "nodeId": "4a70f0-8448-d40-1ef7-03e440d12ee7", "polygonType": "Cubicle", "type": "Male Washroom", "walkableType": "non-walkable", "visibilityType": "visible", "directionType": "bidirectional", "tactileAvailibity": "not available", "fillColor": "undefined", "height": "undefined", "global": false, "floor": 1}}, {"building_ID": "65d88662db333f894570bad3", "id": "2d56521-687-a4b-7551-67b0ee48d22e", "type": "Feature", "geometry": {"coordinates": [[[77.1107737611, 28.7163747179], [77.1107925778, 28.7163965667], [77.1108573508, 28.7163536601], [77.110838534, 28.7163318114], [77.1107737611, 28.7163747179]]], "type": "Polygon"}, "properties": {"name": "2154 - Sample Collection", "buildingName": "RGCI", "nodeId": "2d56521-687-a4b-7551-67b0ee48d22e", "polygonType": "Room", "type": "Room", "walkableType": "non-walkable", "visibilityType": "visible", "directionType": "bidirectional", "tactileAvailibity": "not available", "global": false, "floor": 1}}, {"building_ID": "65d88662db333f894570bad3", "id": "dd28340-011b-16d-cdb-304b57ebf548", "type": "Feature", "geometry": {"coordinates": [[[77.1108885433, 28.7165079951], [77.1109184385, 28.7164881921], [77.1109196576, 28.7164805218], [77.1109327765, 28.7164821257], [77.1109303381, 28.7164974662], [77.1109435098, 28.7165127603], [77.1109111234, 28.7165342136], [77.1108885433, 28.7165079951]]], "type": "Polygon"}, "properties": {"name": "2160 - PFT Room", "buildingName": "RGCI", "nodeId": "dd28340-011b-16d-cdb-304b57ebf548", "polygonType": "Room", "type": "Room", "walkableType": "non-walkable", "visibilityType": "visible", "directionType": "bidirectional", "tactileAvailibity": "not available", "global": false, "floor": 1}}, {"building_ID": "65d88662db333f894570bad3", "id": "5b43dfe-cab1-011b-fa77-850488ba0a", "type": "Feature", "geometry": {"coordinates": [[[77.1109882997, 28.7164693655], [77.1109982648, 28.7164627645], [77.1110057915, 28.716471504], [77.1109958264, 28.716478105], [77.1109882997, 28.7164693655]]], "type": "Polygon"}, "properties": {"name": "Cath Lab Reception ", "buildingName": "RGCI", "nodeId": "5b43dfe-cab1-011b-fa77-850488ba0a", "polygonType": "Room", "type": "Room", "walkableType": "non-walkable", "visibilityType": "visible", "directionType": "bidirectional", "tactileAvailibity": "not available", "global": false, "floor": 1}}, {"building_ID": "65d88662db333f894570bad3", "id": "23d371c-2e3b-bfcb-8fce-6cfebdf4443", "type": "Feature", "geometry": {"coordinates": [[[77.1109327765, 28.7164821257], [77.1109303381, 28.7164974662], [77.1109435098, 28.7165127603], [77.110973405, 28.7164929573], [77.1109527066, 28.7164689237], [77.1109327765, 28.7164821257]]], "type": "Polygon"}, "properties": {"name": "2161 - ECG Room", "buildingName": "RGCI", "nodeId": "23d371c-2e3b-bfcb-8fce-6cfebdf4443", "polygonType": "Room", "type": "Room", "walkableType": "non-walkable", "visibilityType": "visible", "directionType": "bidirectional", "tactileAvailibity": "not available", "global": false, "floor": 1}}, {"building_ID": "65d88662db333f894570bad3", "id": "11c666-ac1b-7ed5-4522-8fc151775225", "type": "Feature", "geometry": {"coordinates": [[[77.1112590795, 28.7162522524], [77.1112609611, 28.7162544372], [77.1111812406, 28.7163072453], [77.1110965652, 28.7162089261], [77.1110990565, 28.7162072758], [77.1111818502, 28.7163034102], [77.1112590795, 28.7162522524]]], "type": "Polygon"}, "properties": {"name": "undefined", "buildingName": "RGCI", "nodeId": "11c666-ac1b-7ed5-4522-8fc151775225", "polygonType": "Cubicle", "type": "Wall", "walkableType": "non-walkable", "visibilityType": "visible", "directionType": "bidirectional", "tactileAvailibity": "not available", "global": false, "floor": 1}}, {"building_ID": "65d88662db333f894570bad3", "id": "0531e61-35e4-eb8-a7f2-d11d1a8c52f6", "type": "Feature", "geometry": {"coordinates": [[[77.1109742262, 28.7165438831], [77.1110016301, 28.7165257304], [77.1110185652, 28.7165453942], [77.1109911613, 28.716563547], [77.1109742262, 28.7165438831]]], "type": "Polygon"}, "properties": {"name": "Lift-8", "buildingName": "RGCI", "nodeId": "0531e61-35e4-eb8-a7f2-d11d1a8c52f6", "polygonType": "Cubicle", "type": "Lift", "walkableType": "non-walkable", "visibilityType": "visible", "directionType": "bidirectional", "tactileAvailibity": "not available", "fillColor": "undefined", "height": "undefined", "global": false, "floor": 1}}, {"building_ID": "65d88662db333f894570bad3", "id": "c8dc7f-ee27-bdaf-4a0a-23f36d510c72", "type": "Feature", "geometry": {"coordinates": [[[77.1109393485, 28.7165669867], [77.1109742262, 28.7165438831], [77.1110062147, 28.716581026], [77.1110336186, 28.7165628732], [77.1110505537, 28.716582537], [77.110988272, 28.7166237933], [77.1109393485, 28.7165669867]]], "type": "Polygon"}, "properties": {"name": "undefined", "buildingName": "RGCI", "nodeId": "c8dc7f-ee27-bdaf-4a0a-23f36d510c72", "polygonType": "Cubicle", "type": "Restricted Area", "walkableType": "non-walkable", "visibilityType": "visible", "directionType": "bidirectional", "tactileAvailibity": "not available", "global": false, "floor": 1}}, {"building_ID": "65d88662db333f894570bad3", "id": "503c308-a630-2ba5-eaa2-24f4311dcfa", "type": "Feature", "geometry": {"coordinates": [[[77.1109958264, 28.716478105], [77.1110182478, 28.7164632527], [77.1110445913, 28.7164938409], [77.1110221699, 28.7165086932], [77.1109958264, 28.716478105]]], "type": "Polygon"}, "properties": {"name": "2153/A - Ultrasound", "buildingName": "RGCI", "nodeId": "503c308-a630-2ba5-eaa2-24f4311dcfa", "polygonType": "Room", "type": "Room", "walkableType": "non-walkable", "visibilityType": "visible", "directionType": "bidirectional", "tactileAvailibity": "not available", "global": false, "floor": 1}}, {"building_ID": "65d88662db333f894570bad3", "id": "aea325c-db7c-63-8a0-c10d71ef14", "type": "Feature", "geometry": {"coordinates": [[[77.110995509, 28.7163959635], [77.1110154391, 28.7163827615], [77.1110380192, 28.71640898], [77.1110180891, 28.716422182], [77.110995509, 28.7163959635]]], "type": "Polygon"}, "properties": {"name": "2153/C", "buildingName": "RGCI", "nodeId": "aea325c-db7c-63-8a0-c10d71ef14", "polygonType": "Room", "type": "Room", "walkableType": "non-walkable", "visibilityType": "visible", "directionType": "bidirectional", "tactileAvailibity": "not available", "global": false, "floor": 1}}, {"building_ID": "65d88662db333f894570bad3", "id": "41006a-4ebc-502f-32a-d504b3561eb1", "type": "Feature", "geometry": {"coordinates": [[[77.1111095783, 28.7161831494], [77.1111246317, 28.7162006284], [77.1111047015, 28.7162138304], [77.1110896481, 28.7161963515], [77.1111095783, 28.7161831494]]], "type": "Polygon"}, "properties": {"name": "Pre Anesthesia Registration", "buildingName": "RGCI", "nodeId": "41006a-4ebc-502f-32a-d504b3561eb1", "polygonType": "Room", "type": "Room", "walkableType": "non-walkable", "visibilityType": "visible", "directionType": "bidirectional", "tactileAvailibity": "not available", "global": false, "floor": 1}}, {"building_ID": "65d88662db333f894570bad3", "id": "78a3ebe-0d4b-de1f-331b-4332fb53ea5", "type": "Feature", "geometry": {"coordinates": [[[77.1110221699, 28.7165086932], [77.1110445913, 28.7164938409], [77.111063408, 28.7165156897], [77.1110409866, 28.7165305419], [77.1110221699, 28.7165086932]]], "type": "Polygon"}, "properties": {"name": "Dr. Abhay Kapoor - Interventional Oncology", "buildingName": "RGCI", "nodeId": "78a3ebe-0d4b-de1f-331b-4332fb53ea5", "polygonType": "Room", "type": "Room", "walkableType": "non-walkable", "visibilityType": "visible", "directionType": "bidirectional", "tactileAvailibity": "not available", "global": false, "floor": 1}}, {"building_ID": "65d88662db333f894570bad3", "id": "d1b522e-6f7a-b6ca-50f0-a47ab78a5151", "type": "Feature", "geometry": {"coordinates": [[[77.1108151579, 28.7164227851], [77.1108475444, 28.7164013318], [77.110853799, 28.7164040513], [77.1108744974, 28.7164280849], [77.1108396197, 28.7164511885], [77.1108151579, 28.7164227851]]], "type": "Polygon"}, "properties": {"name": "2157", "buildingName": "RGCI", "nodeId": "d1b522e-6f7a-b6ca-50f0-a47ab78a5151", "polygonType": "Room", "type": "Room", "walkableType": "non-walkable", "visibilityType": "visible", "directionType": "bidirectional", "tactileAvailibity": "not available", "global": false, "floor": 1}}, {"building_ID": "65d88662db333f894570bad3", "id": "4f8bd-c3cf-cb03-51fd-a55edf4ed", "type": "Feature", "geometry": {"coordinates": [[[77.1108640815, 28.7164795918], [77.1108989592, 28.7164564883], [77.1109196576, 28.7164805218], [77.1109184385, 28.7164881921], [77.1108885433, 28.7165079951], [77.1108640815, 28.7164795918]]], "type": "Polygon"}, "properties": {"name": "2159 - TMT, Stress Echo", "buildingName": "RGCI", "nodeId": "4f8bd-c3cf-cb03-51fd-a55edf4ed", "polygonType": "Room", "type": "Room", "walkableType": "non-walkable", "visibilityType": "visible", "directionType": "bidirectional", "tactileAvailibity": "not available", "global": false, "floor": 1}}, {"building_ID": "65d88662db333f894570bad3", "id": "0202115-e114-1db-67f8-d301462fa6", "type": "Feature", "geometry": {"coordinates": [[[77.1108808855, 28.7163037571], [77.1109531323, 28.7162558997], [77.1109211438, 28.7162187569], [77.1108239844, 28.7162831168], [77.1108258661, 28.7162853016], [77.1108308486, 28.7162820011], [77.1108628371, 28.716319144], [77.1108653284, 28.7163174937], [77.1108333399, 28.7162803509], [77.1109205342, 28.716222592], [77.1109487593, 28.7162553651], [77.1108889689, 28.7162949712], [77.1108607438, 28.7162621981], [77.1108582525, 28.7162638484], [77.1108864777, 28.7162966214], [77.1108790039, 28.7163015722], [77.1108808855, 28.7163037571]]], "type": "Polygon"}, "properties": {"name": "undefined", "buildingName": "RGCI", "nodeId": "0202115-e114-1db-67f8-d301462fa6", "polygonType": "Cubicle", "type": "Wall", "walkableType": "non-walkable", "visibilityType": "visible", "directionType": "bidirectional", "tactileAvailibity": "not available", "global": false, "floor": 1}}, {"building_ID": "65d88662db333f894570bad3", "id": "864a2a-3da-5cd-084e-b3b7b0367c08", "type": "Feature", "geometry": {"coordinates": [[[77.1109452328, 28.7164738744], [77.1109339428, 28.7164607652], [77.1109414165, 28.7164558145], [77.1109527066, 28.7164689237], [77.1109452328, 28.7164738744]]], "type": "Polygon"}, "properties": {"name": "Change Room", "buildingName": "RGCI", "nodeId": "864a2a-3da-5cd-084e-b3b7b0367c08", "polygonType": "Room", "type": "Room", "walkableType": "non-walkable", "visibilityType": "visible", "directionType": "bidirectional", "tactileAvailibity": "not available", "global": false, "floor": 1}}, {"building_ID": "65d88662db333f894570bad3", "id": "ceb012c-361f-8b47-76a5-307ff1eef60d", "type": "Feature", "geometry": {"coordinates": [[[77.1109956677, 28.7164370343], [77.1109732463, 28.7164518865], [77.1109506662, 28.7164256681], [77.1109730876, 28.7164108158], [77.1109956677, 28.7164370343]]], "type": "Polygon"}, "properties": {"name": "2153/E - Change Room", "buildingName": "RGCI", "nodeId": "ceb012c-361f-8b47-76a5-307ff1eef60d", "polygonType": "Room", "type": "Room", "walkableType": "non-walkable", "visibilityType": "visible", "directionType": "bidirectional", "tactileAvailibity": "not available", "global": false, "floor": 1}}, {"building_ID": "65d88662db333f894570bad3", "id": "4328-05ce-06aa-6731-ce3a8b40612", "type": "Feature", "geometry": {"coordinates": [[[77.1110409866, 28.7165305419], [77.111063408, 28.7165156897], [77.1110822248, 28.7165375384], [77.1110598034, 28.7165523907], [77.1110409866, 28.7165305419]]], "type": "Polygon"}, "properties": {"name": "2151 - Interventional Oncology OPD", "buildingName": "RGCI", "nodeId": "4328-05ce-06aa-6731-ce3a8b40612", "polygonType": "Room", "type": "Room", "walkableType": "non-walkable", "visibilityType": "visible", "directionType": "bidirectional", "tactileAvailibity": "not available", "global": false, "floor": 1}}, {"building_ID": "65d88662db333f894570bad3", "id": "5eb4e2e-0400-e03-14d-0fb012b56a3", "type": "Feature", "geometry": {"coordinates": [[[77.1109225998, 28.7164339657], [77.110915126, 28.7164389165], [77.1108963093, 28.7164170678], [77.1109037831, 28.716412117], [77.1109225998, 28.7164339657]]], "type": "Polygon"}, "properties": {"name": "undefined", "buildingName": "RGCI", "nodeId": "5eb4e2e-0400-e03-14d-0fb012b56a3", "polygonType": "Cubicle", "type": "Help Desk", "walkableType": "non-walkable", "visibilityType": "visible", "directionType": "bidirectional", "tactileAvailibity": "not available", "global": false, "floor": 1}}, {"building_ID": "65d88662db333f894570bad3", "id": "85436f-3ff7-e027-1f2-d23f0dc17801", "type": "Feature", "geometry": {"coordinates": [[[77.1110135575, 28.7163805766], [77.1110154391, 28.7163827615], [77.1109780702, 28.7164075153], [77.1109009215, 28.7163179355], [77.1109034127, 28.7163162853], [77.1109786797, 28.7164036802], [77.1110135575, 28.7163805766]]], "type": "Polygon"}, "properties": {"name": "undefined", "buildingName": "RGCI", "nodeId": "85436f-3ff7-e027-1f2-d23f0dc17801", "polygonType": "Cubicle", "type": "Wall", "walkableType": "non-walkable", "visibilityType": "visible", "directionType": "bidirectional", "tactileAvailibity": "not available", "global": false, "floor": 1}}, {"building_ID": "65d88662db333f894570bad3", "id": "ca70e85-08b-ea35-ab4-587e13ddf5", "type": "Feature", "geometry": {"coordinates": [[[77.110909879, 28.7163737658], [77.1108985889, 28.7163606565], [77.1109235016, 28.716344154], [77.1109347916, 28.7163572632], [77.110909879, 28.7163737658]]], "type": "Polygon"}, "properties": {"name": "Cash Counter", "buildingName": "RGCI", "nodeId": "ca70e85-08b-ea35-ab4-587e13ddf5", "polygonType": "Room", "type": "Room", "walkableType": "non-walkable", "visibilityType": "visible", "directionType": "bidirectional", "tactileAvailibity": "not available", "global": false, "floor": 1}}, {"building_ID": "65d88662db333f894570bad3", "id": "45bc60-ce-bc7-7dd-ef840ffa072", "type": "Feature", "geometry": {"coordinates": [[[77.1109761885, 28.7164053304], [77.1109347916, 28.7163572632], [77.1109048964, 28.7163770663], [77.1109218315, 28.7163967301], [77.1109243228, 28.7163950799], [77.1109092694, 28.7163776009], [77.110934182, 28.7163610984], [77.1109736972, 28.7164069807], [77.1109487845, 28.7164234832], [77.1109374945, 28.716410374], [77.1109350032, 28.7164120242], [77.110948175, 28.7164273183], [77.1109780702, 28.7164075153], [77.1109761885, 28.7164053304]]], "type": "Polygon"}, "properties": {"name": "undefined", "buildingName": "RGCI", "nodeId": "45bc60-ce-bc7-7dd-ef840ffa072", "polygonType": "Cubicle", "type": "Wall", "walkableType": "non-walkable", "visibilityType": "visible", "directionType": "bidirectional", "tactileAvailibity": "not available", "global": false, "floor": 1}}, {"building_ID": "65d88662db333f894570bad3", "id": "8e64dd-e5cf-4152-5b7-a14c804d1d26", "type": "Feature", "geometry": {"coordinates": [[[77.1112630796, 28.7164795012], [77.1112655709, 28.7164778509], [77.1111818754, 28.7164715283], [77.1111367152, 28.7164190913], [77.1111093113, 28.7164372441], [77.1110923762, 28.7164175803], [77.111089885, 28.7164192305], [77.1111087017, 28.7164410792], [77.1111361056, 28.7164229265], [77.1111793842, 28.7164731785], [77.1112630796, 28.7164795012]]], "type": "Polygon"}, "properties": {"name": "undefined", "buildingName": "RGCI", "nodeId": "8e64dd-e5cf-4152-5b7-a14c804d1d26", "polygonType": "Cubicle", "type": "Wall", "walkableType": "non-walkable", "visibilityType": "visible", "directionType": "bidirectional", "tactileAvailibity": "not available", "global": false, "floor": 1}}, {"building_ID": "65d88662db333f894570bad3", "id": "b076a5-47b7-8eae-f512-47f63f3b6c", "type": "Feature", "geometry": {"coordinates": [[[77.1108648522, 28.7161942815], [77.11089973, 28.716171178], [77.1109129017, 28.7161864721], [77.1109054279, 28.7161914228], [77.1109110729, 28.7161979774], [77.110883669, 28.7162161302], [77.1108648522, 28.7161942815]]], "type": "Polygon"}, "properties": {"name": "undefined", "buildingName": "RGCI", "nodeId": "b076a5-47b7-8eae-f512-47f63f3b6c", "polygonType": "Cubicle", "type": "Sitting Area", "walkableType": "non-walkable", "visibilityType": "visible", "directionType": "bidirectional", "tactileAvailibity": "not available", "global": false, "floor": 1}}, {"building_ID": "65d88662db333f894570bad3", "id": "b42d1-e6e-8adc-0016-37aff05dc163", "type": "Feature", "geometry": {"coordinates": [[[77.1108396197, 28.7164511885], [77.1108744974, 28.7164280849], [77.1108989592, 28.7164564883], [77.1108640815, 28.7164795918], [77.1108396197, 28.7164511885]]], "type": "Polygon"}, "properties": {"name": "2158 - Cardiologist - Dr. C.R. Jain, Dr. Suneet Gupta, Dr. Nitin Aggarwal, Dr. Aakash Yadav, Dr. Prakhar", "buildingName": "RGCI", "nodeId": "b42d1-e6e-8adc-0016-37aff05dc163", "polygonType": "Room", "type": "Room", "walkableType": "non-walkable", "visibilityType": "visible", "directionType": "bidirectional", "tactileAvailibity": "not available", "fillColor": "undefined", "height": "undefined", "global": false, "floor": 1}}, {"building_ID": "65d88662db333f894570bad3", "id": "4613e8-8fd-5af-210-201136e5eabb", "type": "Feature", "geometry": {"coordinates": [[[77.1110701916, 28.7166553116], [77.111085245, 28.7166727906], [77.1110578411, 28.7166909434], [77.1110427877, 28.7166734644], [77.1110701916, 28.7166553116]]], "type": "Polygon"}, "properties": {"name": "Lift-5", "buildingName": "RGCI", "nodeId": "4613e8-8fd-5af-210-201136e5eabb", "polygonType": "Cubicle", "type": "Lift", "walkableType": "non-walkable", "visibilityType": "visible", "directionType": "bidirectional", "tactileAvailibity": "not available", "fillColor": "undefined", "height": "undefined", "global": false, "floor": 1}}, {"building_ID": "65d88662db333f894570bad3", "id": "68866b-a0df-67ac-565-1681b816306f", "type": "Feature", "geometry": {"coordinates": [[[77.1110427877, 28.7166734644], [77.1110701916, 28.7166553116], [77.1110532566, 28.7166356478], [77.1110258526, 28.7166538005], [77.1110427877, 28.7166734644]]], "type": "Polygon"}, "properties": {"name": "Lift-6", "buildingName": "RGCI", "nodeId": "68866b-a0df-67ac-565-1681b816306f", "polygonType": "Cubicle", "type": "Lift", "walkableType": "non-walkable", "visibilityType": "visible", "directionType": "bidirectional", "tactileAvailibity": "not available", "fillColor": "undefined", "height": "undefined", "global": false, "floor": 1}}, {"building_ID": "65d88662db333f894570bad3", "id": "7b1fa-2fe-4a5e-b3bd-4e137f4057b", "type": "Feature", "geometry": {"coordinates": [[[77.1113390596, 28.7169129873], [77.111296708, 28.7169410416], [77.1112760096, 28.716917008], [77.1113183611, 28.7168889537], [77.1113390596, 28.7169129873]]], "type": "Polygon"}, "properties": {"name": "undefined", "buildingName": "RGCI", "nodeId": "7b1fa-2fe-4a5e-b3bd-4e137f4057b", "polygonType": "Cubicle", "type": "Non-Walkable ", "walkableType": "non-walkable", "visibilityType": "visible", "directionType": "bidirectional", "tactileAvailibity": "not available", "global": false, "floor": 1}}, {"building_ID": "65d88662db333f894570bad3", "id": "5c0a853-cb84-26bd-cef-3d3dfad288c", "type": "Feature", "geometry": {"coordinates": [[[77.1113093028, 28.7161606512], [77.1112470211, 28.7162019075], [77.1112790096, 28.7162390503], [77.1113412912, 28.716197794], [77.1113093028, 28.7161606512]]], "type": "Polygon"}, "properties": {"name": "undefined", "buildingName": "RGCI", "nodeId": "5c0a853-cb84-26bd-cef-3d3dfad288c", "polygonType": "Cubicle", "type": "Restricted Area", "walkableType": "non-walkable", "visibilityType": "visible", "directionType": "bidirectional", "tactileAvailibity": "not available", "global": false, "floor": 1}}, {"building_ID": "65d88662db333f894570bad3", "id": "7eec81e-2b34-eab3-13e4-31d1d0bab26", "type": "Feature", "geometry": {"coordinates": [[[77.1110881921, 28.7159811426], [77.1111305437, 28.7159530883], [77.1111813489, 28.7160120799], [77.1111389973, 28.7160401342], [77.1110881921, 28.7159811426]]], "type": "Polygon"}, "properties": {"name": "undefined", "buildingName": "RGCI", "nodeId": "7eec81e-2b34-eab3-13e4-31d1d0bab26", "polygonType": "Cubicle", "type": "Restricted Area", "walkableType": "non-walkable", "visibilityType": "visible", "directionType": "bidirectional", "tactileAvailibity": "not available", "global": false, "floor": 1}}, {"building_ID": "65d88662db333f894570bad3", "id": "1bdf21b-1517-eb28-ead-80e3cddaf376", "type": "Feature", "geometry": {"coordinates": [[[77.1107456695, 28.7162148975], [77.1108552852, 28.7161422864], [77.1108571668, 28.7161444713], [77.1107475511, 28.7162170824], [77.1107456695, 28.7162148975]]], "type": "Polygon"}, "properties": {"name": "undefined", "buildingName": "RGCI", "nodeId": "1bdf21b-1517-eb28-ead-80e3cddaf376", "polygonType": "Cubicle", "type": "Wall", "walkableType": "non-walkable", "visibilityType": "visible", "directionType": "bidirectional", "tactileAvailibity": "not available", "global": false, "floor": 1}}, {"building_ID": "65d88662db333f894570bad3", "id": "eae8bc0-473f-2d27-d7f3-48b155b071b5", "type": "Feature", "geometry": {"coordinates": [[[77.1115552178, 28.7166188226], [77.1115053925, 28.7166518277], [77.1117763537, 28.7169664493], [77.111826179, 28.7169334442], [77.1115552178, 28.7166188226]]], "type": "Polygon"}, "properties": {"name": "undefined", "buildingName": "RGCI", "nodeId": "eae8bc0-473f-2d27-d7f3-48b155b071b5", "polygonType": "Cubicle", "type": "Restricted Area", "walkableType": "non-walkable", "visibilityType": "visible", "directionType": "bidirectional", "tactileAvailibity": "not available", "fillColor": "undefined", "height": "undefined", "global": false, "floor": 1}}, {"building_ID": "65d88662db333f894570bad3", "id": "8b06c37-1804-e7ff-d18-7d5767a84ec6", "type": "Feature", "geometry": {"coordinates": [[[77.1109767476, 28.7160652591], [77.1109468524, 28.7160850622], [77.1109675509, 28.7161090958], [77.1109974461, 28.7160892927], [77.1109767476, 28.7160652591]]], "type": "Polygon"}, "properties": {"name": "3160 - Radiation Oncology Unit A - Dr. Anjali Pahuja", "buildingName": "RGCI", "nodeId": "8b06c37-1804-e7ff-d18-7d5767a84ec6", "polygonType": "Room", "type": "Room", "walkableType": "non-walkable", "visibilityType": "visible", "directionType": "bidirectional", "tactileAvailibity": "not available", "fillColor": "undefined", "height": "undefined", "global": false, "floor": 1}}, {"building_ID": "65d88662db333f894570bad3", "id": "1c08778-fa47-a06e-c28b-68848fb6a0a", "type": "Feature", "geometry": {"coordinates": [[[77.1109900781, 28.716121624], [77.1110149907, 28.7161051215], [77.1110469792, 28.7161422643], [77.1110220665, 28.7161587668], [77.1109900781, 28.716121624]]], "type": "Polygon"}, "properties": {"name": "3161 - Medical Oncology Unit 4 - Dr. Vineet Talwar, Dr. Varun Goel, Dr. Arpit Jain", "buildingName": "RGCI", "nodeId": "1c08778-fa47-a06e-c28b-68848fb6a0a", "polygonType": "Room", "type": "Room", "walkableType": "non-walkable", "visibilityType": "visible", "directionType": "bidirectional", "tactileAvailibity": "not available", "fillColor": "undefined", "height": "undefined", "global": false, "floor": 1}}, {"building_ID": "65d88662db333f894570bad3", "id": "0d224f-e237-880-a1fc-37ac60a305aa", "type": "Feature", "geometry": {"coordinates": [[[77.1110149907, 28.7161051215], [77.1110423947, 28.7160869687], [77.1110630931, 28.7161110023], [77.1110356891, 28.716129155], [77.1110149907, 28.7161051215]]], "type": "Polygon"}, "properties": {"name": "3163", "buildingName": "RGCI", "nodeId": "0d224f-e237-880-a1fc-37ac60a305aa", "polygonType": "Room", "type": "Room", "walkableType": "non-walkable", "visibilityType": "visible", "directionType": "bidirectional", "tactileAvailibity": "not available", "global": false, "floor": 1}}, {"building_ID": "65d88662db333f894570bad3", "id": "4e34a43-b3c4-8f58-dc8d-23eb7ce53b2", "type": "Feature", "geometry": {"coordinates": [[[77.1107850788, 28.7162333993], [77.1107601662, 28.7162499019], [77.1107865096, 28.7162804901], [77.1108114223, 28.7162639875], [77.1107850788, 28.7162333993]]], "type": "Polygon"}, "properties": {"name": "3151", "buildingName": "RGCI", "nodeId": "4e34a43-b3c4-8f58-dc8d-23eb7ce53b2", "polygonType": "Room", "type": "Room", "walkableType": "non-walkable", "visibilityType": "visible", "directionType": "bidirectional", "tactileAvailibity": "not available", "global": false, "floor": 1}}, {"building_ID": "65d88662db333f894570bad3", "id": "faeea-d2a4-3a1-3852-6f4288afb3f2", "type": "Feature", "geometry": {"coordinates": [[[77.1112416406, 28.7162638041], [77.1112115338, 28.7162288462], [77.1111866211, 28.7162453487], [77.1112167279, 28.7162803067], [77.1112416406, 28.7162638041]]], "type": "Polygon"}, "properties": {"name": "Male Washroom-4", "buildingName": "RGCI", "nodeId": "faeea-d2a4-3a1-3852-6f4288afb3f2", "polygonType": "Cubicle", "type": "Male Washroom", "walkableType": "non-walkable", "visibilityType": "visible", "directionType": "bidirectional", "tactileAvailibity": "not available", "fillColor": "undefined", "height": "undefined", "global": false, "floor": 1}}, {"building_ID": "65d88662db333f894570bad3", "id": "65acf6-d1ef-b5a-2cd-bbdbe66a5d8", "type": "Feature", "geometry": {"coordinates": [[[77.1111611518, 28.7162793766], [77.1111960295, 28.7162562731], [77.1112167279, 28.7162803067], [77.1111818502, 28.7163034102], [77.1111611518, 28.7162793766]]], "type": "Polygon"}, "properties": {"name": "3181 - Dental Surgery - Dr. Puneet Ahuja, Dr. Sheetal Bhalla", "buildingName": "RGCI", "nodeId": "65acf6-d1ef-b5a-2cd-bbdbe66a5d8", "polygonType": "Room", "type": "Room", "walkableType": "non-walkable", "visibilityType": "visible", "directionType": "bidirectional", "tactileAvailibity": "not available", "fillColor": "undefined", "height": "undefined", "global": false, "floor": 1}}, {"building_ID": "65d88662db333f894570bad3", "id": "b5aaa1-86a-e0d1-50d8-dbc8e26435", "type": "Feature", "geometry": {"coordinates": [[[77.1112209422, 28.7162397705], [77.1112309072, 28.7162331695], [77.1112214989, 28.7162222452], [77.1112314639, 28.7162156441], [77.1112615707, 28.7162506021], [77.1112416406, 28.7162638041], [77.1112209422, 28.7162397705]]], "type": "Polygon"}, "properties": {"name": "Female Washroom-4", "buildingName": "RGCI", "nodeId": "b5aaa1-86a-e0d1-50d8-dbc8e26435", "polygonType": "Cubicle", "type": "Female Washroom", "walkableType": "non-walkable", "visibilityType": "visible", "directionType": "bidirectional", "tactileAvailibity": "not available", "fillColor": "undefined", "height": "undefined", "global": false, "floor": 1}}, {"building_ID": "65d88662db333f894570bad3", "id": "20155b4-dc1b-36f-7e40-466e38bd4f34", "type": "Feature", "geometry": {"coordinates": [[[77.1112426482, 28.7162013729], [77.1113099124, 28.7161568161], [77.1113456642, 28.7161983286], [77.1112609611, 28.7162544372], [77.1112590795, 28.7162522524], [77.1113412912, 28.716197794], [77.1113093028, 28.7161606512], [77.1112445298, 28.7162035578], [77.1112426482, 28.7162013729]]], "type": "Polygon"}, "properties": {"name": "undefined", "buildingName": "RGCI", "nodeId": "20155b4-dc1b-36f-7e40-466e38bd4f34", "polygonType": "Cubicle", "type": "Wall", "walkableType": "non-walkable", "visibilityType": "visible", "directionType": "bidirectional", "tactileAvailibity": "not available", "global": false, "floor": 1}}, {"building_ID": "65d88662db333f894570bad3", "id": "540cf70-55c-70cc-dd6a-fa5d8663762", "type": "Feature", "geometry": {"coordinates": [[[77.1112445298, 28.7162035578], [77.1112765183, 28.7162407006], [77.1112790096, 28.7162390503], [77.1112470211, 28.7162019075], [77.1112470211, 28.7162019075]]], "type": "Polygon"}, "properties": {"name": "undefined", "buildingName": "RGCI", "nodeId": "540cf70-55c-70cc-dd6a-fa5d8663762", "polygonType": "Cubicle", "type": "Wall", "walkableType": "non-walkable", "visibilityType": "visible", "directionType": "bidirectional", "tactileAvailibity": "not available", "global": false, "floor": 1}}, {"building_ID": "65d88662db333f894570bad3", "id": "154b64b-2e2b-d46c-70ea-5e00d846aecf", "type": "Feature", "geometry": {"coordinates": [[[77.1112825084, 28.7161749688], [77.11126181, 28.7161509353], [77.1112867227, 28.7161344327], [77.1113074211, 28.7161584663], [77.1112825084, 28.7161749688]]], "type": "Polygon"}, "properties": {"name": "3176", "buildingName": "RGCI", "nodeId": "154b64b-2e2b-d46c-70ea-5e00d846aecf", "polygonType": "Room", "type": "Room", "walkableType": "non-walkable", "visibilityType": "visible", "directionType": "bidirectional", "tactileAvailibity": "not available", "global": false, "floor": 1}}, {"building_ID": "65d88662db333f894570bad3", "id": "160b20-851a-5806-c0c4-e8430d7501a", "type": "Feature", "geometry": {"coordinates": [[[77.1111993167, 28.7161374306], [77.1111569652, 28.7161654849], [77.1111381485, 28.7161436362], [77.1111805, 28.7161155819], [77.1111993167, 28.7161374306]]], "type": "Polygon"}, "properties": {"name": "3173", "buildingName": "RGCI", "nodeId": "160b20-851a-5806-c0c4-e8430d7501a", "polygonType": "Room", "type": "Room", "walkableType": "non-walkable", "visibilityType": "visible", "directionType": "bidirectional", "tactileAvailibity": "not available", "global": false, "floor": 1}}, {"building_ID": "65d88662db333f894570bad3", "id": "82ffd45-5ec-eed-341f-15206f307168", "type": "Feature", "geometry": {"coordinates": [[[77.1111417531, 28.7161069352], [77.1111193317, 28.7161217874], [77.1111381485, 28.7161436362], [77.1111605699, 28.7161287839], [77.1111417531, 28.7161069352]]], "type": "Polygon"}, "properties": {"name": "3178", "buildingName": "RGCI", "nodeId": "82ffd45-5ec-eed-341f-15206f307168", "polygonType": "Room", "type": "Room", "walkableType": "non-walkable", "visibilityType": "visible", "directionType": "bidirectional", "tactileAvailibity": "not available", "global": false, "floor": 1}}, {"building_ID": "65d88662db333f894570bad3", "id": "322733-1c1c-dfdc-b80-cb63f68fce4c", "type": "Feature", "geometry": {"coordinates": [[[77.110988272, 28.7166237933], [77.1110057109, 28.7166122416], [77.1110358177, 28.7166471995], [77.1110183788, 28.7166587513], [77.110988272, 28.7166237933]]], "type": "Polygon"}, "properties": {"name": "Male Washroom-2", "buildingName": "RGCI", "nodeId": "322733-1c1c-dfdc-b80-cb63f68fce4c", "polygonType": "Cubicle", "type": "Male Washroom", "walkableType": "non-walkable", "visibilityType": "visible", "directionType": "bidirectional", "tactileAvailibity": "not available", "fillColor": "undefined", "height": "undefined", "global": false, "floor": 1}}, {"building_ID": "65d88662db333f894570bad3", "id": "3734f6-acf8-3b61-5cf4-7c7330f00f", "type": "Feature", "geometry": {"coordinates": [[[77.1114001774, 28.7165705456], [77.1114350551, 28.7165474421], [77.1114444635, 28.7165583664], [77.1114320072, 28.7165666177], [77.1114395339, 28.7165753572], [77.1114893592, 28.7165423521], [77.1115420461, 28.7166035285], [77.1114697994, 28.7166513859], [77.1114001774, 28.7165705456]]], "type": "Polygon"}, "properties": {"name": "undefined", "buildingName": "RGCI", "nodeId": "3734f6-acf8-3b61-5cf4-7c7330f00f", "polygonType": "Cubicle", "type": "Restricted Area", "walkableType": "non-walkable", "visibilityType": "visible", "directionType": "bidirectional", "tactileAvailibity": "not available", "global": false, "floor": 1}}, {"building_ID": "65d88662db333f894570bad3", "id": "7d336aa-6bea-7f2d-2636-2ae242266a6f", "type": "Feature", "geometry": {"coordinates": [[[77.1114893592, 28.7165423521], [77.1114395339, 28.7165753572], [77.1114320072, 28.7165666177], [77.1114444635, 28.7165583664], [77.1114350551, 28.7165474421], [77.1113902123, 28.7165771466], [77.111397739, 28.7165858861], [77.1113728264, 28.7166023886], [77.1113709447, 28.7166002037], [77.1113933661, 28.7165853515], [77.1113858394, 28.716576612], [77.1114356647, 28.7165436069], [77.1114488364, 28.716558901], [77.1114363801, 28.7165671523], [77.1114401435, 28.716571522], [77.1114874775, 28.7165401672], [77.1114893592, 28.7165423521]]], "type": "Polygon"}, "properties": {"name": "undefined", "buildingName": "RGCI", "nodeId": "7d336aa-6bea-7f2d-2636-2ae242266a6f", "polygonType": "Cubicle", "type": "Wall", "walkableType": "non-walkable", "visibilityType": "visible", "directionType": "bidirectional", "tactileAvailibity": "not available", "global": false, "floor": 1}}, {"building_ID": "65d88662db333f894570bad3", "id": "4c3a884-545e-7c34-f8a-0d781c76d1d", "type": "Feature", "geometry": {"coordinates": [[[77.1115420461, 28.7166035285], [77.1115445374, 28.7166018783], [77.1118286703, 28.716931794], [77.111826179, 28.7169334442], [77.1115420461, 28.7166035285]]], "type": "Polygon"}, "properties": {"name": "undefined", "buildingName": "RGCI", "nodeId": "4c3a884-545e-7c34-f8a-0d781c76d1d", "polygonType": "Cubicle", "type": "Wall", "walkableType": "non-walkable", "visibilityType": "visible", "directionType": "bidirectional", "tactileAvailibity": "not available", "global": false, "floor": 1}}, {"building_ID": "65d88662db333f894570bad3", "id": "44870e7-70bf-36c-abb7-ef50ac0ec1", "type": "Feature", "geometry": {"coordinates": [[[77.1117763537, 28.7169664493], [77.111826179, 28.7169334442], [77.1118638125, 28.7169771417], [77.1118139872, 28.7170101467], [77.1117763537, 28.7169664493]]], "type": "Polygon"}, "properties": {"name": "undefined", "buildingName": "RGCI", "nodeId": "44870e7-70bf-36c-abb7-ef50ac0ec1", "polygonType": "Cubicle", "type": "Restricted Area", "walkableType": "non-walkable", "visibilityType": "visible", "directionType": "bidirectional", "tactileAvailibity": "not available", "global": false, "floor": 1}}, {"building_ID": "65d88662db333f894570bad3", "id": "ee17e-b748-3cae-d80-ede2534ed21a", "type": "Feature", "geometry": {"coordinates": [[[77.1118069643, 28.7169701916], [77.1118219119, 28.7169602901], [77.1118332019, 28.7169733993], [77.1118350836, 28.7169755842], [77.111820136, 28.7169854857], [77.1118069643, 28.7169701916]]], "type": "Polygon"}, "properties": {"name": "undefined", "buildingName": "RGCI", "nodeId": "ee17e-b748-3cae-d80-ede2534ed21a", "polygonType": "Cubicle", "type": "Non Walkable", "walkableType": "non-walkable", "visibilityType": "visible", "directionType": "bidirectional", "tactileAvailibity": "not available", "global": false, "floor": 1}}, {"building_ID": "65d88662db333f894570bad3", "id": "bb38278-855a-e872-fc3-4f7d0b4237", "type": "Feature", "geometry": {"coordinates": [[[77.111767104, 28.7169965956], [77.1117895254, 28.7169817434], [77.1118083422, 28.7170035921], [77.1117859208, 28.7170184444], [77.111767104, 28.7169965956]]], "type": "Polygon"}, "properties": {"name": "Amit Malik - DGM Facility", "buildingName": "RGCI", "nodeId": "bb38278-855a-e872-fc3-4f7d0b4237", "polygonType": "Room", "type": "Room", "walkableType": "non-walkable", "visibilityType": "visible", "directionType": "bidirectional", "tactileAvailibity": "not available", "global": false, "floor": 1}}, {"building_ID": "65d88662db333f894570bad3", "id": "4b1cee6-6448-2c25-8010-ede6b53a3221", "type": "Feature", "geometry": {"coordinates": [[[77.1116237239, 28.7170572596], [77.1115988113, 28.7170737621], [77.1116420898, 28.7171240141], [77.1116670025, 28.7171075116], [77.1116237239, 28.7170572596]]], "type": "Polygon"}, "properties": {"name": "Male Washroom-5", "buildingName": "RGCI", "nodeId": "4b1cee6-6448-2c25-8010-ede6b53a3221", "polygonType": "Cubicle", "type": "Male Washroom", "walkableType": "non-walkable", "visibilityType": "visible", "directionType": "bidirectional", "tactileAvailibity": "not available", "fillColor": "undefined", "height": "undefined", "global": false, "floor": 1}}, {"building_ID": "65d88662db333f894570bad3", "id": "86b8147-b761-a5c8-cd2b-aed623a0d0ef", "type": "Feature", "geometry": {"coordinates": [[[77.1115308846, 28.7171084638], [77.1115837579, 28.7170562831], [77.1116439715, 28.717126199], [77.1116414802, 28.7171278493], [77.111601965, 28.717081967], [77.111551583, 28.7171324974], [77.1115497014, 28.7171303125], [77.1116000834, 28.7170797821], [77.1115831483, 28.7170601182], [77.1115327663, 28.7171106487], [77.1115308846, 28.7171084638]]], "type": "Polygon"}, "properties": {"name": "undefined", "buildingName": "RGCI", "nodeId": "86b8147-b761-a5c8-cd2b-aed623a0d0ef", "polygonType": "Cubicle", "type": "Wall", "walkableType": "non-walkable", "visibilityType": "visible", "directionType": "bidirectional", "tactileAvailibity": "not available", "global": false, "floor": 1}}, {"building_ID": "65d88662db333f894570bad3", "id": "fe48814-06e-8dfc-fec0-05bcf8cb15f3", "type": "Feature", "geometry": {"coordinates": [[[77.1116420898, 28.7171240141], [77.1116919151, 28.7170910091], [77.1116843884, 28.7170822696], [77.1117068098, 28.7170674173], [77.1117143365, 28.7170761568], [77.1117915658, 28.717024999], [77.1117859208, 28.7170184444], [77.1118083422, 28.7170035921], [77.1118102238, 28.717005777], [77.1117902937, 28.717018979], [77.1117959387, 28.7170255336], [77.1117137269, 28.7170799919], [77.1117062002, 28.7170712524], [77.1116887614, 28.7170828042], [77.1116962881, 28.7170915437], [77.1116439715, 28.717126199], [77.1116420898, 28.7171240141]]], "type": "Polygon"}, "properties": {"name": "undefined", "buildingName": "RGCI", "nodeId": "fe48814-06e-8dfc-fec0-05bcf8cb15f3", "polygonType": "Cubicle", "type": "Wall", "walkableType": "non-walkable", "visibilityType": "visible", "directionType": "bidirectional", "tactileAvailibity": "not available", "global": false, "floor": 1}}, {"building_ID": "65d88662db333f894570bad3", "id": "bda2bdf-e74d-fc76-e1ee-3042cfa22a33", "type": "Feature", "geometry": {"coordinates": [[[77.1113151797, 28.7170351767], [77.1113525487, 28.7170104229], [77.1113581937, 28.7170169775], [77.1113208247, 28.7170417313], [77.1113151797, 28.7170351767]]], "type": "Polygon"}, "properties": {"name": "undefined", "buildingName": "RGCI", "nodeId": "bda2bdf-e74d-fc76-e1ee-3042cfa22a33", "polygonType": "Cubicle", "type": "Non Walkable Area", "walkableType": "non-walkable", "visibilityType": "visible", "directionType": "bidirectional", "tactileAvailibity": "not available", "global": false, "floor": 1}}, {"building_ID": "65d88662db333f894570bad3", "id": "307c68c-cb3a-82ea-47ae-3734c54e137d", "type": "Feature", "geometry": {"coordinates": [[[77.111017001, 28.7166253508], [77.1110618437, 28.7165956463], [77.1110806605, 28.716617495], [77.1110358177, 28.7166471995], [77.111017001, 28.7166253508]]], "type": "Polygon"}, "properties": {"name": "Female Washroom-2", "buildingName": "RGCI", "nodeId": "307c68c-cb3a-82ea-47ae-3734c54e137d", "polygonType": "Cubicle", "type": "Female Washroom", "walkableType": "non-walkable", "visibilityType": "visible", "directionType": "bidirectional", "tactileAvailibity": "not available", "fillColor": "undefined", "height": "undefined", "global": false, "floor": 1}}, {"building_ID": "65d88662db333f894570bad3", "id": "3bbe02f-bbf4-2007-87f5-455d1df16d6", "type": "Feature", "geometry": {"coordinates": [[[77.1109562836, 28.7165866505], [77.1110183788, 28.7166587513], [77.1110258526, 28.7166538005], [77.1110578411, 28.7166909434], [77.111085245, 28.7166727906], [77.1111002984, 28.7166902696], [77.1110853508, 28.7167001711], [77.1110834692, 28.7166979862], [77.1110959255, 28.7166897349], [77.1110846354, 28.7166766257], [77.1110572315, 28.7166947785], [77.111025243, 28.7166576357], [77.1110177692, 28.7166625864], [77.1109537923, 28.7165883008], [77.1109562836, 28.7165866505]]], "type": "Polygon"}, "properties": {"name": "undefined", "buildingName": "RGCI", "nodeId": "3bbe02f-bbf4-2007-87f5-455d1df16d6", "polygonType": "Cubicle", "type": "Wall", "walkableType": "non-walkable", "visibilityType": "visible", "directionType": "bidirectional", "tactileAvailibity": "not available", "global": false, "floor": 1}}, {"building_ID": "65d88662db333f894570bad3", "id": "84c56a2-d060-220-083-aadbdb51adc", "type": "Feature", "geometry": {"coordinates": [[[77.1111049636, 28.7166048276], [77.1111162536, 28.7166179368], [77.1111181353, 28.7166201217], [77.1111206266, 28.7166184714], [77.1111074548, 28.7166031773], [77.1111049636, 28.7166048276]]], "type": "Polygon"}, "properties": {"name": "undefined", "buildingName": "RGCI", "nodeId": "84c56a2-d060-220-083-aadbdb51adc", "polygonType": "Cubicle", "type": "Wall", "walkableType": "non-walkable", "visibilityType": "visible", "directionType": "bidirectional", "tactileAvailibity": "not available", "global": false, "floor": 1}}, {"building_ID": "65d88662db333f894570bad3", "id": "d20a1f-646a-1a63-be8b-a5d036c06", "type": "Feature", "geometry": {"coordinates": [[[77.1111206266, 28.7166184714], [77.1112377161, 28.7165409096], [77.1112584145, 28.7165649431], [77.111178694, 28.7166177512], [77.1111881024, 28.7166286756], [77.111165681, 28.7166435279], [77.1111562726, 28.7166326035], [77.111141325, 28.716642505], [77.1111206266, 28.7166184714]]], "type": "Polygon"}, "properties": {"name": "undefined", "buildingName": "RGCI", "nodeId": "d20a1f-646a-1a63-be8b-a5d036c06", "polygonType": "Cubicle", "type": "Restricted Area", "walkableType": "non-walkable", "visibilityType": "visible", "directionType": "bidirectional", "tactileAvailibity": "not available", "global": false, "floor": 1}}, {"building_ID": "65d88662db333f894570bad3", "id": "b6c48ef-e2c8-1de-23e4-b11ff5f7ffe5", "type": "Feature", "geometry": {"coordinates": [[[77.1110622946, 28.7165507404], [77.1111793842, 28.7164731785], [77.1112584145, 28.7165649431], [77.1113082398, 28.7165319381], [77.1113778618, 28.7166127784], [77.1112084557, 28.7167249955], [77.1111388337, 28.7166441553], [77.1111562726, 28.7166326035], [77.111165681, 28.7166435279], [77.1111881024, 28.7166286756], [77.111178694, 28.7166177512], [77.1112584145, 28.7165649431], [77.1112377161, 28.7165409096], [77.1111206266, 28.7166184714], [77.1110622946, 28.7165507404]]], "type": "Polygon"}, "properties": {"name": "undefined", "buildingName": "RGCI", "nodeId": "b6c48ef-e2c8-1de-23e4-b11ff5f7ffe5", "polygonType": "Cubicle", "type": "Non Walkable Area", "walkableType": "non-walkable", "visibilityType": "visible", "directionType": "bidirectional", "tactileAvailibity": "not available", "global": false, "floor": 1}}, {"building_ID": "65d88662db333f894570bad3", "id": "817c44f-2f2-1ede-fb0b-da03c456eee6", "type": "Feature", "geometry": {"coordinates": [[[77.1112655709, 28.7164778509], [77.1113822347, 28.716613313], [77.1113797435, 28.7166149632], [77.1112630796, 28.7164795012], [77.1112655709, 28.7164778509]]], "type": "Polygon"}, "properties": {"name": "undefined", "buildingName": "RGCI", "nodeId": "817c44f-2f2-1ede-fb0b-da03c456eee6", "polygonType": "Cubicle", "type": "Wall", "walkableType": "non-walkable", "visibilityType": "visible", "directionType": "bidirectional", "tactileAvailibity": "not available", "global": false, "floor": 1}}, {"building_ID": "65d88662db333f894570bad3", "id": "c641fb3-1da7-c0bd-f58-f65a6affc80f", "type": "Feature", "geometry": {"coordinates": [[[77.1116128067, 28.7168174361], [77.1116015166, 28.7168043269], [77.1115242874, 28.7168554847], [77.1115543942, 28.7168904427], [77.1116316234, 28.7168392849], [77.111622215, 28.7168283605], [77.1116197238, 28.7168300107], [77.1116272505, 28.7168387502], [77.1115550038, 28.7168866076], [77.1115286603, 28.7168560194], [77.111600907, 28.716808162], [77.1116103154, 28.7168190864], [77.1116128067, 28.7168174361]]], "type": "Polygon"}, "properties": {"name": "undefined", "buildingName": "RGCI", "nodeId": "c641fb3-1da7-c0bd-f58-f65a6affc80f", "polygonType": "Cubicle", "type": "Wall", "walkableType": "non-walkable", "visibilityType": "visible", "directionType": "bidirectional", "tactileAvailibity": "not available", "global": false, "floor": 1}}, {"building_ID": "65d88662db333f894570bad3", "id": "b7ba48f-2da0-43d5-13b-08b6553e254", "type": "Feature", "geometry": {"coordinates": [[[77.1115598805, 28.7168559266], [77.1115947582, 28.716832823], [77.1115985216, 28.7168371928], [77.1115636438, 28.7168602963], [77.1115598805, 28.7168559266]]], "type": "Polygon"}, "properties": {"name": "undefined", "buildingName": "RGCI", "nodeId": "b7ba48f-2da0-43d5-13b-08b6553e254", "polygonType": "Cubicle", "type": "Non Walkable", "walkableType": "non-walkable", "visibilityType": "visible", "directionType": "bidirectional", "tactileAvailibity": "not available", "global": false, "floor": 1}}, {"building_ID": "65d88662db333f894570bad3", "id": "5b4acd-1d7f-5102-8a1f-edb268de4417", "type": "Feature", "geometry": {"coordinates": [[[77.1115101886, 28.7167618843], [77.1115450664, 28.7167387807], [77.1115638831, 28.7167606295], [77.1115290054, 28.716783733], [77.1115101886, 28.7167618843]]], "type": "Polygon"}, "properties": {"name": "Clean Utility Room", "buildingName": "RGCI", "nodeId": "5b4acd-1d7f-5102-8a1f-edb268de4417", "polygonType": "Room", "type": "Room", "walkableType": "non-walkable", "visibilityType": "visible", "directionType": "bidirectional", "tactileAvailibity": "not available", "global": false, "floor": 1}}, {"building_ID": "65d88662db333f894570bad3", "id": "a862a83-f5e-0bf-df3-156218dba6fc", "type": "Feature", "geometry": {"coordinates": [[[77.1115497038, 28.7168077666], [77.1115845815, 28.7167846631], [77.1116015166, 28.7168043269], [77.1115666389, 28.7168274304], [77.1115497038, 28.7168077666]]], "type": "Polygon"}, "properties": {"name": "Dirty Utility - Minor OT", "buildingName": "RGCI", "nodeId": "a862a83-f5e-0bf-df3-156218dba6fc", "polygonType": "Room", "type": "Room", "walkableType": "non-walkable", "visibilityType": "visible", "directionType": "bidirectional", "tactileAvailibity": "not available", "global": false, "floor": 1}}, {"building_ID": "65d88662db333f894570bad3", "id": "38a3ff-377e-81a7-8d4a-5d362c03dbdc", "type": "Feature", "geometry": {"coordinates": [[[77.1110598034, 28.7165523907], [77.1110622946, 28.7165507404], [77.1111074548, 28.7166031773], [77.1111024723, 28.7166064778], [77.1111005906, 28.716604293], [77.1111030819, 28.7166026427], [77.1110598034, 28.7165523907]]], "type": "Polygon"}, "properties": {"name": "undefined", "buildingName": "RGCI", "nodeId": "38a3ff-377e-81a7-8d4a-5d362c03dbdc", "polygonType": "Cubicle", "type": "Wall", "walkableType": "non-walkable", "visibilityType": "visible", "directionType": "bidirectional", "tactileAvailibity": "not available", "global": false, "floor": 1}}, {"building_ID": "65d88662db333f894570bad3", "id": "e7fecc-761e-1ce-ab6-585fcc780c02", "type": "Feature", "geometry": {"coordinates": [[[77.1113158699, 28.716890604], [77.1113183611, 28.7168889537], [77.1113390596, 28.7169129873], [77.1113365683, 28.7169146376], [77.1113158699, 28.716890604]]], "type": "Polygon"}, "properties": {"name": "undefined", "buildingName": "RGCI", "nodeId": "e7fecc-761e-1ce-ab6-585fcc780c02", "polygonType": "Cubicle", "type": "Wall", "walkableType": "non-walkable", "visibilityType": "visible", "directionType": "bidirectional", "tactileAvailibity": "not available", "global": false, "floor": 1}}, {"building_ID": "65d88662db333f894570bad3", "id": "7c7c2e4-422a-5cfb-cbfc-abbf2ad6326", "type": "Feature", "geometry": {"coordinates": [[[77.1113191294, 28.7169261894], [77.1113465334, 28.7169080366], [77.1113879302, 28.7169561038], [77.1113605263, 28.7169742565], [77.1113191294, 28.7169261894]]], "type": "Polygon"}, "properties": {"name": "undefined", "buildingName": "RGCI", "nodeId": "7c7c2e4-422a-5cfb-cbfc-abbf2ad6326", "polygonType": "Cubicle", "type": "Restricted Area", "walkableType": "non-walkable", "visibilityType": "visible", "directionType": "bidirectional", "tactileAvailibity": "not available", "global": false, "floor": 1}}, {"building_ID": "65d88662db333f894570bad3", "id": "18f866a-f0fe-e3e1-bc52-f4af78e410dc", "type": "Feature", "geometry": {"coordinates": [[[77.1113824968, 28.7170043101], [77.111384988, 28.7170026599], [77.1113172478, 28.7169240045], [77.1112524748, 28.716966911], [77.1113202151, 28.7170455664], [77.1113700405, 28.7170125614], [77.1113681588, 28.7170103765], [77.1113208247, 28.7170417313], [77.1112568478, 28.7169674457], [77.1113166382, 28.7169278396], [77.1113824968, 28.7170043101]]], "type": "Polygon"}, "properties": {"name": "undefined", "buildingName": "RGCI", "nodeId": "18f866a-f0fe-e3e1-bc52-f4af78e410dc", "polygonType": "Cubicle", "type": "Wall", "walkableType": "non-walkable", "visibilityType": "visible", "directionType": "bidirectional", "tactileAvailibity": "not available", "global": false, "floor": 1}}, {"building_ID": "65d88662db333f894570bad3", "id": "21ab78a-0cb2-8868-00ff-34f1e0e434ba", "type": "Feature", "geometry": {"coordinates": [[[77.111332407, 28.7169688639], [77.1112850729, 28.7170002187], [77.1112831912, 28.7169980339], [77.1113305253, 28.7169666791], [77.111332407, 28.7169688639]]], "type": "Polygon"}, "properties": {"name": "undefined", "buildingName": "RGCI", "nodeId": "21ab78a-0cb2-8868-00ff-34f1e0e434ba", "polygonType": "Cubicle", "type": "Wall", "walkableType": "non-walkable", "visibilityType": "visible", "directionType": "bidirectional", "tactileAvailibity": "not available", "global": false, "floor": 1}}, {"building_ID": "65d88662db333f894570bad3", "id": "c1d1a3d-e672-1df1-88-edac5f78023", "type": "Feature", "geometry": {"coordinates": [[[77.1112850729, 28.7170002187], [77.1113124768, 28.716982066], [77.1113256485, 28.7169973601], [77.1112982446, 28.7170155129], [77.1112850729, 28.7170002187]]], "type": "Polygon"}, "properties": {"name": "Lift-3", "buildingName": "RGCI", "nodeId": "c1d1a3d-e672-1df1-88-edac5f78023", "polygonType": "Cubicle", "type": "Lift", "walkableType": "non-walkable", "visibilityType": "visible", "directionType": "bidirectional", "tactileAvailibity": "not available", "fillColor": "undefined", "height": "undefined", "global": false, "floor": 1}}, {"building_ID": "65d88662db333f894570bad3", "id": "e206b33-d823-22bb-bbd3-43dd428b54d", "type": "Feature", "geometry": {"coordinates": [[[77.1111083818, 28.7166814837], [77.1110834692, 28.7166979862], [77.1112302398, 28.7168684062], [77.1112725913, 28.7168403519], [77.1113139882, 28.7168884191], [77.1112716367, 28.7169164734], [77.1112923351, 28.716940507], [77.1112948264, 28.7169388568], [77.1112760096, 28.716917008], [77.1113183611, 28.7168889537], [77.1112732009, 28.7168365168], [77.1112308494, 28.7168645711], [77.1110878421, 28.7166985208], [77.1111102635, 28.7166836686], [77.1111083818, 28.7166814837]]], "type": "Polygon"}, "properties": {"name": "undefined", "buildingName": "RGCI", "nodeId": "e206b33-d823-22bb-bbd3-43dd428b54d", "polygonType": "Cubicle", "type": "Wall", "walkableType": "non-walkable", "visibilityType": "visible", "directionType": "bidirectional", "tactileAvailibity": "not available", "global": false, "floor": 1}}, {"building_ID": "65d88662db333f894570bad3", "id": "035b383-5a08-e6a6-eff-45ac7ad3e", "type": "Feature", "geometry": {"coordinates": [[[77.1112357261, 28.7168338901], [77.1112581475, 28.7168190378], [77.1112732009, 28.7168365168], [77.1112507795, 28.7168513691], [77.1112357261, 28.7168338901]]], "type": "Polygon"}, "properties": {"name": "undefined", "buildingName": "RGCI", "nodeId": "035b383-5a08-e6a6-eff-45ac7ad3e", "polygonType": "Cubicle", "type": "Restricted Area", "walkableType": "non-walkable", "visibilityType": "visible", "directionType": "bidirectional", "tactileAvailibity": "not available", "global": false, "floor": 1}}, {"building_ID": "65d88662db333f894570bad3", "id": "12ef85b-c127-df80-0b6-e16667a8383b", "type": "Feature", "geometry": {"coordinates": [[[77.1115290054, 28.716783733], [77.1115638831, 28.7167606295], [77.1115845815, 28.7167846631], [77.1115497038, 28.7168077666], [77.1115290054, 28.716783733]]], "type": "Polygon"}, "properties": {"name": "103 - Minor OT", "buildingName": "RGCI", "nodeId": "12ef85b-c127-df80-0b6-e16667a8383b", "polygonType": "Room", "type": "Room", "walkableType": "non-walkable", "visibilityType": "visible", "directionType": "bidirectional", "tactileAvailibity": "not available", "global": false, "floor": 1}}, {"building_ID": "65d88662db333f894570bad3", "id": "af4d111-f6c7-a3d1-5313-d71a5056f37e", "type": "Feature", "geometry": {"coordinates": [[[77.1116086982, 28.7168853527], [77.111638805, 28.7169203107], [77.111601436, 28.7169450645], [77.1115713292, 28.7169101065], [77.1116086982, 28.7168853527]]], "type": "Polygon"}, "properties": {"name": "ICU Waiting Area (Medical)", "buildingName": "RGCI", "nodeId": "af4d111-f6c7-a3d1-5313-d71a5056f37e", "polygonType": "Room", "type": "Room", "walkableType": "non-walkable", "visibilityType": "visible", "directionType": "bidirectional", "tactileAvailibity": "not available", "fillColor": "undefined", "height": "undefined", "global": false, "floor": 1}}, {"building_ID": "65d88662db333f894570bad3", "id": "e5a4b4d-df7a-4a5e-1e71-db5ff82cd7", "type": "Feature", "geometry": {"coordinates": [[[77.1116437876, 28.7169170102], [77.1116786653, 28.7168939067], [77.111691837, 28.7169092008], [77.1116569593, 28.7169323043], [77.1116437876, 28.7169170102]]], "type": "Polygon"}, "properties": {"name": "Housekeeping Service", "buildingName": "RGCI", "nodeId": "e5a4b4d-df7a-4a5e-1e71-db5ff82cd7", "polygonType": "Room", "type": "Room", "walkableType": "non-walkable", "visibilityType": "visible", "directionType": "bidirectional", "tactileAvailibity": "not available", "global": false, "floor": 1}}, {"building_ID": "65d88662db333f894570bad3", "id": "1ab1db8-4d04-ed5-0f16-4442a04b266", "type": "Feature", "geometry": {"coordinates": [[[77.1117520506, 28.7169791167], [77.1116748214, 28.7170302745], [77.1117162182, 28.7170783417], [77.1117143365, 28.7170761568], [77.1117915658, 28.717024999], [77.1117520506, 28.7169791167]]], "type": "Polygon"}, "properties": {"name": "109 - General Ward", "buildingName": "RGCI", "nodeId": "1ab1db8-4d04-ed5-0f16-4442a04b266", "polygonType": "Room", "type": "Room", "walkableType": "non-walkable", "visibilityType": "visible", "directionType": "bidirectional", "tactileAvailibity": "not available", "global": false, "floor": 1}}, {"building_ID": "65d88662db333f894570bad3", "id": "3ac70b-1ece-c568-fb5-7557a246152", "type": "Feature", "geometry": {"coordinates": [[[77.1116748214, 28.7170302745], [77.1116648563, 28.7170368755], [77.1116705013, 28.7170434301], [77.111658045, 28.7170516814], [77.1116843884, 28.7170822696], [77.1117068098, 28.7170674173], [77.1116748214, 28.7170302745]]], "type": "Polygon"}, "properties": {"name": "undefined", "buildingName": "RGCI", "nodeId": "3ac70b-1ece-c568-fb5-7557a246152", "polygonType": "Cubicle", "type": "Restricted Area", "walkableType": "non-walkable", "visibilityType": "visible", "directionType": "bidirectional", "tactileAvailibity": "not available", "global": false, "floor": 1}}, {"building_ID": "65d88662db333f894570bad3", "id": "e5a2be0-b524-7071-684-cc2adc18", "type": "Feature", "geometry": {"coordinates": [[[77.1116486366, 28.717040757], [77.1116919151, 28.7170910091], [77.1116670025, 28.7171075116], [77.1116237239, 28.7170572596], [77.1116486366, 28.717040757]]], "type": "Polygon"}, "properties": {"name": "Female Washroom-5", "buildingName": "RGCI", "nodeId": "e5a2be0-b524-7071-684-cc2adc18", "polygonType": "Cubicle", "type": "Female Washroom", "walkableType": "non-walkable", "visibilityType": "visible", "directionType": "bidirectional", "tactileAvailibity": "not available", "fillColor": "undefined", "height": "undefined", "global": false, "floor": 1}}, {"building_ID": "65d88662db333f894570bad3", "id": "6458410-af4c-c5e-1f6d-d77b87cc", "type": "Feature", "geometry": {"coordinates": [[[77.111489911, 28.7171699186], [77.1114710942, 28.7171480699], [77.1114810593, 28.7171414688], [77.111499876, 28.7171633176], [77.111489911, 28.7171699186]]], "type": "Polygon"}, "properties": {"name": "undefined", "buildingName": "RGCI", "nodeId": "6458410-af4c-c5e-1f6d-d77b87cc", "polygonType": "Cubicle", "type": "Help Desk", "walkableType": "non-walkable", "visibilityType": "visible", "directionType": "bidirectional", "tactileAvailibity": "not available", "global": false, "floor": 1}}, {"building_ID": "65d88662db333f894570bad3", "id": "5aae6-bad8-007f-3bba-7db3bd4e4deb", "type": "Feature", "geometry": {"coordinates": [[77.1115862239, 28.7168865148], [77.111591869, 28.7168930694], [77.111591869, 28.7168930694]], "type": "LineString"}, "properties": {"nodeId": "5aae6-bad8-007f-3bba-7db3bd4e4deb", "buildingName": "RGCI", "polygonType": "Waypoints", "walkableType": "walkable", "visibilityType": "visible", "directionType": "bidirectional", "tactileAvailibity": "not available", "global": false, "name": "undefined", "floor": 1}}, {"building_ID": "65d88662db333f894570bad3", "id": "581202-7658-0377-c087-1ac46da5d7d", "type": "Feature", "geometry": {"coordinates": [[[77.1113913485, 28.7170327599], [77.1114984729, 28.716961799], [77.1115812666, 28.7170579334], [77.1115308846, 28.7171084638], [77.1114835505, 28.7171398186], [77.1113913485, 28.7170327599]]], "type": "Polygon"}, "properties": {"name": "undefined", "buildingName": "RGCI", "nodeId": "581202-7658-0377-c087-1ac46da5d7d", "polygonType": "Cubicle", "type": "Non-Walkable ", "walkableType": "non-walkable", "visibilityType": "visible", "directionType": "bidirectional", "tactileAvailibity": "not available", "global": false, "floor": 1}}, {"building_ID": "65d88662db333f894570bad3", "id": "aff32e-0ce-ee8f-6e45-554461075ba", "type": "Feature", "geometry": {"coordinates": [[[77.1111145356, 28.7160117309], [77.1110871316, 28.7160298836], [77.1110664332, 28.71600585], [77.1110938372, 28.7159876973], [77.1111145356, 28.7160117309]]], "type": "Polygon"}, "properties": {"name": "3168 - GI Oncology Surgical Oncology - Dr. Shivender Singh", "buildingName": "RGCI", "nodeId": "aff32e-0ce-ee8f-6e45-554461075ba", "polygonType": "Room", "type": "Room", "walkableType": "non-walkable", "visibilityType": "visible", "directionType": "bidirectional", "tactileAvailibity": "not available", "fillColor": "undefined", "height": "undefined", "global": false, "floor": 1}}, {"building_ID": "65d88662db333f894570bad3", "id": "e6d858-6ef8-6e74-f865-7474cea15d16", "type": "Feature", "geometry": {"coordinates": [[[77.1110938372, 28.7159876973], [77.1108571668, 28.7161444713], [77.1108552852, 28.7161422864], [77.1110919555, 28.7159855124], [77.1110938372, 28.7159876973]]], "type": "Polygon"}, "properties": {"name": "undefined", "buildingName": "RGCI", "nodeId": "e6d858-6ef8-6e74-f865-7474cea15d16", "polygonType": "Cubicle", "type": "Wall", "walkableType": "non-walkable", "visibilityType": "visible", "directionType": "bidirectional", "tactileAvailibity": "not available", "global": false, "floor": 1}}, {"building_ID": "65d88662db333f894570bad3", "id": "8a6d2-5ec-653-d2e-3ab733aaa4", "type": "Feature", "geometry": {"coordinates": [[[77.111175253, 28.7160504311], [77.1111940697, 28.7160722799], [77.1112189824, 28.7160557773], [77.1112001656, 28.7160339286], [77.111175253, 28.7160504311]]], "type": "Polygon"}, "properties": {"name": "3169", "buildingName": "RGCI", "nodeId": "8a6d2-5ec-653-d2e-3ab733aaa4", "polygonType": "Room", "type": "Room", "walkableType": "non-walkable", "visibilityType": "visible", "directionType": "bidirectional", "tactileAvailibity": "not available", "global": false, "floor": 1}}, {"building_ID": "65d88662db333f894570bad3", "id": "13d4164-3ac3-4a4d-0455-2d0bbc8558f", "type": "Feature", "geometry": {"coordinates": [[77.111132632, 28.716655126], [77.1111102106, 28.7166699783], [77.1111102106, 28.7166699783]], "type": "LineString"}, "properties": {"nodeId": "13d4164-3ac3-4a4d-0455-2d0bbc8558f", "buildingName": "RGCI", "polygonType": "Waypoints", "walkableType": "walkable", "visibilityType": "visible", "directionType": "bidirectional", "tactileAvailibity": "not available", "global": false, "name": "undefined", "floor": 1}}, {"building_ID": "65d88662db333f894570bad3", "id": "f70d0df-8201-a00e-aef1-12b20f40d12c", "type": "Feature", "geometry": {"coordinates": [[[77.1109650848, 28.7162788641], [77.1109613215, 28.7162744943], [77.1109912167, 28.7162546913], [77.1109799266, 28.7162415821], [77.1109923829, 28.7162333308], [77.1109792112, 28.7162180367], [77.111061423, 28.7161635784], [77.1110896481, 28.7161963515], [77.1109650848, 28.7162788641]]], "type": "Polygon"}, "properties": {"name": "Waiting Area", "buildingName": "RGCI", "nodeId": "f70d0df-8201-a00e-aef1-12b20f40d12c", "polygonType": "Cubicle", "type": "Sitting Area | Reception", "walkableType": "non-walkable", "visibilityType": "visible", "directionType": "bidirectional", "tactileAvailibity": "not available", "fillColor": "undefined", "height": "undefined", "global": false, "floor": 1}}, {"building_ID": "65d88662db333f894570bad3", "id": "15e135f-5045-ea3-4b67-f628b3b6d132", "type": "Feature", "geometry": {"coordinates": [[77.1110766099, 28.71605401], [77.1110690832, 28.7160452705], [77.1110690832, 28.7160452705]], "type": "LineString"}, "properties": {"nodeId": "15e135f-5045-ea3-4b67-f628b3b6d132", "buildingName": "RGCI", "polygonType": "Waypoints", "walkableType": "walkable", "visibilityType": "visible", "directionType": "bidirectional", "tactileAvailibity": "not available", "global": false, "name": "undefined", "floor": 1}}, {"building_ID": "65d88662db333f894570bad3", "id": "e735a1-5e2-c804-14cd-0d46fceaeb", "type": "Feature", "geometry": {"coordinates": [[[77.1116460672, 28.716860599], [77.1116742924, 28.716893372], [77.1116394146, 28.7169164756], [77.1116111895, 28.7168837025], [77.1116086982, 28.7168853527], [77.111638805, 28.7169203107], [77.1116786653, 28.7168939067], [77.1116485585, 28.7168589487], [77.1116460672, 28.716860599]]], "type": "Polygon"}, "properties": {"name": "undefined", "buildingName": "RGCI", "nodeId": "e735a1-5e2-c804-14cd-0d46fceaeb", "polygonType": "Cubicle", "type": "Wall", "walkableType": "non-walkable", "visibilityType": "visible", "directionType": "bidirectional", "tactileAvailibity": "not available", "fillColor": "undefined", "height": "undefined", "global": false, "floor": 1}}, {"building_ID": "65d88662db333f894570bad3", "id": "f32a1d-5bff-d6e-67f-55e0eb6d3e", "type": "Feature", "geometry": {"coordinates": [[[77.1110713881, 28.7161569774], [77.1110913182, 28.7161437753], [77.1111195433, 28.7161765484], [77.1110996132, 28.7161897504], [77.1110713881, 28.7161569774]]], "type": "Polygon"}, "properties": {"name": "OPD Waiting ", "buildingName": "RGCI", "nodeId": "f32a1d-5bff-d6e-67f-55e0eb6d3e", "polygonType": "Cubicle", "type": "Sitting Area | Reception", "walkableType": "non-walkable", "visibilityType": "visible", "directionType": "bidirectional", "tactileAvailibity": "not available", "fillColor": "undefined", "height": "undefined", "global": false, "floor": 1}}, {"building_ID": "65d88662db333f894570bad3", "id": "7c45beb-06e7-4bf-de1-cacef86ba3ee", "type": "Feature", "geometry": {"coordinates": [[[77.1111258207, 28.7166699319], [77.1112707097, 28.7168381671], [77.1112732009, 28.7168365168], [77.111128312, 28.7166682817], [77.1111258207, 28.7166699319]]], "type": "Polygon"}, "properties": {"name": "undefined", "buildingName": "RGCI", "nodeId": "7c45beb-06e7-4bf-de1-cacef86ba3ee", "polygonType": "Cubicle", "type": "Wall", "walkableType": "non-walkable", "visibilityType": "visible", "directionType": "bidirectional", "tactileAvailibity": "not available", "fillColor": "undefined", "height": "undefined", "global": false, "floor": 1}}, {"building_ID": "65d88662db333f894570bad3", "id": "a14164b-47db-27f8-60d6-7cad565def8", "type": "Feature", "geometry": {"coordinates": [[[77.1109230255, 28.7162209418], [77.1109329905, 28.7162143408], [77.1109630973, 28.7162492987], [77.1109531323, 28.7162558997], [77.1109230255, 28.7162209418]]], "type": "Polygon"}, "properties": {"name": "Hugs and Mugs", "buildingName": "RGCI", "nodeId": "a14164b-47db-27f8-60d6-7cad565def8", "polygonType": "Room", "type": "Room", "walkableType": "non-walkable", "visibilityType": "visible", "directionType": "bidirectional", "tactileAvailibity": "not available", "fillColor": "undefined", "height": "undefined", "global": false, "floor": 1}}, {"building_ID": "65d88662db333f894570bad3", "id": "ecdc3a-2e45-4f86-0c25-cedeea07d6ab", "type": "Feature", "geometry": {"coordinates": [[77.111405422, 28.7169582422], [77.1113527351, 28.7168970658], [77.1113527351, 28.7168970658]], "type": "LineString"}, "properties": {"nodeId": "ecdc3a-2e45-4f86-0c25-cedeea07d6ab", "buildingName": "RGCI", "polygonType": "Waypoints", "walkableType": "walkable", "visibilityType": "visible", "directionType": "bidirectional", "tactileAvailibity": "not available", "global": false, "name": "undefined", "floor": 1}}, {"building_ID": "65d88662db333f894570bad3", "id": "0f2c246-3bdd-7c53-f7df-677d3f10fefa", "type": "Feature", "geometry": {"coordinates": [[77.1110154115, 28.7165371893], [77.1110328503, 28.7165256376], [77.1110328503, 28.7165256376]], "type": "LineString"}, "properties": {"nodeId": "0f2c246-3bdd-7c53-f7df-677d3f10fefa", "buildingName": "RGCI", "polygonType": "Waypoints", "walkableType": "walkable", "visibilityType": "visible", "directionType": "bidirectional", "tactileAvailibity": "not available", "global": false, "name": "undefined", "floor": 1}}, {"building_ID": "65d88662db333f894570bad3", "id": "b62cfe2-2dcd-4ee5-c4e1-67b74a7ac525", "type": "Feature", "geometry": {"coordinates": [[77.1116290264, 28.7168135546], [77.1116115875, 28.7168251064], [77.1116115875, 28.7168251064]], "type": "LineString"}, "properties": {"nodeId": "b62cfe2-2dcd-4ee5-c4e1-67b74a7ac525", "buildingName": "RGCI", "polygonType": "Waypoints", "walkableType": "walkable", "visibilityType": "visible", "directionType": "bidirectional", "tactileAvailibity": "not available", "global": false, "name": "undefined", "floor": 1}}, {"building_ID": "65d88662db333f894570bad3", "id": "4dbd2d6-b540-656a-287-513d437a4baf", "type": "Feature", "geometry": {"coordinates": [[77.1109335472, 28.7161968154], [77.1108837219, 28.7162298205], [77.1108488442, 28.716252924], [77.1108089839, 28.716279328], [77.1107790887, 28.7162991311], [77.1107741062, 28.7163024316], [77.1107741062, 28.7163024316]], "type": "LineString"}, "properties": {"nodeId": "4dbd2d6-b540-656a-287-513d437a4baf", "buildingName": "RGCI", "polygonType": "Waypoints", "walkableType": "walkable", "visibilityType": "visible", "directionType": "bidirectional", "tactileAvailibity": "not available", "global": false, "name": "undefined", "floor": 1}}, {"building_ID": "65d88662db333f894570bad3", "id": "4c45d7-fab6-d4a5-63ea-12f6c4eea47a", "type": "Feature", "geometry": {"coordinates": [[77.1109184938, 28.7161793364], [77.1109234764, 28.7161760359], [77.1109234764, 28.7161760359]], "type": "LineString"}, "properties": {"nodeId": "4c45d7-fab6-d4a5-63ea-12f6c4eea47a", "buildingName": "RGCI", "polygonType": "Waypoints", "walkableType": "walkable", "visibilityType": "visible", "directionType": "bidirectional", "tactileAvailibity": "not available", "global": false, "name": "undefined", "floor": 1}}, {"building_ID": "65d88662db333f894570bad3", "id": "665835-cc76-3e4-58fc-4e6621536e", "type": "Feature", "geometry": {"coordinates": [[77.1117351684, 28.7169731431], [77.1117426951, 28.7169818826], [77.1117426951, 28.7169818826]], "type": "LineString"}, "properties": {"nodeId": "665835-cc76-3e4-58fc-4e6621536e", "buildingName": "RGCI", "polygonType": "Waypoints", "walkableType": "walkable", "visibilityType": "visible", "directionType": "bidirectional", "tactileAvailibity": "not available", "global": false, "name": "undefined", "floor": 1}}, {"building_ID": "65d88662db333f894570bad3", "id": "712a70-0763-558e-faad-26682ddae22f", "type": "Feature", "geometry": {"coordinates": [[77.1116285755, 28.7168584605], [77.1116436289, 28.7168759395], [77.1116436289, 28.7168759395]], "type": "LineString"}, "properties": {"nodeId": "712a70-0763-558e-faad-26682ddae22f", "buildingName": "RGCI", "polygonType": "Waypoints", "walkableType": "walkable", "visibilityType": "visible", "directionType": "bidirectional", "tactileAvailibity": "not available", "global": false, "name": "undefined", "floor": 1}}, {"building_ID": "65d88662db333f894570bad3", "id": "cbec073-5fe8-3820-2ceb-7be4470b1537", "type": "Feature", "geometry": {"coordinates": [[77.1116180789, 28.7170507049], [77.1116124339, 28.7170441503], [77.1116124339, 28.7170441503]], "type": "LineString"}, "properties": {"nodeId": "cbec073-5fe8-3820-2ceb-7be4470b1537", "buildingName": "RGCI", "polygonType": "Waypoints", "walkableType": "walkable", "visibilityType": "visible", "directionType": "bidirectional", "tactileAvailibity": "not available", "global": false, "name": "undefined", "floor": 1}}, {"building_ID": "65d88662db333f894570bad3", "id": "4cddea-d83d-c47f-43a6-fcec6c7e4e8", "type": "Feature", "geometry": {"coordinates": [[77.1115965064, 28.7169620552], [77.1115890326, 28.716967006], [77.1115890326, 28.716967006]], "type": "LineString"}, "properties": {"nodeId": "4cddea-d83d-c47f-43a6-fcec6c7e4e8", "buildingName": "RGCI", "polygonType": "Waypoints", "walkableType": "walkable", "visibilityType": "visible", "directionType": "bidirectional", "tactileAvailibity": "not available", "global": false, "name": "undefined", "floor": 1}}, {"building_ID": "65d88662db333f894570bad3", "id": "4e45e1d-d4bd-85b8-4314-cda7ee70ece", "type": "Feature", "geometry": {"coordinates": [[77.1112662888, 28.7161788504], [77.1112587621, 28.7161701109], [77.1112437087, 28.7161526319], [77.111236182, 28.7161438924], [77.1112230102, 28.7161285983], [77.1112136019, 28.7161176739], [77.1111947851, 28.7160958252], [77.1111759684, 28.7160739765], [77.1111759684, 28.7160739765]], "type": "LineString"}, "properties": {"nodeId": "4e45e1d-d4bd-85b8-4314-cda7ee70ece", "buildingName": "RGCI", "polygonType": "Waypoints", "walkableType": "walkable", "visibilityType": "visible", "directionType": "bidirectional", "tactileAvailibity": "not available", "global": false, "name": "undefined", "floor": 1}}, {"building_ID": "65d88662db333f894570bad3", "id": "236a830-b44-a83f-eb0-377ccac801fc", "type": "Feature", "geometry": {"coordinates": [[77.1110686551, 28.7165808404], [77.1110512162, 28.7165923922], [77.1110138472, 28.7166171459], [77.1110138472, 28.7166171459]], "type": "LineString"}, "properties": {"nodeId": "236a830-b44-a83f-eb0-377ccac801fc", "buildingName": "RGCI", "polygonType": "Waypoints", "walkableType": "walkable", "visibilityType": "visible", "directionType": "bidirectional", "tactileAvailibity": "not available", "global": false, "name": "undefined", "floor": 1}}, {"building_ID": "65d88662db333f894570bad3", "id": "833dad-c11b-f680-ae-1311a6c1568", "type": "Feature", "geometry": {"coordinates": [[77.1109689263, 28.7164650422], [77.1109788913, 28.7164584412], [77.1109863651, 28.7164534904], [77.1109938389, 28.7164485396], [77.1110087865, 28.7164386381], [77.1110287167, 28.7164254361], [77.1110287167, 28.7164254361]], "type": "LineString"}, "properties": {"nodeId": "833dad-c11b-f680-ae-1311a6c1568", "buildingName": "RGCI", "polygonType": "Waypoints", "walkableType": "walkable", "visibilityType": "visible", "directionType": "bidirectional", "tactileAvailibity": "not available", "global": false, "name": "undefined", "floor": 1}}, {"building_ID": "65d88662db333f894570bad3", "id": "200ad36-cfed-e522-1dc4-34c61f6c5e64", "type": "Feature", "geometry": {"coordinates": [[77.111628044, 28.7170441039], [77.1116318073, 28.7170484737], [77.1116318073, 28.7170484737]], "type": "LineString"}, "properties": {"nodeId": "200ad36-cfed-e522-1dc4-34c61f6c5e64", "buildingName": "RGCI", "polygonType": "Waypoints", "walkableType": "walkable", "visibilityType": "visible", "directionType": "bidirectional", "tactileAvailibity": "not available", "global": false, "name": "undefined", "floor": 1}}, {"building_ID": "65d88662db333f894570bad3", "id": "22683dd-3333-ad38-80b-db10634fba", "type": "Feature", "geometry": {"coordinates": [[77.1116081139, 28.717057306], [77.1116118772, 28.7170616757], [77.1116118772, 28.7170616757]], "type": "LineString"}, "properties": {"nodeId": "22683dd-3333-ad38-80b-db10634fba", "buildingName": "RGCI", "polygonType": "Waypoints", "walkableType": "walkable", "visibilityType": "visible", "directionType": "bidirectional", "tactileAvailibity": "not available", "global": false, "name": "undefined", "floor": 1}}, {"building_ID": "65d88662db333f894570bad3", "id": "06b4ca-136-b5a8-3570-7c012116e67", "type": "Feature", "geometry": {"coordinates": [[77.1114736384, 28.7171601098], [77.1114830468, 28.7171710342], [77.1114830468, 28.7171710342]], "type": "LineString"}, "properties": {"nodeId": "06b4ca-136-b5a8-3570-7c012116e67", "buildingName": "RGCI", "polygonType": "Waypoints", "walkableType": "walkable", "visibilityType": "visible", "directionType": "bidirectional", "tactileAvailibity": "not available", "global": false, "name": "undefined", "floor": 1}}, {"building_ID": "65d88662db333f894570bad3", "id": "64e874-b25-c85a-4c15-317274dba2f", "type": "Feature", "geometry": {"coordinates": [[77.111433831, 28.7172002041], [77.1114263572, 28.7172051549], [77.1114263572, 28.7172051549]], "type": "LineString"}, "properties": {"nodeId": "64e874-b25-c85a-4c15-317274dba2f", "buildingName": "RGCI", "polygonType": "Waypoints", "walkableType": "walkable", "visibilityType": "visible", "directionType": "bidirectional", "tactileAvailibity": "not available", "global": false, "name": "undefined", "floor": 1}}, {"building_ID": "65d88662db333f894570bad3", "id": "fa265c-6a86-a562-fcfb-a2dfd7ba5d4", "type": "Feature", "geometry": {"coordinates": [[77.1114188305, 28.7171964154], [77.1114263043, 28.7171914646], [77.1114761296, 28.7171584596], [77.1114761296, 28.7171584596]], "type": "LineString"}, "properties": {"nodeId": "fa265c-6a86-a562-fcfb-a2dfd7ba5d4", "buildingName": "RGCI", "polygonType": "Waypoints", "walkableType": "walkable", "visibilityType": "visible", "directionType": "bidirectional", "tactileAvailibity": "not available", "global": false, "name": "undefined", "floor": 1}}, {"building_ID": "65d88662db333f894570bad3", "id": "e145eaf-24e2-3ea0-2ca7-7131d76bc2c", "type": "Feature", "geometry": {"coordinates": [[77.1114150143, 28.7171783554], [77.1114224881, 28.7171734047], [77.1114224881, 28.7171734047]], "type": "LineString"}, "properties": {"nodeId": "e145eaf-24e2-3ea0-2ca7-7131d76bc2c", "buildingName": "RGCI", "polygonType": "Waypoints", "walkableType": "walkable", "visibilityType": "visible", "directionType": "bidirectional", "tactileAvailibity": "not available", "global": false, "name": "undefined", "floor": 1}}, {"building_ID": "65d88662db333f894570bad3", "id": "40253e-147a-07d8-ee85-df0667cfa25", "type": "Feature", "geometry": {"coordinates": [[77.1113754991, 28.7171324731], [77.1113680253, 28.7171374239], [77.1113680253, 28.7171374239]], "type": "LineString"}, "properties": {"nodeId": "40253e-147a-07d8-ee85-df0667cfa25", "buildingName": "RGCI", "polygonType": "Waypoints", "walkableType": "walkable", "visibilityType": "visible", "directionType": "bidirectional", "tactileAvailibity": "not available", "global": false, "name": "undefined", "floor": 1}}, {"building_ID": "65d88662db333f894570bad3", "id": "7c0fd4-46d3-4b3-1172-18cbd42433e", "type": "Feature", "geometry": {"coordinates": [[77.1109900756, 28.7164441699], [77.1109938389, 28.7164485396], [77.1110088923, 28.7164660186], [77.1110088923, 28.7164660186]], "type": "LineString"}, "properties": {"nodeId": "7c0fd4-46d3-4b3-1172-18cbd42433e", "buildingName": "RGCI", "polygonType": "Waypoints", "walkableType": "walkable", "visibilityType": "visible", "directionType": "bidirectional", "tactileAvailibity": "not available", "global": false, "name": "undefined", "floor": 1}}, {"building_ID": "65d88662db333f894570bad3", "id": "a23e76-001-546d-8ecf-3eb0fc1faa", "type": "Feature", "geometry": {"coordinates": [[77.1110087865, 28.7164386381], [77.1110050232, 28.7164342684], [77.1110050232, 28.7164342684]], "type": "LineString"}, "properties": {"nodeId": "a23e76-001-546d-8ecf-3eb0fc1faa", "buildingName": "RGCI", "polygonType": "Waypoints", "walkableType": "walkable", "visibilityType": "visible", "directionType": "bidirectional", "tactileAvailibity": "not available", "global": false, "name": "undefined", "floor": 1}}, {"building_ID": "65d88662db333f894570bad3", "id": "e4d5ce-a2c2-c2b2-7e76-38bbb8aa4e72", "type": "Feature", "geometry": {"coordinates": [[77.1116111366, 28.7168700122], [77.11162619, 28.7168874912], [77.11162619, 28.7168874912]], "type": "LineString"}, "properties": {"nodeId": "e4d5ce-a2c2-c2b2-7e76-38bbb8aa4e72", "buildingName": "RGCI", "polygonType": "Waypoints", "walkableType": "walkable", "visibilityType": "visible", "directionType": "bidirectional", "tactileAvailibity": "not available", "global": false, "name": "undefined", "floor": 1}}, {"building_ID": "65d88662db333f894570bad3", "id": "e0801a7-2c51-83b0-ab8f-636f54584af7", "type": "Feature", "geometry": {"coordinates": [[77.1109863651, 28.7164534904], [77.1109938918, 28.7164622299], [77.1109938918, 28.7164622299]], "type": "LineString"}, "properties": {"nodeId": "e0801a7-2c51-83b0-ab8f-636f54584af7", "buildingName": "RGCI", "polygonType": "Waypoints", "walkableType": "walkable", "visibilityType": "visible", "directionType": "bidirectional", "tactileAvailibity": "not available", "global": false, "name": "undefined", "floor": 1}}, {"building_ID": "65d88662db333f894570bad3", "id": "c3712e5-7553-7be-463-ccaf86cd5010", "type": "Feature", "geometry": {"coordinates": [[77.1108089839, 28.716279328], [77.1108390907, 28.716314286], [77.1108560258, 28.7163339498], [77.1108635525, 28.7163426893], [77.1109952697, 28.7164956304], [77.1110216132, 28.7165262186], [77.1110272582, 28.7165327732], [77.1110347849, 28.7165415127], [77.1110404299, 28.7165480673], [77.1110404299, 28.7165480673]], "type": "LineString"}, "properties": {"nodeId": "c3712e5-7553-7be-463-ccaf86cd5010", "buildingName": "RGCI", "polygonType": "Waypoints", "walkableType": "walkable", "visibilityType": "visible", "directionType": "bidirectional", "tactileAvailibity": "not available", "global": false, "name": "undefined", "floor": 1}}, {"building_ID": "65d88662db333f894570bad3", "id": "68f83f2-b17b-5a5f-f7a2-1a1e67b1b5b", "type": "Feature", "geometry": {"coordinates": [[77.1108488442, 28.716252924], [77.1108337908, 28.716235445], [77.1108243824, 28.7162245207], [77.1108243824, 28.7162245207]], "type": "LineString"}, "properties": {"nodeId": "68f83f2-b17b-5a5f-f7a2-1a1e67b1b5b", "buildingName": "RGCI", "polygonType": "Waypoints", "walkableType": "walkable", "visibilityType": "visible", "directionType": "bidirectional", "tactileAvailibity": "not available", "global": false, "name": "undefined", "floor": 1}}, {"building_ID": "65d88662db333f894570bad3", "id": "a0c046-513e-11a-7310-ddc5b2a7a053", "type": "Feature", "geometry": {"coordinates": [[77.1108925988, 28.7164263883], [77.1108975813, 28.7164230878], [77.1108975813, 28.7164230878]], "type": "LineString"}, "properties": {"nodeId": "a0c046-513e-11a-7310-ddc5b2a7a053", "buildingName": "RGCI", "polygonType": "Waypoints", "walkableType": "walkable", "visibilityType": "visible", "directionType": "bidirectional", "tactileAvailibity": "not available", "global": false, "name": "undefined", "floor": 1}}, {"building_ID": "65d88662db333f894570bad3", "id": "7d082c4-b41d-05f0-8418-24c83af6b0", "type": "Feature", "geometry": {"coordinates": [[77.1108982438, 28.7164329429], [77.1108882788, 28.7164395439], [77.1108882788, 28.7164395439]], "type": "LineString"}, "properties": {"nodeId": "7d082c4-b41d-05f0-8418-24c83af6b0", "buildingName": "RGCI", "polygonType": "Waypoints", "walkableType": "walkable", "visibilityType": "visible", "directionType": "bidirectional", "tactileAvailibity": "not available", "global": false, "name": "undefined", "floor": 1}}, {"building_ID": "65d88662db333f894570bad3", "id": "1b835a-ea85-0528-d23-7a31deb8fbaa", "type": "Feature", "geometry": {"coordinates": [[77.1108756637, 28.7164067244], [77.1108656987, 28.7164133254], [77.1108656987, 28.7164133254]], "type": "LineString"}, "properties": {"nodeId": "1b835a-ea85-0528-d23-7a31deb8fbaa", "buildingName": "RGCI", "polygonType": "Waypoints", "walkableType": "walkable", "visibilityType": "visible", "directionType": "bidirectional", "tactileAvailibity": "not available", "global": false, "name": "undefined", "floor": 1}}, {"building_ID": "65d88662db333f894570bad3", "id": "c2065e6-fbe6-04ee-c26a-61e0fad18cad", "type": "Feature", "geometry": {"coordinates": [[77.1108390907, 28.716314286], [77.1108191606, 28.716327488], [77.1108191606, 28.716327488]], "type": "LineString"}, "properties": {"nodeId": "c2065e6-fbe6-04ee-c26a-61e0fad18cad", "buildingName": "RGCI", "polygonType": "Waypoints", "walkableType": "walkable", "visibilityType": "visible", "directionType": "bidirectional", "tactileAvailibity": "not available", "global": false, "name": "undefined", "floor": 1}}, {"building_ID": "65d88662db333f894570bad3", "id": "cd2515-c6f8-06b2-4e45-d570f500e2e1", "type": "Feature", "geometry": {"coordinates": [[77.1113171672, 28.7170647421], [77.1113359839, 28.7170865908], [77.1113453923, 28.7170975151], [77.1113548007, 28.7171084395], [77.1113754991, 28.7171324731], [77.1113849075, 28.7171433975], [77.1113905525, 28.7171499521], [77.1113980792, 28.7171586916], [77.1114056059, 28.7171674311], [77.1114150143, 28.7171783554], [77.1114263043, 28.7171914646], [77.111433831, 28.7172002041], [77.1114470027, 28.7172154982], [77.1114470027, 28.7172154982]], "type": "LineString"}, "properties": {"nodeId": "cd2515-c6f8-06b2-4e45-d570f500e2e1", "buildingName": "RGCI", "polygonType": "Waypoints", "walkableType": "walkable", "visibilityType": "visible", "directionType": "bidirectional", "tactileAvailibity": "not available", "global": false, "name": "undefined", "floor": 1}}, {"building_ID": "65d88662db333f894570bad3", "id": "28c7b47-238d-17d7-eab2-feb2b33455d", "type": "Feature", "geometry": {"coordinates": [[77.110912476, 28.716399496], [77.1108850721, 28.7164176488], [77.1108850721, 28.7164176488]], "type": "LineString"}, "properties": {"nodeId": "28c7b47-238d-17d7-eab2-feb2b33455d", "buildingName": "RGCI", "polygonType": "Waypoints", "walkableType": "walkable", "visibilityType": "visible", "directionType": "bidirectional", "tactileAvailibity": "not available", "global": false, "name": "undefined", "floor": 1}}, {"building_ID": "65d88662db333f894570bad3", "id": "487b0a-b3-078-bfd-ae4db26ed2", "type": "Feature", "geometry": {"coordinates": [[77.1110092928, 28.7160848766], [77.1110168195, 28.7160936161], [77.1110205828, 28.7160979858], [77.1110205828, 28.7160979858]], "type": "LineString"}, "properties": {"nodeId": "487b0a-b3-078-bfd-ae4db26ed2", "buildingName": "RGCI", "polygonType": "Waypoints", "walkableType": "walkable", "visibilityType": "visible", "directionType": "bidirectional", "tactileAvailibity": "not available", "global": false, "name": "undefined", "floor": 1}}, {"building_ID": "65d88662db333f894570bad3", "id": "cf1bec-cae-a6e3-4563-487283768a8", "type": "Feature", "geometry": {"coordinates": [[77.1114143266, 28.7170003822], [77.1114067999, 28.7169916427], [77.1114067999, 28.7169916427]], "type": "LineString"}, "properties": {"nodeId": "cf1bec-cae-a6e3-4563-487283768a8", "buildingName": "RGCI", "polygonType": "Waypoints", "walkableType": "walkable", "visibilityType": "visible", "directionType": "bidirectional", "tactileAvailibity": "not available", "global": false, "name": "undefined", "floor": 1}}, {"building_ID": "65d88662db333f894570bad3", "id": "f2b047c-6016-8dc-f202-bc2b6767ee", "type": "Feature", "geometry": {"coordinates": [[77.1113844314, 28.7170201852], [77.1113260994, 28.7169524542], [77.1113260994, 28.7169524542]], "type": "LineString"}, "properties": {"nodeId": "f2b047c-6016-8dc-f202-bc2b6767ee", "buildingName": "RGCI", "polygonType": "Waypoints", "walkableType": "walkable", "visibilityType": "visible", "directionType": "bidirectional", "tactileAvailibity": "not available", "global": false, "name": "undefined", "floor": 1}}, {"building_ID": "65d88662db333f894570bad3", "id": "0af3e0f-d7b-d67-006-d23c25030505", "type": "Feature", "geometry": {"coordinates": [[77.1114736384, 28.7171601098], [77.1114830468, 28.7171710342], [77.1114830468, 28.7171710342]], "type": "LineString"}, "properties": {"nodeId": "0af3e0f-d7b-d67-006-d23c25030505", "buildingName": "RGCI", "polygonType": "Waypoints", "walkableType": "walkable", "visibilityType": "visible", "directionType": "bidirectional", "tactileAvailibity": "not available", "global": false, "name": "undefined", "floor": 1}}, {"building_ID": "65d88662db333f894570bad3", "id": "38232ff-d2ba-2b27-1753-c2e3d086c02c", "type": "Feature", "geometry": {"coordinates": [[77.1114056059, 28.7171674311], [77.1113981321, 28.7171723818], [77.1113981321, 28.7171723818]], "type": "LineString"}, "properties": {"nodeId": "38232ff-d2ba-2b27-1753-c2e3d086c02c", "buildingName": "RGCI", "polygonType": "Waypoints", "walkableType": "walkable", "visibilityType": "visible", "directionType": "bidirectional", "tactileAvailibity": "not available", "global": false, "name": "undefined", "floor": 1}}, {"building_ID": "65d88662db333f894570bad3", "id": "717f712-f1f-8cd-f6bb-14ade5fadb", "type": "Feature", "geometry": {"coordinates": [[77.1113980792, 28.7171586916], [77.1113906054, 28.7171636423], [77.1113906054, 28.7171636423]], "type": "LineString"}, "properties": {"nodeId": "717f712-f1f-8cd-f6bb-14ade5fadb", "buildingName": "RGCI", "polygonType": "Waypoints", "walkableType": "walkable", "visibilityType": "visible", "directionType": "bidirectional", "tactileAvailibity": "not available", "global": false, "name": "undefined", "floor": 1}}, {"building_ID": "65d88662db333f894570bad3", "id": "8fc184a-878-75fd-2b67-5b1c6717154", "type": "Feature", "geometry": {"coordinates": [[77.1113905525, 28.7171499521], [77.1113830787, 28.7171549028], [77.1113830787, 28.7171549028]], "type": "LineString"}, "properties": {"nodeId": "8fc184a-878-75fd-2b67-5b1c6717154", "buildingName": "RGCI", "polygonType": "Waypoints", "walkableType": "walkable", "visibilityType": "visible", "directionType": "bidirectional", "tactileAvailibity": "not available", "global": false, "name": "undefined", "floor": 1}}, {"building_ID": "65d88662db333f894570bad3", "id": "1a6bba-221d-af30-c01-76ae2682845a", "type": "Feature", "geometry": {"coordinates": [[77.1113548007, 28.7171084395], [77.1113473269, 28.7171133903], [77.1113473269, 28.7171133903]], "type": "LineString"}, "properties": {"nodeId": "1a6bba-221d-af30-c01-76ae2682845a", "buildingName": "RGCI", "polygonType": "Waypoints", "walkableType": "walkable", "visibilityType": "visible", "directionType": "bidirectional", "tactileAvailibity": "not available", "global": false, "name": "undefined", "floor": 1}}, {"building_ID": "65d88662db333f894570bad3", "id": "66ee155-0fa4-5af0-5a14-a02082182754", "type": "Feature", "geometry": {"coordinates": [[77.1113453923, 28.7170975151], [77.1113379185, 28.7171024659], [77.1113379185, 28.7171024659]], "type": "LineString"}, "properties": {"nodeId": "66ee155-0fa4-5af0-5a14-a02082182754", "buildingName": "RGCI", "polygonType": "Waypoints", "walkableType": "walkable", "visibilityType": "visible", "directionType": "bidirectional", "tactileAvailibity": "not available", "global": false, "name": "undefined", "floor": 1}}, {"building_ID": "65d88662db333f894570bad3", "id": "fe34c5-cfe-ea18-ab2-e6d0bd6d7735", "type": "Feature", "geometry": {"coordinates": [[77.1114317654, 28.7169888304], [77.1114143266, 28.7170003822], [77.1114068528, 28.717005333], [77.1113844314, 28.7170201852], [77.1113096934, 28.7170696928], [77.1113096934, 28.7170696928]], "type": "LineString"}, "properties": {"nodeId": "fe34c5-cfe-ea18-ab2-e6d0bd6d7735", "buildingName": "RGCI", "polygonType": "Waypoints", "walkableType": "walkable", "visibilityType": "visible", "directionType": "bidirectional", "tactileAvailibity": "not available", "global": false, "name": "undefined", "floor": 1}}, {"building_ID": "65d88662db333f894570bad3", "id": "c4254b-c4a-60aa-a7ad-3d00557f6ba5", "type": "Feature", "geometry": {"coordinates": [[77.1108884651, 28.7163261868], [77.1109091636, 28.7163502204], [77.1109091636, 28.7163502204]], "type": "LineString"}, "properties": {"nodeId": "c4254b-c4a-60aa-a7ad-3d00557f6ba5", "buildingName": "RGCI", "polygonType": "Waypoints", "walkableType": "walkable", "visibilityType": "visible", "directionType": "bidirectional", "tactileAvailibity": "not available", "global": false, "name": "undefined", "floor": 1}}, {"building_ID": "65d88662db333f894570bad3", "id": "6bbf16a-af73-4877-a62f-7a6683def43", "type": "Feature", "geometry": {"coordinates": [[77.1110404299, 28.7165480673], [77.1113170361, 28.7168692435], [77.1113170361, 28.7168692435]], "type": "LineString"}, "properties": {"nodeId": "6bbf16a-af73-4877-a62f-7a6683def43", "buildingName": "RGCI", "polygonType": "Waypoints", "walkableType": "walkable", "visibilityType": "visible", "directionType": "bidirectional", "tactileAvailibity": "not available", "global": false, "name": "undefined", "floor": 1}}, {"building_ID": "65d88662db333f894570bad3", "id": "1db10c-6d24-0146-e30b-554cf27508b4", "type": "Feature", "geometry": {"coordinates": [[77.1110512162, 28.7165923922], [77.1110549795, 28.7165967619], [77.1110549795, 28.7165967619]], "type": "LineString"}, "properties": {"nodeId": "1db10c-6d24-0146-e30b-554cf27508b4", "buildingName": "RGCI", "polygonType": "Waypoints", "walkableType": "walkable", "visibilityType": "visible", "directionType": "bidirectional", "tactileAvailibity": "not available", "global": false, "name": "undefined", "floor": 1}}, {"building_ID": "65d88662db333f894570bad3", "id": "5e867db-a06-d5ab-3c3-27d7a317cf4", "type": "Feature", "geometry": {"coordinates": [[77.1109952697, 28.7164956304], [77.1109778309, 28.7165071821], [77.1109728483, 28.7165104826], [77.1109728483, 28.7165104826]], "type": "LineString"}, "properties": {"nodeId": "5e867db-a06-d5ab-3c3-27d7a317cf4", "buildingName": "RGCI", "polygonType": "Waypoints", "walkableType": "walkable", "visibilityType": "visible", "directionType": "bidirectional", "tactileAvailibity": "not available", "global": false, "name": "undefined", "floor": 1}}, {"building_ID": "65d88662db333f894570bad3", "id": "a7bb563-6825-5ce5-766-cede424e22f", "type": "Feature", "geometry": {"coordinates": [[77.1110404299, 28.7165480673], [77.1110304649, 28.7165546683], [77.1110304649, 28.7165546683]], "type": "LineString"}, "properties": {"nodeId": "a7bb563-6825-5ce5-766-cede424e22f", "buildingName": "RGCI", "polygonType": "Waypoints", "walkableType": "walkable", "visibilityType": "visible", "directionType": "bidirectional", "tactileAvailibity": "not available", "global": false, "name": "undefined", "floor": 1}}, {"building_ID": "65d88662db333f894570bad3", "id": "4158b4-55f6-5142-3fb-0cdf51a376c", "type": "Feature", "geometry": {"coordinates": [[77.1109140151, 28.7161514213], [77.11090405, 28.7161580223], [77.110894085, 28.7161646233], [77.1108691723, 28.7161811259], [77.1108517334, 28.7161926776], [77.1108517334, 28.7161926776]], "type": "LineString"}, "properties": {"nodeId": "4158b4-55f6-5142-3fb-0cdf51a376c", "buildingName": "RGCI", "polygonType": "Waypoints", "walkableType": "walkable", "visibilityType": "visible", "directionType": "bidirectional", "tactileAvailibity": "not available", "global": false, "name": "undefined", "floor": 1}}, {"building_ID": "65d88662db333f894570bad3", "id": "cb7b53a-7f4-67ce-ca0b-1d68bf345df", "type": "Feature", "geometry": {"coordinates": [[77.1108517334, 28.7161926776], [77.1108649052, 28.7162079717], [77.1108837219, 28.7162298205], [77.1108837219, 28.7162298205]], "type": "LineString"}, "properties": {"nodeId": "cb7b53a-7f4-67ce-ca0b-1d68bf345df", "buildingName": "RGCI", "polygonType": "Waypoints", "walkableType": "walkable", "visibilityType": "visible", "directionType": "bidirectional", "tactileAvailibity": "not available", "global": false, "name": "undefined", "floor": 1}}, {"building_ID": "65d88662db333f894570bad3", "id": "af0b522-4305-2888-24d8-6765f4e7fbcf", "type": "Feature", "geometry": {"coordinates": [[77.1109033598, 28.716302595], [77.1109240583, 28.7163266286], [77.1109240583, 28.7163266286]], "type": "LineString"}, "properties": {"nodeId": "af0b522-4305-2888-24d8-6765f4e7fbcf", "buildingName": "RGCI", "polygonType": "Waypoints", "walkableType": "walkable", "visibilityType": "visible", "directionType": "bidirectional", "tactileAvailibity": "not available", "global": false, "name": "undefined", "floor": 1}}, {"building_ID": "65d88662db333f894570bad3", "id": "88d086-0782-2cb-16ff-5bbaea27f0", "type": "Feature", "geometry": {"coordinates": [[77.11092329, 28.716289393], [77.1109439884, 28.7163134266], [77.1109439884, 28.7163134266]], "type": "LineString"}, "properties": {"nodeId": "88d086-0782-2cb-16ff-5bbaea27f0", "buildingName": "RGCI", "polygonType": "Waypoints", "walkableType": "walkable", "visibilityType": "visible", "directionType": "bidirectional", "tactileAvailibity": "not available", "global": false, "name": "undefined", "floor": 1}}, {"building_ID": "65d88662db333f894570bad3", "id": "6786d24-7038-d27f-ce77-d2a20ce27b00", "type": "Feature", "geometry": {"coordinates": [[77.1114317654, 28.7169888304], [77.1114566781, 28.7169723279], [77.1115862239, 28.7168865148], [77.1115862239, 28.7168865148]], "type": "LineString"}, "properties": {"nodeId": "6786d24-7038-d27f-ce77-d2a20ce27b00", "buildingName": "RGCI", "polygonType": "Waypoints", "walkableType": "walkable", "visibilityType": "visible", "directionType": "bidirectional", "tactileAvailibity": "not available", "global": false, "name": "undefined", "floor": 1}}, {"building_ID": "65d88662db333f894570bad3", "id": "52fa31-d8a8-ce77-8fe1-efc883d12cc", "type": "Feature", "geometry": {"coordinates": [[77.1109894156, 28.7161117689], [77.1109818889, 28.7161030294], [77.1109818889, 28.7161030294]], "type": "LineString"}, "properties": {"nodeId": "52fa31-d8a8-ce77-8fe1-efc883d12cc", "buildingName": "RGCI", "polygonType": "Waypoints", "walkableType": "walkable", "visibilityType": "visible", "directionType": "bidirectional", "tactileAvailibity": "not available", "global": false, "name": "undefined", "floor": 1}}, {"building_ID": "65d88662db333f894570bad3", "id": "2b1d22-dfca-24d-7174-526eec7845ac", "type": "Feature", "geometry": {"coordinates": [[77.1108337908, 28.716235445], [77.1108312995, 28.7162370953], [77.1108312995, 28.7162370953]], "type": "LineString"}, "properties": {"nodeId": "2b1d22-dfca-24d-7174-526eec7845ac", "buildingName": "RGCI", "polygonType": "Waypoints", "walkableType": "walkable", "visibilityType": "visible", "directionType": "bidirectional", "tactileAvailibity": "not available", "global": false, "name": "undefined", "floor": 1}}, {"building_ID": "65d88662db333f894570bad3", "id": "c1e220b-1677-fe3-720-f5bfc5e532d", "type": "Feature", "geometry": {"coordinates": [[77.110932114, 28.7164722706], [77.1109246402, 28.7164772213], [77.1109246402, 28.7164772213]], "type": "LineString"}, "properties": {"nodeId": "c1e220b-1677-fe3-720-f5bfc5e532d", "buildingName": "RGCI", "polygonType": "Waypoints", "walkableType": "walkable", "visibilityType": "visible", "directionType": "bidirectional", "tactileAvailibity": "not available", "global": false, "name": "undefined", "floor": 1}}, {"building_ID": "65d88662db333f894570bad3", "id": "1d5a1b8-efcc-82bf-682f-551d784df3", "type": "Feature", "geometry": {"coordinates": [[77.1110588788, 28.7161515384], [77.1110645239, 28.716158093], [77.1110645239, 28.716158093]], "type": "LineString"}, "properties": {"nodeId": "1d5a1b8-efcc-82bf-682f-551d784df3", "buildingName": "RGCI", "polygonType": "Waypoints", "walkableType": "walkable", "visibilityType": "visible", "directionType": "bidirectional", "tactileAvailibity": "not available", "global": false, "name": "undefined", "floor": 1}}, {"building_ID": "65d88662db333f894570bad3", "id": "d56b1b-1e8-7c63-87c8-d1801ddc440", "type": "Feature", "geometry": {"coordinates": [[77.1108635525, 28.7163426893], [77.1108560787, 28.7163476401], [77.1108560787, 28.7163476401]], "type": "LineString"}, "properties": {"nodeId": "d56b1b-1e8-7c63-87c8-d1801ddc440", "buildingName": "RGCI", "polygonType": "Waypoints", "walkableType": "walkable", "visibilityType": "visible", "directionType": "bidirectional", "tactileAvailibity": "not available", "global": false, "name": "undefined", "floor": 1}}, {"building_ID": "65d88662db333f894570bad3", "id": "7d1b4f7-5eb7-40b0-345-3cc8d2e5843", "type": "Feature", "geometry": {"coordinates": [[77.1108649052, 28.7162079717], [77.1108624139, 28.716209622], [77.1108624139, 28.716209622]], "type": "LineString"}, "properties": {"nodeId": "7d1b4f7-5eb7-40b0-345-3cc8d2e5843", "buildingName": "RGCI", "polygonType": "Waypoints", "walkableType": "walkable", "visibilityType": "visible", "directionType": "bidirectional", "tactileAvailibity": "not available", "global": false, "name": "undefined", "floor": 1}}, {"building_ID": "65d88662db333f894570bad3", "id": "85df6e4-b530-8dd3-1761-662b300517", "type": "Feature", "geometry": {"coordinates": [[77.1108691723, 28.7161811259], [77.1108672906, 28.716178941], [77.1108672906, 28.716178941]], "type": "LineString"}, "properties": {"nodeId": "85df6e4-b530-8dd3-1761-662b300517", "buildingName": "RGCI", "polygonType": "Waypoints", "walkableType": "walkable", "visibilityType": "visible", "directionType": "bidirectional", "tactileAvailibity": "not available", "global": false, "name": "undefined", "floor": 1}}, {"building_ID": "65d88662db333f894570bad3", "id": "abc50d4-3d-38bc-04bf-378f623c8fe", "type": "Feature", "geometry": {"coordinates": [[77.110894085, 28.7161646233], [77.1108922033, 28.7161624385], [77.1108922033, 28.7161624385]], "type": "LineString"}, "properties": {"nodeId": "abc50d4-3d-38bc-04bf-378f623c8fe", "buildingName": "RGCI", "polygonType": "Waypoints", "walkableType": "walkable", "visibilityType": "visible", "directionType": "bidirectional", "tactileAvailibity": "not available", "global": false, "name": "undefined", "floor": 1}}, {"building_ID": "65d88662db333f894570bad3", "id": "0362df-ed70-7140-2f-23eaaa7ef4ed", "type": "Feature", "geometry": {"coordinates": [[77.111236182, 28.7161438924], [77.111246147, 28.7161372914], [77.111246147, 28.7161372914]], "type": "LineString"}, "properties": {"nodeId": "0362df-ed70-7140-2f-23eaaa7ef4ed", "buildingName": "RGCI", "polygonType": "Waypoints", "walkableType": "walkable", "visibilityType": "visible", "directionType": "bidirectional", "tactileAvailibity": "not available", "global": false, "name": "undefined", "floor": 1}}, {"building_ID": "65d88662db333f894570bad3", "id": "2be037-2a1b-d15-a1f2-034a3ba7255", "type": "Feature", "geometry": {"coordinates": [[77.1111177146, 28.7161880538], [77.1111426272, 28.7161715513], [77.1111525923, 28.7161649503], [77.1111525923, 28.7161649503]], "type": "LineString"}, "properties": {"nodeId": "2be037-2a1b-d15-a1f2-034a3ba7255", "buildingName": "RGCI", "polygonType": "Waypoints", "walkableType": "walkable", "visibilityType": "visible", "directionType": "bidirectional", "tactileAvailibity": "not available", "global": false, "name": "undefined", "floor": 1}}, {"building_ID": "65d88662db333f894570bad3", "id": "f34f1b3-267c-3c5f-46a-dfdc855b431", "type": "Feature", "geometry": {"coordinates": [[77.1111873113, 28.716100776], [77.1111947851, 28.7160958252], [77.1112047502, 28.7160892242], [77.1112047502, 28.7160892242]], "type": "LineString"}, "properties": {"nodeId": "f34f1b3-267c-3c5f-46a-dfdc855b431", "buildingName": "RGCI", "polygonType": "Waypoints", "walkableType": "walkable", "visibilityType": "visible", "directionType": "bidirectional", "tactileAvailibity": "not available", "global": false, "name": "undefined", "floor": 1}}, {"building_ID": "65d88662db333f894570bad3", "id": "ceab5c-463-2e55-ef-c60754fdd00c", "type": "Feature", "geometry": {"coordinates": [[77.111196163, 28.7161292257], [77.1112136019, 28.7161176739], [77.1112235669, 28.7161110729], [77.1112235669, 28.7161110729]], "type": "LineString"}, "properties": {"nodeId": "ceab5c-463-2e55-ef-c60754fdd00c", "buildingName": "RGCI", "polygonType": "Waypoints", "walkableType": "walkable", "visibilityType": "visible", "directionType": "bidirectional", "tactileAvailibity": "not available", "global": false, "name": "undefined", "floor": 1}}, {"building_ID": "65d88662db333f894570bad3", "id": "0306e-7ecf-cb0-a73-aca74b4ff150", "type": "Feature", "geometry": {"coordinates": [[77.1112055714, 28.7161401501], [77.1112230102, 28.7161285983], [77.1112230102, 28.7161285983]], "type": "LineString"}, "properties": {"nodeId": "0306e-7ecf-cb0-a73-aca74b4ff150", "buildingName": "RGCI", "polygonType": "Waypoints", "walkableType": "walkable", "visibilityType": "visible", "directionType": "bidirectional", "tactileAvailibity": "not available", "global": false, "name": "undefined", "floor": 1}}, {"building_ID": "65d88662db333f894570bad3", "id": "1776286-d42c-aacd-2833-28f43441d352", "type": "Feature", "geometry": {"coordinates": [[77.1112262698, 28.7161641837], [77.1112437087, 28.7161526319], [77.1112437087, 28.7161526319]], "type": "LineString"}, "properties": {"nodeId": "1776286-d42c-aacd-2833-28f43441d352", "buildingName": "RGCI", "polygonType": "Waypoints", "walkableType": "walkable", "visibilityType": "visible", "directionType": "bidirectional", "tactileAvailibity": "not available", "global": false, "name": "undefined", "floor": 1}}, {"building_ID": "65d88662db333f894570bad3", "id": "a41382c-a44e-388-14d-837c78eb434", "type": "Feature", "geometry": {"coordinates": [[77.1112587621, 28.7161701109], [77.1112687271, 28.7161635099], [77.1112687271, 28.7161635099]], "type": "LineString"}, "properties": {"nodeId": "a41382c-a44e-388-14d-837c78eb434", "buildingName": "RGCI", "polygonType": "Waypoints", "walkableType": "walkable", "visibilityType": "visible", "directionType": "bidirectional", "tactileAvailibity": "not available", "global": false, "name": "undefined", "floor": 1}}, {"building_ID": "65d88662db333f894570bad3", "id": "830351d-6bf8-c05-b60-56804ffc6722", "type": "Feature", "geometry": {"coordinates": [[77.111161444, 28.7161934], [77.1111415138, 28.716206602], [77.1111415138, 28.716206602]], "type": "LineString"}, "properties": {"nodeId": "830351d-6bf8-c05-b60-56804ffc6722", "buildingName": "RGCI", "polygonType": "Waypoints", "walkableType": "walkable", "visibilityType": "visible", "directionType": "bidirectional", "tactileAvailibity": "not available", "global": false, "name": "undefined", "floor": 1}}, {"building_ID": "65d88662db333f894570bad3", "id": "036f07d-6c2d-528d-f67-1abe77da57b", "type": "Feature", "geometry": {"coordinates": [[77.1111181654, 28.7161431479], [77.1111281305, 28.7161365469], [77.1111281305, 28.7161365469]], "type": "LineString"}, "properties": {"nodeId": "036f07d-6c2d-528d-f67-1abe77da57b", "buildingName": "RGCI", "polygonType": "Waypoints", "walkableType": "walkable", "visibilityType": "visible", "directionType": "bidirectional", "tactileAvailibity": "not available", "global": false, "name": "undefined", "floor": 1}}, {"building_ID": "65d88662db333f894570bad3", "id": "36352c2-deb1-a643-f4b-8fc3b3673e82", "type": "Feature", "geometry": {"coordinates": [[77.111178379, 28.7162130638], [77.1111584489, 28.7162262659], [77.1111584489, 28.7162262659]], "type": "LineString"}, "properties": {"nodeId": "36352c2-deb1-a643-f4b-8fc3b3673e82", "buildingName": "RGCI", "polygonType": "Waypoints", "walkableType": "walkable", "visibilityType": "visible", "directionType": "bidirectional", "tactileAvailibity": "not available", "global": false, "name": "undefined", "floor": 1}}, {"building_ID": "65d88662db333f894570bad3", "id": "021ce8a-8c13-dde-5e5c-85c270cb4fd", "type": "Feature", "geometry": {"coordinates": [[77.111167089, 28.7161999546], [77.1111770541, 28.7161933536], [77.1111770541, 28.7161933536]], "type": "LineString"}, "properties": {"nodeId": "021ce8a-8c13-dde-5e5c-85c270cb4fd", "buildingName": "RGCI", "polygonType": "Waypoints", "walkableType": "walkable", "visibilityType": "visible", "directionType": "bidirectional", "tactileAvailibity": "not available", "global": false, "name": "undefined", "floor": 1}}, {"building_ID": "65d88662db333f894570bad3", "id": "0a06f0-d7-f875-f7d-5beac073ba52", "type": "Feature", "geometry": {"coordinates": [[77.1111557989, 28.7161868454], [77.111165764, 28.7161802444], [77.111165764, 28.7161802444]], "type": "LineString"}, "properties": {"nodeId": "0a06f0-d7-f875-f7d-5beac073ba52", "buildingName": "RGCI", "polygonType": "Waypoints", "walkableType": "walkable", "visibilityType": "visible", "directionType": "bidirectional", "tactileAvailibity": "not available", "global": false, "name": "undefined", "floor": 1}}, {"building_ID": "65d88662db333f894570bad3", "id": "2801-c2e-a0f4-4ac-d7132bdf570", "type": "Feature", "geometry": {"coordinates": [[77.1108089839, 28.716279328], [77.1108033389, 28.7162727734], [77.1108033389, 28.7162727734]], "type": "LineString"}, "properties": {"nodeId": "2801-c2e-a0f4-4ac-d7132bdf570", "buildingName": "RGCI", "polygonType": "Waypoints", "walkableType": "walkable", "visibilityType": "visible", "directionType": "bidirectional", "tactileAvailibity": "not available", "global": false, "name": "undefined", "floor": 1}}, {"building_ID": "65d88662db333f894570bad3", "id": "77f35-a630-628-6088-e2746c863c1", "type": "Feature", "geometry": {"coordinates": [[77.111218398, 28.7162277305], [77.1112159067, 28.7162293808], [77.1112159067, 28.7162293808]], "type": "LineString"}, "properties": {"nodeId": "77f35-a630-628-6088-e2746c863c1", "buildingName": "RGCI", "polygonType": "Waypoints", "walkableType": "walkable", "visibilityType": "visible", "directionType": "bidirectional", "tactileAvailibity": "not available", "global": false, "name": "undefined", "floor": 1}}, {"building_ID": "65d88662db333f894570bad3", "id": "18b12-03-de4c-6ceb-bf3a76df0465", "type": "Feature", "geometry": {"coordinates": [[77.1111227777, 28.7160440157], [77.1111202864, 28.716045666], [77.1111202864, 28.716045666]], "type": "LineString"}, "properties": {"nodeId": "18b12-03-de4c-6ceb-bf3a76df0465", "buildingName": "RGCI", "polygonType": "Waypoints", "walkableType": "walkable", "visibilityType": "visible", "directionType": "bidirectional", "tactileAvailibity": "not available", "global": false, "name": "undefined", "floor": 1}}, {"building_ID": "65d88662db333f894570bad3", "id": "fdb242-577c-a2cf-fd7a-163121dd7775", "type": "Feature", "geometry": {"coordinates": [[77.1111415944, 28.7160658644], [77.1111391032, 28.7160675147], [77.1111391032, 28.7160675147]], "type": "LineString"}, "properties": {"nodeId": "fdb242-577c-a2cf-fd7a-163121dd7775", "buildingName": "RGCI", "polygonType": "Waypoints", "walkableType": "walkable", "visibilityType": "visible", "directionType": "bidirectional", "tactileAvailibity": "not available", "global": false, "name": "undefined", "floor": 1}}, {"building_ID": "65d88662db333f894570bad3", "id": "2521420-13c-2b70-20d-e5cc76dcc8e", "type": "Feature", "geometry": {"coordinates": [[77.110974468, 28.7161216704], [77.1110215098, 28.7161762922], [77.1110215098, 28.7161762922]], "type": "LineString"}, "properties": {"nodeId": "2521420-13c-2b70-20d-e5cc76dcc8e", "buildingName": "RGCI", "polygonType": "Waypoints", "walkableType": "walkable", "visibilityType": "visible", "directionType": "bidirectional", "tactileAvailibity": "not available", "global": false, "name": "undefined", "floor": 1}}, {"building_ID": "65d88662db333f894570bad3", "id": "2a7d30a-cd7-0ea7-57-d6a81653d8dc", "type": "Feature", "geometry": {"coordinates": [[77.1111012304, 28.7161234841], [77.1111181654, 28.7161431479], [77.1111426272, 28.7161715513], [77.1111557989, 28.7161868454], [77.111161444, 28.7161934], [77.111167089, 28.7161999546], [77.111178379, 28.7162130638], [77.1111971958, 28.7162349126], [77.1111971958, 28.7162349126]], "type": "LineString"}, "properties": {"nodeId": "2a7d30a-cd7-0ea7-57-d6a81653d8dc", "buildingName": "RGCI", "polygonType": "Waypoints", "walkableType": "walkable", "visibilityType": "visible", "directionType": "bidirectional", "tactileAvailibity": "not available", "global": false, "name": "undefined", "floor": 1}}, {"building_ID": "65d88662db333f894570bad3", "id": "38a5187-33e7-f52f-14e-a7e5651fac", "type": "Feature", "geometry": {"coordinates": [[77.1111915508, 28.7162283579], [77.1111741119, 28.7162399097], [77.1111741119, 28.7162399097]], "type": "LineString"}, "properties": {"nodeId": "38a5187-33e7-f52f-14e-a7e5651fac", "buildingName": "RGCI", "polygonType": "Waypoints", "walkableType": "walkable", "visibilityType": "visible", "directionType": "bidirectional", "tactileAvailibity": "not available", "global": false, "name": "undefined", "floor": 1}}, {"building_ID": "65d88662db333f894570bad3", "id": "78dff34-28b6-c10-f043-6b6edbfc2245", "type": "Feature", "geometry": {"coordinates": [[77.1111741119, 28.7162399097], [77.1111891653, 28.7162573887], [77.1111891653, 28.7162573887]], "type": "LineString"}, "properties": {"nodeId": "78dff34-28b6-c10-f043-6b6edbfc2245", "buildingName": "RGCI", "polygonType": "Waypoints", "walkableType": "walkable", "visibilityType": "visible", "directionType": "bidirectional", "tactileAvailibity": "not available", "global": false, "name": "undefined", "floor": 1}}, {"building_ID": "65d88662db333f894570bad3", "id": "6cb8cc5-b63a-4cc-3d8a-2e715cca2e0f", "type": "Feature", "geometry": {"coordinates": [[77.1111915508, 28.7162283579], [77.1112662888, 28.7161788504], [77.1112662888, 28.7161788504]], "type": "LineString"}, "properties": {"nodeId": "6cb8cc5-b63a-4cc-3d8a-2e715cca2e0f", "buildingName": "RGCI", "polygonType": "Waypoints", "walkableType": "walkable", "visibilityType": "visible", "directionType": "bidirectional", "tactileAvailibity": "not available", "global": false, "name": "undefined", "floor": 1}}, {"building_ID": "65d88662db333f894570bad3", "id": "c2637-464-fa3-b161-21d4832d8c3", "type": "Feature", "geometry": {"coordinates": [[77.1112089896, 28.7162168062], [77.111218398, 28.7162277305], [77.111224043, 28.7162342852], [77.111224043, 28.7162342852]], "type": "LineString"}, "properties": {"nodeId": "c2637-464-fa3-b161-21d4832d8c3", "buildingName": "RGCI", "polygonType": "Waypoints", "walkableType": "walkable", "visibilityType": "visible", "directionType": "bidirectional", "tactileAvailibity": "not available", "global": false, "name": "undefined", "floor": 1}}, {"building_ID": "65d88662db333f894570bad3", "id": "522cf26-7c2-dea2-266-3fc06b8eb7d", "type": "Feature", "geometry": {"coordinates": [[77.1109495553, 28.7161381729], [77.1110168195, 28.7160936161], [77.1111114876, 28.7160309065], [77.1111214527, 28.7160243055], [77.1111214527, 28.7160243055]], "type": "LineString"}, "properties": {"nodeId": "522cf26-7c2-dea2-266-3fc06b8eb7d", "buildingName": "RGCI", "polygonType": "Waypoints", "walkableType": "walkable", "visibilityType": "visible", "directionType": "bidirectional", "tactileAvailibity": "not available", "global": false, "name": "undefined", "floor": 1}}, {"building_ID": "65d88662db333f894570bad3", "id": "4b68a66-1cad-7f0b-445a-d84a27d27d32", "type": "Feature", "geometry": {"coordinates": [[77.111086575, 28.716047409], [77.1110903383, 28.7160517787], [77.1110903383, 28.7160517787]], "type": "LineString"}, "properties": {"nodeId": "4b68a66-1cad-7f0b-445a-d84a27d27d32", "buildingName": "RGCI", "polygonType": "Waypoints", "walkableType": "walkable", "visibilityType": "visible", "directionType": "bidirectional", "tactileAvailibity": "not available", "global": false, "name": "undefined", "floor": 1}}, {"building_ID": "65d88662db333f894570bad3", "id": "074aeb-334d-345-3d34-5de7aed7d1", "type": "Feature", "geometry": {"coordinates": [[77.1109970481, 28.7161478888], [77.1109895743, 28.7161528396], [77.1109895743, 28.7161528396]], "type": "LineString"}, "properties": {"nodeId": "074aeb-334d-345-3d34-5de7aed7d1", "buildingName": "RGCI", "polygonType": "Waypoints", "walkableType": "walkable", "visibilityType": "visible", "directionType": "bidirectional", "tactileAvailibity": "not available", "global": false, "name": "undefined", "floor": 1}}, {"building_ID": "65d88662db333f894570bad3", "id": "ba875e-b6e5-f424-550c-123f4b42078", "type": "Feature", "geometry": {"coordinates": [[77.1111039609, 28.716022167], [77.1111227777, 28.7160440157], [77.1111415944, 28.7160658644], [77.1111585295, 28.7160855283], [77.1111585295, 28.7160855283]], "type": "LineString"}, "properties": {"nodeId": "ba875e-b6e5-f424-550c-123f4b42078", "buildingName": "RGCI", "polygonType": "Waypoints", "walkableType": "walkable", "visibilityType": "visible", "directionType": "bidirectional", "tactileAvailibity": "not available", "global": false, "name": "undefined", "floor": 1}}, {"building_ID": "65d88662db333f894570bad3", "id": "d26a87-7777-6548-3b8c-03472bb2bc6d", "type": "Feature", "geometry": {"coordinates": [[77.1110812473, 28.7161229959], [77.111088774, 28.7161317354], [77.111088774, 28.7161317354]], "type": "LineString"}, "properties": {"nodeId": "d26a87-7777-6548-3b8c-03472bb2bc6d", "buildingName": "RGCI", "polygonType": "Waypoints", "walkableType": "walkable", "visibilityType": "visible", "directionType": "bidirectional", "tactileAvailibity": "not available", "global": false, "name": "undefined", "floor": 1}}, {"building_ID": "65d88662db333f894570bad3", "id": "f21c4ca-2b3c-2674-fb26-85eb6acdda", "type": "Feature", "geometry": {"coordinates": [[77.1111859334, 28.7160673755], [77.1111759684, 28.7160739765], [77.1111585295, 28.7160855283], [77.111088774, 28.7161317354], [77.111088774, 28.7161317354]], "type": "LineString"}, "properties": {"nodeId": "f21c4ca-2b3c-2674-fb26-85eb6acdda", "buildingName": "RGCI", "polygonType": "Waypoints", "walkableType": "walkable", "visibilityType": "visible", "directionType": "bidirectional", "tactileAvailibity": "not available", "global": false, "name": "undefined", "floor": 1}}, {"building_ID": "65d88662db333f894570bad3", "id": "b682307-e81e-6b64-1a8c-e58c3f531f1d", "type": "Feature", "geometry": {"coordinates": [[77.1110541885, 28.7160688623], [77.1110466618, 28.7160601228], [77.1110466618, 28.7160601228]], "type": "LineString"}, "properties": {"nodeId": "b682307-e81e-6b64-1a8c-e58c3f531f1d", "buildingName": "RGCI", "polygonType": "Waypoints", "walkableType": "walkable", "visibilityType": "visible", "directionType": "bidirectional", "tactileAvailibity": "not available", "global": false, "name": "undefined", "floor": 1}}, {"building_ID": "65d88662db333f894570bad3", "id": "85bfde-3f18-eb7-8b80-402cd85a5ed", "type": "Feature", "geometry": {"coordinates": [[77.1110713352, 28.7161432871], [77.1110638085, 28.7161345476], [77.1110638085, 28.7161345476]], "type": "LineString"}, "properties": {"nodeId": "85bfde-3f18-eb7-8b80-402cd85a5ed", "buildingName": "RGCI", "polygonType": "Waypoints", "walkableType": "walkable", "visibilityType": "visible", "directionType": "bidirectional", "tactileAvailibity": "not available", "global": false, "name": "undefined", "floor": 1}}, {"building_ID": "65d88662db333f894570bad3", "id": "f0c6d58-13a-b53-d3c3-33e4e7378f", "type": "Feature", "geometry": {"coordinates": [[77.1109570291, 28.7161332221], [77.1109495024, 28.7161244827], [77.1109495024, 28.7161244827]], "type": "LineString"}, "properties": {"nodeId": "f0c6d58-13a-b53-d3c3-33e4e7378f", "buildingName": "RGCI", "polygonType": "Waypoints", "walkableType": "walkable", "visibilityType": "visible", "directionType": "bidirectional", "tactileAvailibity": "not available", "global": false, "name": "undefined", "floor": 1}}, {"building_ID": "65d88662db333f894570bad3", "id": "c78b60-f58a-814-c88f-3bda737328c2", "type": "Feature", "geometry": {"coordinates": [[77.1110249533, 28.7164210664], [77.1110287167, 28.7164254361], [77.1110437701, 28.7164429151], [77.1110437701, 28.7164429151]], "type": "LineString"}, "properties": {"nodeId": "c78b60-f58a-814-c88f-3bda737328c2", "buildingName": "RGCI", "polygonType": "Waypoints", "walkableType": "walkable", "visibilityType": "visible", "directionType": "bidirectional", "tactileAvailibity": "not available", "global": false, "name": "undefined", "floor": 1}}, {"building_ID": "65d88662db333f894570bad3", "id": "224be-702-4220-1310-0aefc8f45ca7", "type": "Feature", "geometry": {"coordinates": [[77.1115862239, 28.7168865148], [77.1116111366, 28.7168700122], [77.1116285755, 28.7168584605], [77.1116534881, 28.716841958], [77.1116534881, 28.716841958]], "type": "LineString"}, "properties": {"nodeId": "224be-702-4220-1310-0aefc8f45ca7", "buildingName": "RGCI", "polygonType": "Waypoints", "walkableType": "walkable", "visibilityType": "visible", "directionType": "bidirectional", "tactileAvailibity": "not available", "global": false, "name": "undefined", "floor": 1}}, {"building_ID": "65d88662db333f894570bad3", "id": "6b0234a-d655-a065-a06-25e66d33eaeb", "type": "Feature", "geometry": {"coordinates": [[77.1115513462, 28.7169096183], [77.1115965064, 28.7169620552], [77.1116529567, 28.7170276014], [77.1116529567, 28.7170276014]], "type": "LineString"}, "properties": {"nodeId": "6b0234a-d655-a065-a06-25e66d33eaeb", "buildingName": "RGCI", "polygonType": "Waypoints", "walkableType": "walkable", "visibilityType": "visible", "directionType": "bidirectional", "tactileAvailibity": "not available", "global": false, "name": "undefined", "floor": 1}}, {"building_ID": "65d88662db333f894570bad3", "id": "85b568-a8f1-c61f-52ca-0a4b205843f5", "type": "Feature", "geometry": {"coordinates": [[77.1116081139, 28.717057306], [77.1116180789, 28.7170507049], [77.111628044, 28.7170441039], [77.1116529567, 28.7170276014], [77.1117351684, 28.7169731431], [77.1117351684, 28.7169731431]], "type": "LineString"}, "properties": {"nodeId": "85b568-a8f1-c61f-52ca-0a4b205843f5", "buildingName": "RGCI", "polygonType": "Waypoints", "walkableType": "walkable", "visibilityType": "visible", "directionType": "bidirectional", "tactileAvailibity": "not available", "global": false, "name": "undefined", "floor": 1}}, {"building_ID": "65d88662db333f894570bad3", "id": "4d1bc3-70d1-0153-8a6b-7226bfb40e", "type": "Feature", "geometry": {"coordinates": [[77.1117002907, 28.7169962466], [77.1117078174, 28.7170049861], [77.1117078174, 28.7170049861]], "type": "LineString"}, "properties": {"nodeId": "4d1bc3-70d1-0153-8a6b-7226bfb40e", "buildingName": "RGCI", "polygonType": "Waypoints", "walkableType": "walkable", "visibilityType": "visible", "directionType": "bidirectional", "tactileAvailibity": "not available", "global": false, "name": "undefined", "floor": 1}}, {"building_ID": "65d88662db333f894570bad3", "id": "2fb4c7-5e6-52f-08f1-8015d22f532b", "type": "Feature", "geometry": {"coordinates": [[77.1110454955, 28.7160814833], [77.1110417322, 28.7160771135], [77.1110417322, 28.7160771135]], "type": "LineString"}, "properties": {"nodeId": "2fb4c7-5e6-52f-08f1-8015d22f532b", "buildingName": "RGCI", "polygonType": "Waypoints", "walkableType": "walkable", "visibilityType": "visible", "directionType": "bidirectional", "tactileAvailibity": "not available", "global": false, "name": "undefined", "floor": 1}}, {"building_ID": "65d88662db333f894570bad3", "id": "6b14a25-aa5-863d-05e2-4a3034f8b13", "type": "Feature", "geometry": {"coordinates": [[77.1110413871, 28.7161493999], [77.1110489138, 28.7161581394], [77.1110489138, 28.7161581394]], "type": "LineString"}, "properties": {"nodeId": "6b14a25-aa5-863d-05e2-4a3034f8b13", "buildingName": "RGCI", "polygonType": "Waypoints", "walkableType": "walkable", "visibilityType": "visible", "directionType": "bidirectional", "tactileAvailibity": "not available", "global": false, "name": "undefined", "floor": 1}}, {"building_ID": "65d88662db333f894570bad3", "id": "ff520e-568d-76ac-d166-b4f13f60b", "type": "Feature", "geometry": {"coordinates": [[77.1113206131, 28.7169869703], [77.1113430345, 28.7169721181], [77.1113430345, 28.7169721181]], "type": "LineString"}, "properties": {"nodeId": "ff520e-568d-76ac-d166-b4f13f60b", "buildingName": "RGCI", "polygonType": "Waypoints", "walkableType": "walkable", "visibilityType": "visible", "directionType": "bidirectional", "tactileAvailibity": "not available", "global": false, "name": "undefined", "floor": 1}}, {"building_ID": "65d88662db333f894570bad3", "id": "0a716e0-3ae6-8c5c-42fb-406d3550573", "type": "Feature", "geometry": {"coordinates": [[[77.1106983883, 28.7162599426], [77.1107432311, 28.716230238], [77.1107375861, 28.7162236834], [77.1107475511, 28.7162170824], [77.1107456695, 28.7162148975], [77.1107332131, 28.7162231488], [77.1107388581, 28.7162297034], [77.1106965066, 28.7162577577], [77.1106983883, 28.7162599426]]], "type": "Polygon"}, "properties": {"name": "undefined", "buildingName": "RGCI", "nodeId": "0a716e0-3ae6-8c5c-42fb-406d3550573", "polygonType": "Cubicle", "type": "Wall", "walkableType": "non-walkable", "visibilityType": "visible", "directionType": "bidirectional", "tactileAvailibity": "not available", "fillColor": "undefined", "height": "undefined", "global": false, "floor": 1}}, {"building_ID": "65d88662db333f894570bad3", "id": "17eb8e6-727e-f-70ae-ecf4de258bca", "type": "Feature", "geometry": {"coordinates": [[[77.110723301, 28.71624344], [77.1107407398, 28.7162318883], [77.1107614382, 28.7162559219], [77.1107439994, 28.7162674736], [77.110723301, 28.71624344]]], "type": "Polygon"}, "properties": {"name": "Lift-10", "buildingName": "RGCI", "nodeId": "17eb8e6-727e-f-70ae-ecf4de258bca", "polygonType": "Cubicle", "type": "Lift", "walkableType": "non-walkable", "visibilityType": "visible", "directionType": "bidirectional", "tactileAvailibity": "not available", "fillColor": "undefined", "height": "undefined", "global": false, "floor": 1}}, {"building_ID": "65d88662db333f894570bad3", "id": "35b54-8a55-8638-4dd6-173f3cab688b", "type": "Feature", "geometry": {"coordinates": [[[77.1107008796, 28.7162582923], [77.110723301, 28.71624344], [77.1107439994, 28.7162674736], [77.110721578, 28.7162823259], [77.1107008796, 28.7162582923]]], "type": "Polygon"}, "properties": {"name": "Lift-9", "buildingName": "RGCI", "nodeId": "35b54-8a55-8638-4dd6-173f3cab688b", "polygonType": "Cubicle", "type": "Lift", "walkableType": "non-walkable", "visibilityType": "visible", "directionType": "bidirectional", "tactileAvailibity": "not available", "fillColor": "undefined", "height": "undefined", "global": false, "floor": 1}}, {"building_ID": "65d88662db333f894570bad3", "id": "d01d338-18e-68-c0fb-41e7c71fde72", "type": "Feature", "geometry": {"coordinates": [[77.1109542457, 28.716220849], [77.1110489138, 28.7161581394], [77.1110489138, 28.7161581394]], "type": "LineString"}, "properties": {"nodeId": "d01d338-18e-68-c0fb-41e7c71fde72", "buildingName": "RGCI", "polygonType": "Waypoints", "walkableType": "walkable", "visibilityType": "visible", "directionType": "bidirectional", "tactileAvailibity": "not available", "global": false, "name": "undefined", "floor": 1}}, {"building_ID": "65d88662db333f894570bad3", "id": "5acc36d-4106-b64-1324-4c76082d2da", "type": "Feature", "geometry": {"coordinates": [[77.1109274765, 28.7164032847], [77.1109200027, 28.7164082355], [77.1109200027, 28.7164082355]], "type": "LineString"}, "properties": {"nodeId": "5acc36d-4106-b64-1324-4c76082d2da", "buildingName": "RGCI", "polygonType": "Waypoints", "walkableType": "walkable", "visibilityType": "visible", "directionType": "bidirectional", "tactileAvailibity": "not available", "global": false, "name": "undefined", "floor": 1}}, {"building_ID": "65d88662db333f894570bad3", "id": "441f00d-1eb5-cd8f-106-bbff2ab7eb3", "type": "Feature", "geometry": {"coordinates": [[77.1108884651, 28.7163261868], [77.1108809384, 28.7163174473], [77.1108809384, 28.7163174473]], "type": "LineString"}, "properties": {"nodeId": "441f00d-1eb5-cd8f-106-bbff2ab7eb3", "buildingName": "RGCI", "polygonType": "Waypoints", "walkableType": "walkable", "visibilityType": "visible", "directionType": "bidirectional", "tactileAvailibity": "not available", "global": false, "name": "undefined", "floor": 1}}, {"building_ID": "65d88662db333f894570bad3", "id": "107a850-f326-462a-1868-22172aa5d06e", "type": "Feature", "geometry": {"coordinates": [[[77.1115300911, 28.7169031101], [77.1115319728, 28.716905295], [77.1114323221, 28.7169713051], [77.1113250666, 28.7168467674], [77.1113275579, 28.7168451171], [77.1114329317, 28.7169674699], [77.1115300911, 28.7169031101]]], "type": "Polygon"}, "properties": {"name": "undefined", "buildingName": "RGCI", "nodeId": "107a850-f326-462a-1868-22172aa5d06e", "polygonType": "Cubicle", "type": "Wall", "walkableType": "non-walkable", "visibilityType": "visible", "directionType": "bidirectional", "tactileAvailibity": "not available", "fillColor": "undefined", "height": "undefined", "global": false, "floor": 1}}, {"building_ID": "65d88662db333f894570bad3", "id": "4068a28-e75a-5822-4836-82bc772c3410", "type": "Feature", "geometry": {"coordinates": [[77.1114317654, 28.7169888304], [77.111405422, 28.7169582422], [77.111405422, 28.7169582422]], "type": "LineString"}, "properties": {"nodeId": "4068a28-e75a-5822-4836-82bc772c3410", "buildingName": "RGCI", "polygonType": "Waypoints", "walkableType": "walkable", "visibilityType": "visible", "directionType": "bidirectional", "tactileAvailibity": "not available", "global": false, "name": "undefined", "floor": 1}}, {"building_ID": "65d88662db333f894570bad3", "id": "0c0325e-ed82-2a1-da4e-5d084c7c05a6", "type": "Feature", "geometry": {"coordinates": [[77.111357108, 28.7168976004], [77.1113546167, 28.7168992507], [77.1113546167, 28.7168992507]], "type": "LineString"}, "properties": {"nodeId": "0c0325e-ed82-2a1-da4e-5d084c7c05a6", "buildingName": "RGCI", "polygonType": "Waypoints", "walkableType": "walkable", "visibilityType": "visible", "directionType": "bidirectional", "tactileAvailibity": "not available", "global": false, "name": "undefined", "floor": 1}}, {"building_ID": "65d88662db333f894570bad3", "id": "4f8aff-1ed3-6af3-46d2-c3b2e2cb5f", "type": "Feature", "geometry": {"coordinates": [[77.1108568999, 28.7163985659], [77.1108719004, 28.7164023547], [77.1108719004, 28.7164023547]], "type": "LineString"}, "properties": {"nodeId": "4f8aff-1ed3-6af3-46d2-c3b2e2cb5f", "buildingName": "RGCI", "polygonType": "Waypoints", "walkableType": "walkable", "visibilityType": "visible", "directionType": "bidirectional", "tactileAvailibity": "not available", "global": false, "name": "undefined", "floor": 1}}, {"building_ID": "65d88662db333f894570bad3", "id": "31f283b-2d80-fdb5-6773-e872dc0ea68", "type": "Feature", "geometry": {"coordinates": [[77.1110422587, 28.7165365619], [77.1110404299, 28.7165480673], [77.1110404299, 28.7165480673]], "type": "LineString"}, "properties": {"nodeId": "31f283b-2d80-fdb5-6773-e872dc0ea68", "buildingName": "RGCI", "polygonType": "Waypoints", "walkableType": "walkable", "visibilityType": "visible", "directionType": "bidirectional", "tactileAvailibity": "not available", "global": false, "name": "undefined", "floor": 1}}, {"building_ID": "65d88662db333f894570bad3", "id": "5fcaebb-f20c-c7d2-67c2-a3641004", "type": "Feature", "geometry": {"coordinates": [[77.110868137, 28.7163979849], [77.1109358773, 28.7164766403], [77.1109358773, 28.7164766403]], "type": "LineString"}, "properties": {"nodeId": "5fcaebb-f20c-c7d2-67c2-a3641004", "buildingName": "RGCI", "polygonType": "Waypoints", "walkableType": "walkable", "visibilityType": "visible", "directionType": "bidirectional", "tactileAvailibity": "not available", "global": false, "name": "undefined", "floor": 1}}, {"building_ID": "65d88662db333f894570bad3", "id": "81c6e76-a1b0-351a-3c4d-e3dbbba4d5b8", "type": "Feature", "geometry": {"coordinates": [[77.1110695291, 28.7166454565], [77.1111044069, 28.716622353], [77.1111044069, 28.716622353]], "type": "LineString"}, "properties": {"nodeId": "81c6e76-a1b0-351a-3c4d-e3dbbba4d5b8", "buildingName": "RGCI", "polygonType": "Waypoints", "walkableType": "walkable", "visibilityType": "visible", "directionType": "bidirectional", "tactileAvailibity": "not available", "global": false, "name": "undefined", "floor": 1}}, {"building_ID": "65d88662db333f894570bad3", "id": "5546e85-5dcf-8af5-d5bf-4148e8fe875", "type": "Feature", "geometry": {"coordinates": [[[77.1107746629, 28.7162849062], [77.1107821367, 28.7162799554], [77.1107407398, 28.7162318883], [77.1107432311, 28.716230238], [77.1107865096, 28.7162804901], [77.1107765445, 28.7162870911], [77.1107746629, 28.7162849062]]], "type": "Polygon"}, "properties": {"name": "undefined", "buildingName": "RGCI", "nodeId": "5546e85-5dcf-8af5-d5bf-4148e8fe875", "polygonType": "Cubicle", "type": "Wall", "walkableType": "non-walkable", "visibilityType": "visible", "directionType": "bidirectional", "tactileAvailibity": "not available", "fillColor": "undefined", "height": "undefined", "global": false, "floor": 1}}, {"building_ID": "65d88662db333f894570bad3", "id": "7ae3ca-bf8-b461-7aea-f54d6a88e8", "type": "Feature", "geometry": {"coordinates": [[[77.1107497502, 28.7163014087], [77.1107422764, 28.7163063595], [77.1107008796, 28.7162582923], [77.1106983883, 28.7162599426], [77.1107416668, 28.7163101946], [77.1107516319, 28.7163035936], [77.1107497502, 28.7163014087]]], "type": "Polygon"}, "properties": {"name": "undefined", "buildingName": "RGCI", "nodeId": "7ae3ca-bf8-b461-7aea-f54d6a88e8", "polygonType": "Cubicle", "type": "Wall", "walkableType": "non-walkable", "visibilityType": "visible", "directionType": "bidirectional", "tactileAvailibity": "not available", "fillColor": "undefined", "height": "undefined", "global": false, "floor": 1}}, {"building_ID": "65d88662db333f894570bad3", "id": "170ee0e-f6f3-ec76-6f45-83544d0ff737", "type": "Feature", "geometry": {"coordinates": [[[77.111085245, 28.7166727906], [77.111112649, 28.7166546378], [77.1111145306, 28.7166568227], [77.1110871267, 28.7166749755], [77.111085245, 28.7166727906]]], "type": "Polygon"}, "properties": {"name": "undefined", "buildingName": "RGCI", "nodeId": "170ee0e-f6f3-ec76-6f45-83544d0ff737", "polygonType": "Cubicle", "type": "Wall", "walkableType": "non-walkable", "visibilityType": "visible", "directionType": "bidirectional", "tactileAvailibity": "not available", "fillColor": "undefined", "height": "undefined", "global": false, "floor": 1}}, {"building_ID": "65d88662db333f894570bad3", "id": "c1365-01c4-4fb1-2c26-a7f68acc123e", "type": "Feature", "geometry": {"coordinates": [[77.1107527453, 28.7162685429], [77.1107790887, 28.7162991311], [77.1107790887, 28.7162991311]], "type": "LineString"}, "properties": {"nodeId": "c1365-01c4-4fb1-2c26-a7f68acc123e", "buildingName": "RGCI", "polygonType": "Waypoints", "walkableType": "walkable", "visibilityType": "visible", "directionType": "bidirectional", "tactileAvailibity": "not available", "global": false, "name": "undefined", "floor": 1}}, {"building_ID": "65d88662db333f894570bad3", "id": "3be713a-6fe2-5f2c-216f-886fdea7e8", "type": "Feature", "geometry": {"coordinates": [[77.1108560258, 28.7163339498], [77.1108809384, 28.7163174473], [77.1109033598, 28.716302595], [77.11092329, 28.716289393], [77.1109805891, 28.7162514372], [77.1109805891, 28.7162514372]], "type": "LineString"}, "properties": {"nodeId": "3be713a-6fe2-5f2c-216f-886fdea7e8", "buildingName": "RGCI", "polygonType": "Waypoints", "walkableType": "walkable", "visibilityType": "visible", "directionType": "bidirectional", "tactileAvailibity": "not available", "global": false, "name": "undefined", "floor": 1}}, {"building_ID": "65d88662db333f894570bad3", "id": "d40a80f-655d-1045-8002-e12e0abe238a", "type": "Feature", "geometry": {"coordinates": [[[77.1109211438, 28.7162187569], [77.1109311089, 28.7162121559], [77.1109329905, 28.7162143408], [77.1109230255, 28.7162209418], [77.1109211438, 28.7162187569]]], "type": "Polygon"}, "properties": {"name": "undefined", "buildingName": "RGCI", "nodeId": "d40a80f-655d-1045-8002-e12e0abe238a", "polygonType": "Cubicle", "type": "Wall", "walkableType": "non-walkable", "visibilityType": "visible", "directionType": "bidirectional", "tactileAvailibity": "not available", "fillColor": "undefined", "height": "undefined", "global": false, "floor": 1}}, {"building_ID": "65d88662db333f894570bad3", "id": "3cc765-0f77-b5e0-ffbf-46e47def8f8", "type": "Feature", "geometry": {"coordinates": [[77.1109542457, 28.716220849], [77.1109492631, 28.7162241495], [77.1109492631, 28.7162241495]], "type": "LineString"}, "properties": {"nodeId": "3cc765-0f77-b5e0-ffbf-46e47def8f8", "buildingName": "RGCI", "polygonType": "Waypoints", "walkableType": "walkable", "visibilityType": "visible", "directionType": "bidirectional", "tactileAvailibity": "not available", "global": false, "name": "undefined", "floor": 1}}, {"building_ID": "65d88662db333f894570bad3", "id": "7d280-27e-48c4-5ff2-8e7257a481", "type": "Feature", "geometry": {"coordinates": [[77.1112386154, 28.7167736437], [77.1112361241, 28.716775294], [77.1112361241, 28.716775294]], "type": "LineString"}, "properties": {"nodeId": "7d280-27e-48c4-5ff2-8e7257a481", "buildingName": "RGCI", "polygonType": "Waypoints", "walkableType": "walkable", "visibilityType": "visible", "directionType": "bidirectional", "tactileAvailibity": "not available", "global": false, "name": "undefined", "floor": 1}}, {"building_ID": "65d88662db333f894570bad3", "id": "61bdb0-138-dada-edab-223660bf1", "type": "Feature", "geometry": {"coordinates": [[77.1115024227, 28.7168528116], [77.1114949489, 28.7168577624], [77.1114949489, 28.7168577624]], "type": "LineString"}, "properties": {"nodeId": "61bdb0-138-dada-edab-223660bf1", "buildingName": "RGCI", "polygonType": "Waypoints", "walkableType": "walkable", "visibilityType": "visible", "directionType": "bidirectional", "tactileAvailibity": "not available", "global": false, "name": "undefined", "floor": 1}}, {"building_ID": "65d88662db333f894570bad3", "id": "f5fcb8d-b30b-fb77-44a0-15453588400a", "type": "Feature", "geometry": {"coordinates": [[77.1111102106, 28.7166699783], [77.1111290274, 28.716691827], [77.1111290274, 28.716691827]], "type": "LineString"}, "properties": {"nodeId": "f5fcb8d-b30b-fb77-44a0-15453588400a", "buildingName": "RGCI", "polygonType": "Waypoints", "walkableType": "walkable", "visibilityType": "visible", "directionType": "bidirectional", "tactileAvailibity": "not available", "global": false, "name": "to ramp", "floor": 1}}, {"building_ID": "65d88662db333f894570bad3", "id": "e434761-a5b2-50bf-3f1a-a83dcf724d", "type": "Feature", "geometry": {"coordinates": [[[77.1114743562, 28.7168611093], [77.1114868126, 28.716852858], [77.1114999843, 28.7168681521], [77.111487528, 28.7168764034], [77.1114743562, 28.7168611093]]], "type": "Polygon"}, "properties": {"name": "Minor OT Reception", "buildingName": "RGCI", "nodeId": "e434761-a5b2-50bf-3f1a-a83dcf724d", "polygonType": "Cubicle", "type": "Reception", "walkableType": "non-walkable", "visibilityType": "visible", "directionType": "bidirectional", "tactileAvailibity": "not available", "fillColor": "undefined", "height": "undefined", "global": false, "floor": 1}}, {"building_ID": "65d88662db333f894570bad3", "id": "84d8f6-c1a0-a77-ced4-3ac5db55c5f5", "type": "Feature", "geometry": {"coordinates": [[77.1115438195, 28.7169008788], [77.1115024227, 28.7168528116], [77.1115024227, 28.7168528116]], "type": "LineString"}, "properties": {"nodeId": "84d8f6-c1a0-a77-ced4-3ac5db55c5f5", "buildingName": "RGCI", "polygonType": "Waypoints", "walkableType": "walkable", "visibilityType": "visible", "directionType": "bidirectional", "tactileAvailibity": "not available", "global": false, "name": "undefined", "floor": 1}}, {"building_ID": "65d88662db333f894570bad3", "id": "1f1fb50-0b1f-87f2-8041-4f1ed10e0cfe", "type": "Feature", "geometry": {"coordinates": [[77.1115438195, 28.7169008788], [77.1115513462, 28.7169096183], [77.1115513462, 28.7169096183]], "type": "LineString"}, "properties": {"nodeId": "1f1fb50-0b1f-87f2-8041-4f1ed10e0cfe", "buildingName": "RGCI", "polygonType": "Waypoints", "walkableType": "walkable", "visibilityType": "visible", "directionType": "bidirectional", "tactileAvailibity": "not available", "global": false, "name": "undefined", "floor": 1}}, {"building_ID": "65d88662db333f894570bad3", "id": "b6dee8-7c62-1f-6a3-f0532627d27", "type": "Feature", "geometry": {"coordinates": [[77.1112386154, 28.7167736437], [77.1112361241, 28.716775294], [77.1112361241, 28.716775294]], "type": "LineString"}, "properties": {"nodeId": "b6dee8-7c62-1f-6a3-f0532627d27", "buildingName": "RGCI", "polygonType": "Waypoints", "walkableType": "walkable", "visibilityType": "visible", "directionType": "bidirectional", "tactileAvailibity": "not available", "global": false, "name": "undefined", "floor": 1}}, {"building_ID": "65d88662db333f894570bad3", "id": "0b72fbe-8e08-b001-6007-876f6eb03b", "type": "Feature", "geometry": {"coordinates": [[77.1109171135, 28.7164684819], [77.1109345523, 28.7164569301], [77.1109345523, 28.7164569301]], "type": "LineString"}, "properties": {"nodeId": "0b72fbe-8e08-b001-6007-876f6eb03b", "buildingName": "RGCI", "polygonType": "Waypoints", "walkableType": "walkable", "visibilityType": "visible", "directionType": "bidirectional", "tactileAvailibity": "not available", "global": false, "name": "undefined", "floor": 1}}, {"building_ID": "65d88662db333f894570bad3", "id": "c820f72-6175-c07-8bd2-17ce80a8b6f1", "type": "Feature", "geometry": {"coordinates": [[77.1113942629, 28.7171406316], [77.1113867891, 28.7171455823], [77.1113867891, 28.7171455823]], "type": "LineString"}, "properties": {"nodeId": "c820f72-6175-c07-8bd2-17ce80a8b6f1", "buildingName": "RGCI", "polygonType": "Waypoints", "walkableType": "walkable", "visibilityType": "visible", "directionType": "bidirectional", "tactileAvailibity": "not available", "global": false, "name": "undefined", "floor": 1}}, {"building_ID": "65d88662db333f894570bad3", "id": "6d7042-8c0-d161-f17-f2bcccb64b15", "type": "Feature", "geometry": {"coordinates": [[77.1108643737, 28.7163936152], [77.110868137, 28.7163979849], [77.110868137, 28.7163979849]], "type": "LineString"}, "properties": {"nodeId": "6d7042-8c0-d161-f17-f2bcccb64b15", "buildingName": "RGCI", "polygonType": "Waypoints", "walkableType": "walkable", "visibilityType": "visible", "directionType": "bidirectional", "tactileAvailibity": "not available", "global": false, "name": "undefined", "floor": 1}}, {"building_ID": "65d88662db333f894570bad3", "id": "6b64d4-f34-21fa-b0a5-c2f76744ebe", "type": "Feature", "geometry": {"coordinates": [[77.1113400395, 28.7170049839], [77.1113599696, 28.7169917819], [77.1113599696, 28.7169917819]], "type": "LineString"}, "properties": {"nodeId": "6b64d4-f34-21fa-b0a5-c2f76744ebe", "buildingName": "RGCI", "polygonType": "Waypoints", "walkableType": "walkable", "visibilityType": "visible", "directionType": "bidirectional", "tactileAvailibity": "not available", "global": false, "name": "undefined", "floor": 1}}, {"building_ID": "65d88662db333f894570bad3", "id": "32e46ba-4350-335d-1f65-05ff105de36", "type": "Feature", "geometry": {"coordinates": [[[77.1113579569, 28.7167940985], [77.1114725551, 28.7167181868], [77.1115101886, 28.7167618843], [77.1115666389, 28.7168274304], [77.1115267786, 28.7168538345], [77.1114891451, 28.716810137], [77.1114144071, 28.7168596446], [77.1113579569, 28.7167940985]]], "type": "Polygon"}, "properties": {"name": "Minor OT A Block", "buildingName": "RGCI", "nodeId": "32e46ba-4350-335d-1f65-05ff105de36", "polygonType": "Room", "type": "Room", "walkableType": "non-walkable", "visibilityType": "visible", "directionType": "bidirectional", "tactileAvailibity": "not available", "fillColor": "undefined", "height": "undefined", "global": false, "floor": 1}}, {"building_ID": "65d88662db333f894570bad3", "id": "c671483-1cad-e61e-30-7547564c43b", "type": "Feature", "geometry": {"coordinates": [[77.1110489138, 28.7161581394], [77.111088774, 28.7161317354], [77.111088774, 28.7161317354]], "type": "LineString"}, "properties": {"nodeId": "c671483-1cad-e61e-30-7547564c43b", "buildingName": "RGCI", "polygonType": "Waypoints", "walkableType": "walkable", "visibilityType": "visible", "directionType": "bidirectional", "tactileAvailibity": "not available", "global": false, "name": "undefined", "floor": 1}}, {"building_ID": "65d88662db333f894570bad3", "id": "8b53304-ac4-d5a2-1f2a-bbba12b815f", "type": "Feature", "geometry": {"coordinates": [[77.1116534881, 28.716841958], [77.1116290264, 28.7168135546], [77.1116290264, 28.7168135546]], "type": "LineString"}, "properties": {"nodeId": "8b53304-ac4-d5a2-1f2a-bbba12b815f", "buildingName": "RGCI", "polygonType": "Waypoints", "walkableType": "walkable", "visibilityType": "visible", "directionType": "bidirectional", "tactileAvailibity": "not available", "global": false, "name": "undefined", "floor": 1}}, {"building_ID": "65d88662db333f894570bad3", "id": "f1f36e4-6705-08c-f64f-5425bf51212e", "type": "Feature", "geometry": {"coordinates": [[77.1110116481, 28.7165328196], [77.1110216132, 28.7165262186], [77.1110216132, 28.7165262186]], "type": "LineString"}, "properties": {"nodeId": "f1f36e4-6705-08c-f64f-5425bf51212e", "buildingName": "RGCI", "polygonType": "Waypoints", "walkableType": "walkable", "visibilityType": "visible", "directionType": "bidirectional", "tactileAvailibity": "not available", "global": false, "name": "undefined", "floor": 1}}, {"building_ID": "65d88662db333f894570bad3", "id": "3b56b57-f848-1a0c-d05f-be3772bd1dc6", "type": "Feature", "geometry": {"coordinates": [[[77.1111176592, 28.7164969095], [77.1111251859, 28.716505649], [77.1111177121, 28.7165105997], [77.1111101854, 28.7165018602], [77.1111176592, 28.7164969095]]], "type": "Polygon"}, "properties": {"name": "undefined", "buildingName": "RGCI", "nodeId": "3b56b57-f848-1a0c-d05f-be3772bd1dc6", "polygonType": "Cubicle", "type": "Piller", "walkableType": "non-walkable", "visibilityType": "visible", "directionType": "bidirectional", "tactileAvailibity": "not available", "fillColor": "undefined", "height": "undefined", "global": false, "floor": 0}}, {"building_ID": "65d88662db333f894570bad3", "id": "c6fdb0-4676-ec0-f280-25dac4c30761", "type": "Feature", "geometry": {"coordinates": [[[77.1110011817, 28.7162480903], [77.1109673116, 28.7162087626], [77.1109947155, 28.7161906098], [77.1110345758, 28.7161642058], [77.1110684459, 28.7162035335], [77.1110011817, 28.7162480903]]], "type": "Polygon"}, "properties": {"name": "undefined", "buildingName": "RGCI", "nodeId": "c6fdb0-4676-ec0-f280-25dac4c30761", "polygonType": "Cubicle", "type": "Sitting Area", "walkableType": "non-walkable", "visibilityType": "visible", "directionType": "bidirectional", "tactileAvailibity": "not available", "global": false, "floor": 0}}, {"building_ID": "65d88662db333f894570bad3", "id": "4c02aa6-38e0-4bba-ca21-45c187e5555", "type": "Feature", "geometry": {"coordinates": [[[77.1112213402, 28.7161811744], [77.1112836218, 28.7161399181], [77.1113005569, 28.716159582], [77.1112382752, 28.7162008383], [77.1112213402, 28.7161811744]]], "type": "Polygon"}, "properties": {"name": "3078A/B - PICC Line Dressing Room", "buildingName": "RGCI", "nodeId": "4c02aa6-38e0-4bba-ca21-45c187e5555", "polygonType": "Room", "type": "Room", "walkableType": "non-walkable", "visibilityType": "visible", "directionType": "bidirectional", "tactileAvailibity": "not available", "fillColor": "undefined", "height": "undefined", "global": false, "floor": 0}}, {"building_ID": "65d88662db333f894570bad3", "id": "15be7-bea2-301b-73ab-50dbed5f551", "type": "Feature", "geometry": {"coordinates": [[[77.1111839183, 28.716192238], [77.1111933266, 28.7162031623], [77.1111952083, 28.7162053472], [77.111192717, 28.7162069975], [77.111181427, 28.7161938882], [77.1111839183, 28.716192238]]], "type": "Polygon"}, "properties": {"name": "undefined", "buildingName": "RGCI", "nodeId": "15be7-bea2-301b-73ab-50dbed5f551", "polygonType": "Cubicle", "type": "Wall", "walkableType": "non-walkable", "visibilityType": "visible", "directionType": "bidirectional", "tactileAvailibity": "not available", "global": false, "floor": 0}}, {"building_ID": "65d88662db333f894570bad3", "id": "c5da8c4-3526-804-7cbd-3ec6050ee7", "type": "Feature", "geometry": {"coordinates": [[[77.1116086982, 28.7168853527], [77.1116261371, 28.716873801], [77.1116468355, 28.7168978346], [77.1116293967, 28.7169093863], [77.1116086982, 28.7168853527]]], "type": "Polygon"}, "properties": {"name": "Lift-1", "buildingName": "RGCI", "nodeId": "c5da8c4-3526-804-7cbd-3ec6050ee7", "polygonType": "Cubicle", "type": "Lift", "walkableType": "non-walkable", "visibilityType": "visible", "directionType": "bidirectional", "tactileAvailibity": "not available", "fillColor": "undefined", "height": "undefined", "global": false, "floor": 0}}, {"building_ID": "65d88662db333f894570bad3", "id": "33dbe76-1e55-e3b0-e74-f176ad7a2cc7", "type": "Feature", "geometry": {"coordinates": [[77.111094336, 28.7166015735], [77.1111192487, 28.7165850709], [77.1111192487, 28.7165850709]], "type": "LineString"}, "properties": {"nodeId": "33dbe76-1e55-e3b0-e74-f176ad7a2cc7", "buildingName": "RGCI", "polygonType": "Waypoints", "walkableType": "walkable", "visibilityType": "visible", "directionType": "bidirectional", "tactileAvailibity": "not available", "global": false, "name": "undefined", "floor": 0}}, {"building_ID": "65d88662db333f894570bad3", "id": "cb62824-1fcd-35f-731e-d44c33c0fd6d", "type": "Feature", "geometry": {"coordinates": [[77.1109983706, 28.716490145], [77.1110228324, 28.7165185483], [77.1110228324, 28.7165185483]], "type": "LineString"}, "properties": {"nodeId": "cb62824-1fcd-35f-731e-d44c33c0fd6d", "buildingName": "RGCI", "polygonType": "Waypoints", "walkableType": "walkable", "visibilityType": "visible", "directionType": "bidirectional", "tactileAvailibity": "not available", "global": false, "name": "undefined", "floor": 0}}, {"building_ID": "65d88662db333f894570bad3", "id": "064ec06-731a-ef46-e26-5af5f30768", "type": "Feature", "geometry": {"coordinates": [[[77.1114728449, 28.7169547561], [77.1114105632, 28.7169960125], [77.1114124449, 28.7169981973], [77.1114747265, 28.716956941], [77.1114728449, 28.7169547561]]], "type": "Polygon"}, "properties": {"name": "undefined", "buildingName": "RGCI", "nodeId": "064ec06-731a-ef46-e26-5af5f30768", "polygonType": "Cubicle", "type": "Wall", "walkableType": "non-walkable", "visibilityType": "visible", "directionType": "bidirectional", "tactileAvailibity": "not available", "global": false, "floor": 0}}, {"building_ID": "65d88662db333f894570bad3", "id": "d8a1387-153b-78de-05f-de504683106", "type": "Feature", "geometry": {"coordinates": [[77.1110920034, 28.7166442945], [77.1110820384, 28.7166508955], [77.1110820384, 28.7166508955]], "type": "LineString"}, "properties": {"nodeId": "d8a1387-153b-78de-05f-de504683106", "buildingName": "RGCI", "polygonType": "Waypoints", "walkableType": "walkable", "visibilityType": "visible", "directionType": "bidirectional", "tactileAvailibity": "not available", "global": false, "name": "undefined", "floor": 0}}, {"building_ID": "65d88662db333f894570bad3", "id": "d65f42f-5bb2-b16-f1b-f7d5c6d340", "type": "Feature", "geometry": {"coordinates": [[77.1112467517, 28.7167785481], [77.1112768585, 28.7168135061], [77.1112768585, 28.7168135061]], "type": "LineString"}, "properties": {"nodeId": "d65f42f-5bb2-b16-f1b-f7d5c6d340", "buildingName": "RGCI", "polygonType": "Waypoints", "walkableType": "walkable", "visibilityType": "visible", "directionType": "bidirectional", "tactileAvailibity": "not available", "global": false, "name": "undefined", "floor": 0}}, {"building_ID": "65d88662db333f894570bad3", "id": "637348-d8a7-7c16-0277-c352865eba", "type": "Feature", "geometry": {"coordinates": [[77.1109795538, 28.7164682963], [77.1109607371, 28.7164464476], [77.1109607371, 28.7164464476]], "type": "LineString"}, "properties": {"nodeId": "637348-d8a7-7c16-0277-c352865eba", "buildingName": "RGCI", "polygonType": "Waypoints", "walkableType": "walkable", "visibilityType": "visible", "directionType": "bidirectional", "tactileAvailibity": "not available", "global": false, "name": "undefined", "floor": 0}}, {"building_ID": "65d88662db333f894570bad3", "id": "6e05df-3aca-871-e33-20b60acdc0e", "type": "Feature", "geometry": {"coordinates": [[77.1111884198, 28.7167108171], [77.1111959465, 28.7167195566], [77.1112128815, 28.7167392204], [77.1112128815, 28.7167392204]], "type": "LineString"}, "properties": {"nodeId": "6e05df-3aca-871-e33-20b60acdc0e", "buildingName": "RGCI", "polygonType": "Waypoints", "walkableType": "walkable", "visibilityType": "visible", "directionType": "bidirectional", "tactileAvailibity": "not available", "global": false, "name": "undefined", "floor": 0}}, {"building_ID": "65d88662db333f894570bad3", "id": "880b70a-b7cf-743b-4d1-a2e8ee3711c8", "type": "Feature", "geometry": {"coordinates": [[77.1112008533, 28.7162119018], [77.1112159067, 28.7162293808], [77.1112159067, 28.7162293808]], "type": "LineString"}, "properties": {"nodeId": "880b70a-b7cf-743b-4d1-a2e8ee3711c8", "buildingName": "RGCI", "polygonType": "Waypoints", "walkableType": "walkable", "visibilityType": "visible", "directionType": "bidirectional", "tactileAvailibity": "not available", "global": false, "name": "undefined", "floor": 0}}, {"building_ID": "65d88662db333f894570bad3", "id": "f6eed51-0a00-23ec-6463-44a7f02ea", "type": "Feature", "geometry": {"coordinates": [[[77.1114853012, 28.7169465049], [77.1115027401, 28.7169349531], [77.1115046217, 28.716937138], [77.1114871829, 28.7169486898], [77.1114853012, 28.7169465049]]], "type": "Polygon"}, "properties": {"name": "undefined", "buildingName": "RGCI", "nodeId": "f6eed51-0a00-23ec-6463-44a7f02ea", "polygonType": "Cubicle", "type": "Wall", "walkableType": "non-walkable", "visibilityType": "visible", "directionType": "bidirectional", "tactileAvailibity": "not available", "global": false, "floor": 0}}, {"building_ID": "65d88662db333f894570bad3", "id": "82b8d52-6de7-ff74-17c-b72a228a5fb0", "type": "Feature", "geometry": {"coordinates": [[[77.1109730347, 28.7163971256], [77.1109680522, 28.7164004261], [77.1109849873, 28.7164200899], [77.1109874785, 28.7164184397], [77.1109724251, 28.7164009607], [77.1109749164, 28.7163993104], [77.1109730347, 28.7163971256]]], "type": "Polygon"}, "properties": {"name": "undefined", "buildingName": "RGCI", "nodeId": "82b8d52-6de7-ff74-17c-b72a228a5fb0", "polygonType": "Cubicle", "type": "Wall-0.5", "walkableType": "non-walkable", "visibilityType": "visible", "directionType": "bidirectional", "tactileAvailibity": "not available", "global": false, "floor": 0}}, {"building_ID": "65d88662db333f894570bad3", "id": "315a5c-557b-45a-3e1-ac338f3ea1c", "type": "Feature", "geometry": {"coordinates": [[[77.1111045428, 28.7161727597], [77.111074436, 28.7161378017], [77.1110918749, 28.71612625], [77.1111219817, 28.7161612079], [77.1111045428, 28.7161727597]]], "type": "Polygon"}, "properties": {"name": "undefined", "buildingName": "RGCI", "nodeId": "315a5c-557b-45a-3e1-ac338f3ea1c", "polygonType": "Cubicle", "type": "Sitting Area", "walkableType": "non-walkable", "visibilityType": "visible", "directionType": "bidirectional", "tactileAvailibity": "not available", "global": false, "floor": 0}}, {"building_ID": "65d88662db333f894570bad3", "id": "d00213-c17-622e-6ff6-262cff6ee8b4", "type": "Feature", "geometry": {"coordinates": [[[77.1116124893, 28.7167352947], [77.1115875766, 28.7167517972], [77.1115762866, 28.716738688], [77.1115787778, 28.7167370377], [77.1115881862, 28.7167479621], [77.1116106076, 28.7167331098], [77.1116124893, 28.7167352947]]], "type": "Polygon"}, "properties": {"name": "undefined", "buildingName": "RGCI", "nodeId": "d00213-c17-622e-6ff6-262cff6ee8b4", "polygonType": "Cubicle", "type": "Wall", "walkableType": "non-walkable", "visibilityType": "visible", "directionType": "bidirectional", "tactileAvailibity": "not available", "global": false, "floor": 0}}, {"building_ID": "65d88662db333f894570bad3", "id": "ffc4d7c-4712-5661-5a5b-024d4e544e1", "type": "Feature", "geometry": {"coordinates": [[[77.1109040223, 28.7163124502], [77.1109413913, 28.7162876964], [77.1109564447, 28.7163051753], [77.1109190757, 28.7163299291], [77.1109040223, 28.7163124502]]], "type": "Polygon"}, "properties": {"name": "undefined", "buildingName": "RGCI", "nodeId": "ffc4d7c-4712-5661-5a5b-024d4e544e1", "polygonType": "Cubicle", "type": "Restricted Area", "walkableType": "non-walkable", "visibilityType": "visible", "directionType": "bidirectional", "tactileAvailibity": "not available", "global": false, "floor": 0}}, {"building_ID": "65d88662db333f894570bad3", "id": "dbd0fbf-e8cd-e0b7-727-afa7d547a4f7", "type": "Feature", "geometry": {"coordinates": [[[77.1108654871, 28.7163585644], [77.1108679783, 28.7163569142], [77.1108905584, 28.7163831327], [77.1108880672, 28.7163847829], [77.1108654871, 28.7163585644]]], "type": "Polygon"}, "properties": {"name": "undefined", "buildingName": "RGCI", "nodeId": "dbd0fbf-e8cd-e0b7-727-afa7d547a4f7", "polygonType": "Cubicle", "type": "Wall", "walkableType": "non-walkable", "visibilityType": "visible", "directionType": "bidirectional", "tactileAvailibity": "not available", "global": false, "floor": 0}}, {"building_ID": "65d88662db333f894570bad3", "id": "716ebea-54c7-b3f2-a2b-1bee1125beb", "type": "Feature", "geometry": {"coordinates": [[77.1110230187, 28.7164051912], [77.111009847, 28.7163898971], [77.111009847, 28.7163898971]], "type": "LineString"}, "properties": {"nodeId": "716ebea-54c7-b3f2-a2b-1bee1125beb", "buildingName": "RGCI", "polygonType": "Waypoints", "walkableType": "walkable", "visibilityType": "visible", "directionType": "bidirectional", "tactileAvailibity": "not available", "global": false, "name": "undefined", "floor": 0}}, {"building_ID": "65d88662db333f894570bad3", "id": "16bf7-a3b1-ee78-6fa7-f31bfea3b40", "type": "Feature", "geometry": {"coordinates": [[[77.1107020987, 28.7162506221], [77.1107604307, 28.7163183531], [77.1107579394, 28.7163200033], [77.1106996075, 28.7162522723], [77.1107020987, 28.7162506221]]], "type": "Polygon"}, "properties": {"name": "undefined", "buildingName": "RGCI", "nodeId": "16bf7-a3b1-ee78-6fa7-f31bfea3b40", "polygonType": "Cubicle", "type": "Wall", "walkableType": "non-walkable", "visibilityType": "visible", "directionType": "bidirectional", "tactileAvailibity": "not available", "global": false, "floor": 0}}, {"building_ID": "65d88662db333f894570bad3", "id": "3be03f-ace8-5d35-7ff-0ff5bf7d8cf", "type": "Feature", "geometry": {"coordinates": [[[77.1112795361, 28.7166984987], [77.1112645885, 28.7167084002], [77.1112438901, 28.7166843666], [77.1112588377, 28.7166744651], [77.1112607194, 28.71667665], [77.1112482631, 28.7166849013], [77.1112651981, 28.7167045651], [77.1112776545, 28.7166963138], [77.1112795361, 28.7166984987]]], "type": "Polygon"}, "properties": {"name": "undefined", "buildingName": "RGCI", "nodeId": "3be03f-ace8-5d35-7ff-0ff5bf7d8cf", "polygonType": "Cubicle", "type": "Wall", "walkableType": "non-walkable", "visibilityType": "visible", "directionType": "bidirectional", "tactileAvailibity": "not available", "global": false, "floor": 0}}, {"building_ID": "65d88662db333f894570bad3", "id": "7e2bf20-1b57-275a-8314-288c737f7c21", "type": "Feature", "geometry": {"coordinates": [[[77.1110380217, 28.7160864341], [77.1110679169, 28.716066631], [77.1110886153, 28.7160906646], [77.1110587201, 28.7161104676], [77.1110380217, 28.7160864341]]], "type": "Polygon"}, "properties": {"name": "3064 - Re Constructive Surgical Oncology - Dr. Rajan Arora", "buildingName": "RGCI", "nodeId": "7e2bf20-1b57-275a-8314-288c737f7c21", "polygonType": "Room", "type": "Room", "walkableType": "non-walkable", "visibilityType": "visible", "directionType": "bidirectional", "tactileAvailibity": "not available", "fillColor": "undefined", "height": "undefined", "global": false, "floor": 0}}, {"building_ID": "65d88662db333f894570bad3", "id": "ea32455-ecd-832d-a24d-f3f5db474b30", "type": "Feature", "geometry": {"coordinates": [[[77.1112938188, 28.717001288], [77.1113212227, 28.7169831352], [77.111308051, 28.7169678411], [77.1112806471, 28.7169859939], [77.1112938188, 28.717001288]]], "type": "Polygon"}, "properties": {"name": "Lift-3", "buildingName": "RGCI", "nodeId": "ea32455-ecd-832d-a24d-f3f5db474b30", "polygonType": "Cubicle", "type": "Lift", "walkableType": "non-walkable", "visibilityType": "visible", "directionType": "bidirectional", "tactileAvailibity": "not available", "fillColor": "undefined", "height": "undefined", "global": false, "floor": 0}}, {"building_ID": "65d88662db333f894570bad3", "id": "5be7611-f66-160d-d444-df2be6d7e70", "type": "Feature", "geometry": {"coordinates": [[[77.1109508274, 28.7161441929], [77.1109757401, 28.7161276904], [77.1110077285, 28.7161648332], [77.1109828159, 28.7161813357], [77.1109508274, 28.7161441929]]], "type": "Polygon"}, "properties": {"name": "3061 - Examination Room", "buildingName": "RGCI", "nodeId": "5be7611-f66-160d-d444-df2be6d7e70", "polygonType": "Room", "type": "Room", "walkableType": "non-walkable", "visibilityType": "visible", "directionType": "bidirectional", "tactileAvailibity": "not available", "global": false, "floor": 0}}, {"building_ID": "65d88662db333f894570bad3", "id": "8e7c51-bc55-7134-22ed-03a174220b5", "type": "Feature", "geometry": {"coordinates": [[[77.1111244477, 28.7159914396], [77.1111219565, 28.7159930898], [77.1111069031, 28.7159756109], [77.1111093943, 28.7159739606], [77.1111244477, 28.7159914396]]], "type": "Polygon"}, "properties": {"name": "undefined", "buildingName": "RGCI", "nodeId": "8e7c51-bc55-7134-22ed-03a174220b5", "polygonType": "Cubicle", "type": "Wall", "walkableType": "non-walkable", "visibilityType": "visible", "directionType": "bidirectional", "tactileAvailibity": "not available", "global": false, "floor": 0}}, {"building_ID": "65d88662db333f894570bad3", "id": "f677512-84aa-707a-eef2-da24e7d6b72", "type": "Feature", "geometry": {"coordinates": [[[77.1110532313, 28.7164675297], [77.1110731615, 28.7164543277], [77.1110844515, 28.7164674369], [77.1110645214, 28.7164806389], [77.1110532313, 28.7164675297]]], "type": "Polygon"}, "properties": {"name": "undefined", "buildingName": "RGCI", "nodeId": "f677512-84aa-707a-eef2-da24e7d6b72", "polygonType": "Cubicle", "type": "Accessible Washroom", "walkableType": "non-walkable", "visibilityType": "visible", "directionType": "bidirectional", "tactileAvailibity": "not available", "global": false, "floor": 0}}, {"building_ID": "65d88662db333f894570bad3", "id": "33c4c75-d42b-850-d0b0-7b4eea60faf", "type": "Feature", "geometry": {"coordinates": [[[77.1111221631, 28.7166929427], [77.1111196719, 28.7166945929], [77.111228809, 28.7168213155], [77.1112313003, 28.7168196652], [77.1111221631, 28.7166929427]]], "type": "Polygon"}, "properties": {"name": "undefined", "buildingName": "RGCI", "nodeId": "33c4c75-d42b-850-d0b0-7b4eea60faf", "polygonType": "Cubicle", "type": "Wall", "walkableType": "non-walkable", "visibilityType": "visible", "directionType": "bidirectional", "tactileAvailibity": "not available", "global": false, "floor": 0}}, {"building_ID": "65d88662db333f894570bad3", "id": "f2f5e-25ed-e78-1b6d-08c616a2c56", "type": "Feature", "geometry": {"coordinates": [[[77.1108129336, 28.7161703407], [77.1107406869, 28.716218198], [77.1107388052, 28.7162160131], [77.110811052, 28.7161681558], [77.1108129336, 28.7161703407]]], "type": "Polygon"}, "properties": {"name": "undefined", "buildingName": "RGCI", "nodeId": "f2f5e-25ed-e78-1b6d-08c616a2c56", "polygonType": "Cubicle", "type": "Wall", "walkableType": "non-walkable", "visibilityType": "visible", "directionType": "bidirectional", "tactileAvailibity": "not available", "global": false, "floor": 0}}, {"building_ID": "65d88662db333f894570bad3", "id": "1ee2cc0-5b7f-20b7-f3c-42e6a741f42", "type": "Feature", "geometry": {"coordinates": [[[77.1109016621, 28.716509599], [77.1109215922, 28.716496397], [77.1109328823, 28.7165095062], [77.1109129521, 28.7165227082], [77.1109016621, 28.716509599]]], "type": "Polygon"}, "properties": {"name": "Billing Verification", "buildingName": "RGCI", "nodeId": "1ee2cc0-5b7f-20b7-f3c-42e6a741f42", "polygonType": "Room", "type": "Room", "walkableType": "non-walkable", "visibilityType": "visible", "directionType": "bidirectional", "tactileAvailibity": "not available", "fillColor": "undefined", "height": "undefined", "global": false, "floor": 0}}, {"building_ID": "65d88662db333f894570bad3", "id": "ea55f4e-f454-7d5-5284-041cc7178ed", "type": "Feature", "geometry": {"coordinates": [[[77.1111731043, 28.7163023409], [77.111174986, 28.7163045258], [77.1113369183, 28.7161972594], [77.1112861131, 28.7161382679], [77.1112836218, 28.7161399181], [77.1113325454, 28.7161967248], [77.1111731043, 28.7163023409]]], "type": "Polygon"}, "properties": {"name": "undefined", "buildingName": "RGCI", "nodeId": "ea55f4e-f454-7d5-5284-041cc7178ed", "polygonType": "Cubicle", "type": "Wall", "walkableType": "non-walkable", "visibilityType": "visible", "directionType": "bidirectional", "tactileAvailibity": "not available", "global": false, "floor": 0}}, {"building_ID": "65d88662db333f894570bad3", "id": "cdfd11b-1ed-68f4-0685-46fd653e50", "type": "Feature", "geometry": {"coordinates": [[77.1110469238, 28.7164511199], [77.1110506872, 28.7164554897], [77.1110506872, 28.7164554897]], "type": "LineString"}, "properties": {"nodeId": "cdfd11b-1ed-68f4-0685-46fd653e50", "buildingName": "RGCI", "polygonType": "Waypoints", "walkableType": "walkable", "visibilityType": "visible", "directionType": "bidirectional", "tactileAvailibity": "not available", "global": false, "name": "undefined", "floor": 0}}, {"building_ID": "65d88662db333f894570bad3", "id": "22afcd3-2e5-8def-7dc8-bc014f00283", "type": "Feature", "geometry": {"coordinates": [[[77.111048143, 28.7164434497], [77.1110631964, 28.7164609287], [77.1111055479, 28.7164328744], [77.1110867312, 28.7164110257], [77.1110593273, 28.7164291784], [77.1110630906, 28.7164335482], [77.111048143, 28.7164434497]]], "type": "Polygon"}, "properties": {"name": "Male Washroom-2", "buildingName": "RGCI", "nodeId": "22afcd3-2e5-8def-7dc8-bc014f00283", "polygonType": "Cubicle", "type": "Male Washroom", "walkableType": "non-walkable", "visibilityType": "visible", "directionType": "bidirectional", "tactileAvailibity": "not available", "fillColor": "undefined", "height": "undefined", "global": false, "floor": 0}}, {"building_ID": "65d88662db333f894570bad3", "id": "1af35b-084-d7ce-ebe8-eaf170825d00", "type": "Feature", "geometry": {"coordinates": [[[77.1112524219, 28.7169532208], [77.1112549132, 28.7169515706], [77.1112812566, 28.7169821588], [77.1112787654, 28.716983809], [77.1112524219, 28.7169532208]]], "type": "Polygon"}, "properties": {"name": "undefined", "buildingName": "RGCI", "nodeId": "1af35b-084-d7ce-ebe8-eaf170825d00", "polygonType": "Cubicle", "type": "Wall", "walkableType": "non-walkable", "visibilityType": "visible", "directionType": "bidirectional", "tactileAvailibity": "not available", "global": false, "floor": 0}}, {"building_ID": "65d88662db333f894570bad3", "id": "826e8cf-7308-1bbd-5cbd-a557c828261d", "type": "Feature", "geometry": {"coordinates": [[77.1117099661, 28.7167530763], [77.1117149486, 28.7167497758], [77.1117149486, 28.7167497758]], "type": "LineString"}, "properties": {"nodeId": "826e8cf-7308-1bbd-5cbd-a557c828261d", "buildingName": "RGCI", "polygonType": "Waypoints", "walkableType": "walkable", "visibilityType": "visible", "directionType": "bidirectional", "tactileAvailibity": "not available", "global": false, "name": "undefined", "floor": 0}}, {"building_ID": "65d88662db333f894570bad3", "id": "d6eac-b6b7-2dc-f2e-18eab01da", "type": "Feature", "geometry": {"coordinates": [[77.1110506872, 28.7164554897], [77.1110232833, 28.7164736425], [77.1110232833, 28.7164736425]], "type": "LineString"}, "properties": {"nodeId": "d6eac-b6b7-2dc-f2e-18eab01da", "buildingName": "RGCI", "polygonType": "Waypoints", "walkableType": "walkable", "visibilityType": "visible", "directionType": "bidirectional", "tactileAvailibity": "not available", "global": false, "name": "undefined", "floor": 0}}, {"building_ID": "65d88662db333f894570bad3", "id": "db3a7e-411b-710f-d160-fcbfd2d622a", "type": "Feature", "geometry": {"coordinates": [[[77.1110587201, 28.7161104676], [77.1110886153, 28.7160906646], [77.1110980237, 28.716101589], [77.1110681285, 28.716121392], [77.1110587201, 28.7161104676]]], "type": "Polygon"}, "properties": {"name": "Counter No. B", "buildingName": "RGCI", "nodeId": "db3a7e-411b-710f-d160-fcbfd2d622a", "polygonType": "Room", "type": "Room", "walkableType": "non-walkable", "visibilityType": "visible", "directionType": "bidirectional", "tactileAvailibity": "not available", "global": false, "floor": 0}}, {"building_ID": "65d88662db333f894570bad3", "id": "b384ef-a724-7270-3eb5-12e116227b58", "type": "Feature", "geometry": {"coordinates": [[[77.1113556495, 28.7170049375], [77.1113537679, 28.7170027527], [77.1113612417, 28.7169978019], [77.1113631233, 28.7169999868], [77.1113556495, 28.7170049375]]], "type": "Polygon"}, "properties": {"name": "undefined", "buildingName": "RGCI", "nodeId": "b384ef-a724-7270-3eb5-12e116227b58", "polygonType": "Cubicle", "type": "Wall", "walkableType": "non-walkable", "visibilityType": "visible", "directionType": "bidirectional", "tactileAvailibity": "not available", "global": false, "floor": 0}}, {"building_ID": "65d88662db333f894570bad3", "id": "e0157a8-2b20-6162-23f-3da7f358d8e5", "type": "Feature", "geometry": {"coordinates": [[[77.1115573363, 28.7168438866], [77.1115554546, 28.7168417017], [77.1115828586, 28.7168235489], [77.1115847402, 28.7168257338], [77.1115573363, 28.7168438866]]], "type": "Polygon"}, "properties": {"name": "undefined", "buildingName": "RGCI", "nodeId": "e0157a8-2b20-6162-23f-3da7f358d8e5", "polygonType": "Cubicle", "type": "Wall", "walkableType": "non-walkable", "visibilityType": "visible", "directionType": "bidirectional", "tactileAvailibity": "not available", "global": false, "floor": 0}}, {"building_ID": "65d88662db333f894570bad3", "id": "1dd37-a36-d7-dcef-276fc312bc47", "type": "Feature", "geometry": {"coordinates": [[[77.1111247904, 28.7162416992], [77.1111322642, 28.7162367484], [77.1111379092, 28.716243303], [77.1111304354, 28.7162482538], [77.1111285537, 28.7162460689], [77.1111335362, 28.7162427684], [77.1111316546, 28.7162405835], [77.111126672, 28.716243884], [77.1111247904, 28.7162416992]]], "type": "Polygon"}, "properties": {"name": "undefined", "buildingName": "RGCI", "nodeId": "1dd37-a36-d7-dcef-276fc312bc47", "polygonType": "Cubicle", "type": "Wall", "walkableType": "non-walkable", "visibilityType": "visible", "directionType": "bidirectional", "tactileAvailibity": "not available", "global": false, "floor": 0}}, {"building_ID": "65d88662db333f894570bad3", "id": "074b14-3f24-130-a744-e00135f4c5e8", "type": "Feature", "geometry": {"coordinates": [[[77.1109465326, 28.7163254666], [77.1109639714, 28.7163139148], [77.1109677348, 28.7163182846], [77.1109502959, 28.7163298363], [77.1109465326, 28.7163254666]]], "type": "Polygon"}, "properties": {"name": "undefined", "buildingName": "RGCI", "nodeId": "074b14-3f24-130-a744-e00135f4c5e8", "polygonType": "Cubicle", "type": "Wall-2.8", "walkableType": "non-walkable", "visibilityType": "visible", "directionType": "bidirectional", "tactileAvailibity": "not available", "global": false, "floor": 0}}, {"building_ID": "65d88662db333f894570bad3", "id": "efeb58a-1f5c-c827-712a-c5eccd23105", "type": "Feature", "geometry": {"coordinates": [[[77.1114773261, 28.7166601253], [77.1114058224, 28.7165771002], [77.1114830517, 28.7165259424], [77.111556437, 28.7166111524], [77.1115545553, 28.7166089675], [77.1114773261, 28.7166601253]]], "type": "Polygon"}, "properties": {"name": "Linear Accelerator 3", "buildingName": "RGCI", "nodeId": "efeb58a-1f5c-c827-712a-c5eccd23105", "polygonType": "Room", "type": "Room", "walkableType": "non-walkable", "visibilityType": "visible", "directionType": "bidirectional", "tactileAvailibity": "not available", "global": false, "floor": 0}}, {"building_ID": "65d88662db333f894570bad3", "id": "155768-6442-8bfc-3ec2-db8d84c5126", "type": "Feature", "geometry": {"coordinates": [[[77.1110307042, 28.7164550015], [77.1110630906, 28.7164335482], [77.1110405105, 28.7164073297], [77.1110081241, 28.716428783], [77.1110307042, 28.7164550015]]], "type": "Polygon"}, "properties": {"name": "Female Washroom-2", "buildingName": "RGCI", "nodeId": "155768-6442-8bfc-3ec2-db8d84c5126", "polygonType": "Cubicle", "type": "Female Washroom", "walkableType": "non-walkable", "visibilityType": "visible", "directionType": "bidirectional", "tactileAvailibity": "not available", "fillColor": "undefined", "height": "undefined", "global": false, "floor": 0}}, {"building_ID": "65d88662db333f894570bad3", "id": "d8d052c-7cc6-3857-e77f-b631d7bf178", "type": "Feature", "geometry": {"coordinates": [[77.1111470229, 28.7166627499], [77.1111246015, 28.7166776022], [77.1111246015, 28.7166776022]], "type": "LineString"}, "properties": {"nodeId": "d8d052c-7cc6-3857-e77f-b631d7bf178", "buildingName": "RGCI", "polygonType": "Waypoints", "walkableType": "walkable", "visibilityType": "visible", "directionType": "bidirectional", "tactileAvailibity": "not available", "global": false, "name": "undefined", "floor": 0}}, {"building_ID": "65d88662db333f894570bad3", "id": "c250346-4a1f-d61-f8b5-0f17f755cf4c", "type": "Feature", "geometry": {"coordinates": [[[77.1110446165, 28.716661959], [77.1110276814, 28.7166422952], [77.1110550853, 28.7166241424], [77.1110720204, 28.7166438062], [77.1110446165, 28.716661959]]], "type": "Polygon"}, "properties": {"name": "Lift-6", "buildingName": "RGCI", "nodeId": "c250346-4a1f-d61-f8b5-0f17f755cf4c", "polygonType": "Cubicle", "type": "Lift", "walkableType": "non-walkable", "visibilityType": "visible", "directionType": "bidirectional", "tactileAvailibity": "not available", "fillColor": "undefined", "height": "undefined", "global": false, "floor": 0}}, {"building_ID": "65d88662db333f894570bad3", "id": "f12fa7b-c45a-ba6-420e-e1bd456bcc71", "type": "Feature", "geometry": {"coordinates": [[[77.1116797787, 28.7168588559], [77.1117046913, 28.7168423534], [77.1116839929, 28.7168183198], [77.1116590802, 28.7168348223], [77.1116797787, 28.7168588559]]], "type": "Polygon"}, "properties": {"name": "Radiologist", "buildingName": "RGCI", "nodeId": "f12fa7b-c45a-ba6-420e-e1bd456bcc71", "polygonType": "Room", "type": "Room", "walkableType": "non-walkable", "visibilityType": "visible", "directionType": "bidirectional", "tactileAvailibity": "not available", "global": false, "floor": 0}}, {"building_ID": "65d88662db333f894570bad3", "id": "3350ec8-2b3-cf14-ac52-38b622ffee5", "type": "Feature", "geometry": {"coordinates": [[[77.1110679169, 28.716066631], [77.1110928296, 28.7160501285], [77.1111229364, 28.7160850864], [77.1110980237, 28.716101589], [77.1110679169, 28.716066631]]], "type": "Polygon"}, "properties": {"name": "3067 - Medical Oncology Unit 1-Dr. D.C. Doval", "buildingName": "RGCI", "nodeId": "3350ec8-2b3-cf14-ac52-38b622ffee5", "polygonType": "Room", "type": "Room", "walkableType": "non-walkable", "visibilityType": "visible", "directionType": "bidirectional", "tactileAvailibity": "not available", "fillColor": "undefined", "height": "undefined", "global": false, "floor": 0}}, {"building_ID": "65d88662db333f894570bad3", "id": "7f6ff80-b372-387c-6de8-187cbc6735e", "type": "Feature", "geometry": {"coordinates": [[[77.110935774, 28.7161267139], [77.1109150756, 28.7161026803], [77.1109723747, 28.7160647245], [77.1109930731, 28.7160887581], [77.110935774, 28.7161267139]]], "type": "Polygon"}, "properties": {"name": "3062 - Surgical Oncology Unit 2- H & N- Dr. Mudit Agarwal", "buildingName": "RGCI", "nodeId": "7f6ff80-b372-387c-6de8-187cbc6735e", "polygonType": "Room", "type": "Room", "walkableType": "non-walkable", "visibilityType": "visible", "directionType": "bidirectional", "tactileAvailibity": "not available", "fillColor": "undefined", "height": "undefined", "global": false, "floor": 0}}, {"building_ID": "65d88662db333f894570bad3", "id": "44fbfdf-8caf-78ef-1c4-87d5beb4c2de", "type": "Feature", "geometry": {"coordinates": [[[77.1112034203, 28.7167146058], [77.1112133853, 28.7167080048], [77.1112322021, 28.7167298535], [77.111222237, 28.7167364545], [77.1112034203, 28.7167146058]]], "type": "Polygon"}, "properties": {"name": "undefined", "buildingName": "RGCI", "nodeId": "44fbfdf-8caf-78ef-1c4-87d5beb4c2de", "polygonType": "Cubicle", "type": "Drinking Water", "walkableType": "non-walkable", "visibilityType": "visible", "directionType": "bidirectional", "tactileAvailibity": "not available", "global": false, "floor": 0}}, {"building_ID": "65d88662db333f894570bad3", "id": "070da3-35a-23b4-aac6-a5aba3ad6e26", "type": "Feature", "geometry": {"coordinates": [[[77.1110870738, 28.7166612852], [77.1111119865, 28.7166447827], [77.1111144777, 28.7166431324], [77.1111295311, 28.7166606114], [77.1111021272, 28.7166787642], [77.1110870738, 28.7166612852]]], "type": "Polygon"}, "properties": {"name": "Xpress/CCD", "buildingName": "RGCI", "nodeId": "070da3-35a-23b4-aac6-a5aba3ad6e26", "polygonType": "Room", "type": "Room", "walkableType": "non-walkable", "visibilityType": "visible", "directionType": "bidirectional", "tactileAvailibity": "not available", "global": false, "floor": 0}}, {"building_ID": "65d88662db333f894570bad3", "id": "d435a5-a325-083e-b841-48c47646646f", "type": "Feature", "geometry": {"coordinates": [[[77.1117519725, 28.7167973083], [77.1117694114, 28.7167857566], [77.1117562396, 28.7167704625], [77.1117388008, 28.7167820142], [77.1117519725, 28.7167973083]]], "type": "Polygon"}, "properties": {"name": "Back office", "buildingName": "RGCI", "nodeId": "d435a5-a325-083e-b841-48c47646646f", "polygonType": "Room", "type": "Room", "walkableType": "non-walkable", "visibilityType": "visible", "directionType": "bidirectional", "tactileAvailibity": "not available", "global": false, "floor": 0}}, {"building_ID": "65d88662db333f894570bad3", "id": "b1beca4-fa02-7f6b-e0a7-8bec1dbfc8", "type": "Feature", "geometry": {"coordinates": [[[77.1108914854, 28.716461439], [77.1108715553, 28.716474641], [77.1108696736, 28.7164724562], [77.1108896037, 28.7164592541], [77.1108914854, 28.716461439]]], "type": "Polygon"}, "properties": {"name": "undefined", "buildingName": "RGCI", "nodeId": "b1beca4-fa02-7f6b-e0a7-8bec1dbfc8", "polygonType": "Cubicle", "type": "Wall", "walkableType": "non-walkable", "visibilityType": "visible", "directionType": "bidirectional", "tactileAvailibity": "not available", "global": false, "floor": 0}}, {"building_ID": "65d88662db333f894570bad3", "id": "6b686d1-4e27-123c-c456-5d2decdabd2f", "type": "Feature", "geometry": {"coordinates": [[[77.1116651762, 28.7167964711], [77.1116900888, 28.7167799685], [77.1117089056, 28.7168018173], [77.1116839929, 28.7168183198], [77.1116651762, 28.7167964711]]], "type": "Polygon"}, "properties": {"name": "Medicine OPD", "buildingName": "RGCI", "nodeId": "6b686d1-4e27-123c-c456-5d2decdabd2f", "polygonType": "Room", "type": "Room", "walkableType": "non-walkable", "visibilityType": "visible", "directionType": "bidirectional", "tactileAvailibity": "not available", "fillColor": "undefined", "height": "undefined", "global": false, "floor": 0}}, {"building_ID": "65d88662db333f894570bad3", "id": "6ff64ba-e868-32ac-aef7-6bf0ac80b148", "type": "Feature", "geometry": {"coordinates": [[[77.1111580232, 28.7164392898], [77.1111829359, 28.7164227873], [77.1111848176, 28.7164249722], [77.1111599049, 28.7164414747], [77.1111580232, 28.7164392898]]], "type": "Polygon"}, "properties": {"name": "undefined", "buildingName": "RGCI", "nodeId": "6ff64ba-e868-32ac-aef7-6bf0ac80b148", "polygonType": "Cubicle", "type": "Wall", "walkableType": "non-walkable", "visibilityType": "visible", "directionType": "bidirectional", "tactileAvailibity": "not available", "fillColor": "undefined", "height": "undefined", "global": false, "floor": 0}}, {"building_ID": "65d88662db333f894570bad3", "id": "0b7804-576-51fa-3b10-2234ae523fb", "type": "Feature", "geometry": {"coordinates": [[[77.1114450983, 28.7167226494], [77.1114225182, 28.7166964309], [77.1114773261, 28.7166601253], [77.1114999062, 28.7166863438], [77.1114450983, 28.7167226494]]], "type": "Polygon"}, "properties": {"name": "Change Room - LINAC 1 and 2", "buildingName": "RGCI", "nodeId": "0b7804-576-51fa-3b10-2234ae523fb", "polygonType": "Room", "type": "Room", "walkableType": "non-walkable", "visibilityType": "visible", "directionType": "bidirectional", "tactileAvailibity": "not available", "global": false, "floor": 0}}, {"building_ID": "65d88662db333f894570bad3", "id": "32d8bb-e828-08be-ce58-5aa64682b5f", "type": "Feature", "geometry": {"coordinates": [[[77.111345289, 28.7167475887], [77.111382658, 28.7167228349], [77.111405238, 28.7167490534], [77.1113678691, 28.7167738072], [77.111345289, 28.7167475887]]], "type": "Polygon"}, "properties": {"name": "Chief Radioactive Therapist", "buildingName": "RGCI", "nodeId": "32d8bb-e828-08be-ce58-5aa64682b5f", "polygonType": "Room", "type": "Room", "walkableType": "non-walkable", "visibilityType": "visible", "directionType": "bidirectional", "tactileAvailibity": "not available", "global": false, "floor": 0}}, {"building_ID": "65d88662db333f894570bad3", "id": "480ae16-4-0ea2-f71a-b41d3c5d77c", "type": "Feature", "geometry": {"coordinates": [[77.111698409, 28.7169940617], [77.1116381954, 28.7169241458], [77.1116381954, 28.7169241458]], "type": "LineString"}, "properties": {"nodeId": "480ae16-4-0ea2-f71a-b41d3c5d77c", "buildingName": "RGCI", "polygonType": "Waypoints", "walkableType": "walkable", "visibilityType": "visible", "directionType": "bidirectional", "tactileAvailibity": "not available", "global": false, "name": "undefined", "floor": 0}}, {"building_ID": "65d88662db333f894570bad3", "id": "7cf035a-05e5-8a5b-36e-20808b5063f", "type": "Feature", "geometry": {"coordinates": [[[77.1107774715, 28.7163653974], [77.1108372619, 28.7163257914], [77.1108654871, 28.7163585644], [77.1108056967, 28.7163981705], [77.1107774715, 28.7163653974]]], "type": "Polygon"}, "properties": {"name": "IPD Billing Area", "buildingName": "RGCI", "nodeId": "7cf035a-05e5-8a5b-36e-20808b5063f", "polygonType": "Room", "type": "Room", "walkableType": "non-walkable", "visibilityType": "visible", "directionType": "bidirectional", "tactileAvailibity": "not available", "global": false, "floor": 0}}, {"building_ID": "65d88662db333f894570bad3", "id": "7fdecc-77c-1081-3b5b-13bd674a33e7", "type": "Feature", "geometry": {"coordinates": [[[77.1117426422, 28.7169681923], [77.111755814, 28.7169834864], [77.1117757441, 28.7169702844], [77.1117625724, 28.7169549903], [77.1117426422, 28.7169681923]]], "type": "Polygon"}, "properties": {"name": "undefined", "buildingName": "RGCI", "nodeId": "7fdecc-77c-1081-3b5b-13bd674a33e7", "polygonType": "Cubicle", "type": "Restricted Area", "walkableType": "non-walkable", "visibilityType": "visible", "directionType": "bidirectional", "tactileAvailibity": "not available", "global": false, "floor": 0}}, {"building_ID": "65d88662db333f894570bad3", "id": "da5b63-ae26-81ab-4c5d-1c6b262b8138", "type": "Feature", "geometry": {"coordinates": [[[77.1116111089, 28.7170244401], [77.1115904105, 28.7170004065], [77.1115885288, 28.7169982216], [77.11157109, 28.7170097734], [77.11159367, 28.7170359919], [77.1116111089, 28.7170244401]]], "type": "Polygon"}, "properties": {"name": "Radiation Room 2", "buildingName": "RGCI", "nodeId": "da5b63-ae26-81ab-4c5d-1c6b262b8138", "polygonType": "Room", "type": "Room", "walkableType": "non-walkable", "visibilityType": "visible", "directionType": "bidirectional", "tactileAvailibity": "not available", "fillColor": "undefined", "height": "undefined", "global": false, "floor": 0}}, {"building_ID": "65d88662db333f894570bad3", "id": "00682a-dcf5-4b6b-734b-afc6efbbc76", "type": "Feature", "geometry": {"coordinates": [[[77.1117305839, 28.7169178475], [77.111689187, 28.7168697803], [77.1117390124, 28.7168367752], [77.1117804092, 28.7168848424], [77.1117305839, 28.7169178475]]], "type": "Polygon"}, "properties": {"name": "21 - X-Ray-2", "buildingName": "RGCI", "nodeId": "00682a-dcf5-4b6b-734b-afc6efbbc76", "polygonType": "Room", "type": "Room", "walkableType": "non-walkable", "visibilityType": "visible", "directionType": "bidirectional", "tactileAvailibity": "not available", "global": false, "floor": 0}}, {"building_ID": "65d88662db333f894570bad3", "id": "1b745b3-0e4f-3fbc-04c3-1436a542504a", "type": "Feature", "geometry": {"coordinates": [[[77.1111679908, 28.7161101429], [77.1111804471, 28.7161018916], [77.1111829384, 28.7161002414], [77.111179175, 28.7160958716], [77.1111866488, 28.7160909209], [77.1112054656, 28.7161127696], [77.1111830442, 28.7161276219], [77.1111679908, 28.7161101429]]], "type": "Polygon"}, "properties": {"name": "undefined", "buildingName": "RGCI", "nodeId": "1b745b3-0e4f-3fbc-04c3-1436a542504a", "polygonType": "Cubicle", "type": "Female Washroom", "walkableType": "non-walkable", "visibilityType": "visible", "directionType": "bidirectional", "tactileAvailibity": "not available", "fillColor": "undefined", "height": "undefined", "global": false, "floor": 0}}, {"building_ID": "65d88662db333f894570bad3", "id": "41d6ffc-f116-7c71-e213-6c7e512fe32b", "type": "Feature", "geometry": {"coordinates": [[[77.111222237, 28.7167364545], [77.1112795361, 28.7166984987], [77.1113679749, 28.7168011877], [77.1113106757, 28.7168391435], [77.111222237, 28.7167364545]]], "type": "Polygon"}, "properties": {"name": "TPA Desk", "buildingName": "RGCI", "nodeId": "41d6ffc-f116-7c71-e213-6c7e512fe32b", "polygonType": "Room", "type": "Room", "walkableType": "non-walkable", "visibilityType": "visible", "directionType": "bidirectional", "tactileAvailibity": "not available", "fillColor": "undefined", "height": "undefined", "global": false, "floor": 0}}, {"building_ID": "65d88662db333f894570bad3", "id": "f807765-b7b-86a7-e063-6728134d8c8c", "type": "Feature", "geometry": {"coordinates": [[[77.1110498912, 28.7165726819], [77.1110705896, 28.7165967155], [77.1110431857, 28.7166148683], [77.1110525941, 28.7166257926], [77.1110351552, 28.7166373444], [77.1110050484, 28.7166023865], [77.1110498912, 28.7165726819]]], "type": "Polygon"}, "properties": {"name": "International Patient Lounge", "buildingName": "RGCI", "nodeId": "f807765-b7b-86a7-e063-6728134d8c8c", "polygonType": "Room", "type": "Room", "walkableType": "non-walkable", "visibilityType": "visible", "directionType": "bidirectional", "tactileAvailibity": "not available", "global": false, "floor": 0}}, {"building_ID": "65d88662db333f894570bad3", "id": "c1e227f-50d1-76b6-b4e1-555fdd1ecfca", "type": "Feature", "geometry": {"coordinates": [[[77.1111455165, 28.7161113049], [77.1111398714, 28.7161047503], [77.111154819, 28.7160948488], [77.1111604641, 28.7161014034], [77.1111455165, 28.7161113049]]], "type": "Polygon"}, "properties": {"name": "Drinking Water", "buildingName": "RGCI", "nodeId": "c1e227f-50d1-76b6-b4e1-555fdd1ecfca", "polygonType": "Cubicle", "type": "Water Point", "walkableType": "non-walkable", "visibilityType": "visible", "directionType": "bidirectional", "tactileAvailibity": "not available", "fillColor": "undefined", "height": "1", "global": false, "floor": 0}}, {"building_ID": "65d88662db333f894570bad3", "id": "65164f-cc31-4ac-78e6-3164d5360824", "type": "Feature", "geometry": {"coordinates": [[[77.1111149815, 28.7166119168], [77.1111548418, 28.7165855128], [77.1112037653, 28.7166423194], [77.1111639051, 28.7166687235], [77.1111450883, 28.7166468748], [77.1111525621, 28.716641924], [77.1111412721, 28.7166288148], [77.1111337983, 28.7166337655], [77.1111149815, 28.7166119168]]], "type": "Polygon"}, "properties": {"name": "Admission", "buildingName": "RGCI", "nodeId": "65164f-cc31-4ac-78e6-3164d5360824", "polygonType": "Room", "type": "Room", "walkableType": "non-walkable", "visibilityType": "visible", "directionType": "bidirectional", "tactileAvailibity": "not available", "fillColor": "undefined", "height": "undefined", "global": false, "floor": 0}}, {"building_ID": "65d88662db333f894570bad3", "id": "f12b52-becc-74c7-22ae-cb8e3688d4e8", "type": "Feature", "geometry": {"coordinates": [[[77.1108985108, 28.7161788482], [77.1109234235, 28.7161623457], [77.1109554119, 28.7161994885], [77.1109304993, 28.716215991], [77.1108985108, 28.7161788482]]], "type": "Polygon"}, "properties": {"name": "3057 - Surgical Oncology Unit 1 H & N - Dr. AK. Dewan", "buildingName": "RGCI", "nodeId": "f12b52-becc-74c7-22ae-cb8e3688d4e8", "polygonType": "Room", "type": "Room", "walkableType": "non-walkable", "visibilityType": "visible", "directionType": "bidirectional", "tactileAvailibity": "not available", "fillColor": "undefined", "height": "undefined", "global": false, "floor": 0}}, {"building_ID": "65d88662db333f894570bad3", "id": "0f86e64-303a-4ae-71f3-a808d78513da", "type": "Feature", "geometry": {"coordinates": [[[77.11094155, 28.7163287671], [77.110935905, 28.7163222125], [77.1109209574, 28.716332114], [77.1109266024, 28.7163386686], [77.11094155, 28.7163287671]]], "type": "Polygon"}, "properties": {"name": "undefined", "buildingName": "RGCI", "nodeId": "0f86e64-303a-4ae-71f3-a808d78513da", "polygonType": "Cubicle", "type": "Wall-3", "walkableType": "non-walkable", "visibilityType": "visible", "directionType": "bidirectional", "tactileAvailibity": "not available", "global": false, "floor": 0}}, {"building_ID": "65d88662db333f894570bad3", "id": "84557c-55a-f35f-31a-a1ca7f63770b", "type": "Feature", "geometry": {"coordinates": [[[77.1110681285, 28.716121392], [77.1110432158, 28.7161378945], [77.111013109, 28.7161029366], [77.1110380217, 28.7160864341], [77.1110681285, 28.716121392]]], "type": "Polygon"}, "properties": {"name": "3063 - Medical Oncology Unit 1-Dr. Pankaj Goyal", "buildingName": "RGCI", "nodeId": "84557c-55a-f35f-31a-a1ca7f63770b", "polygonType": "Room", "type": "Room", "walkableType": "non-walkable", "visibilityType": "visible", "directionType": "bidirectional", "tactileAvailibity": "not available", "fillColor": "undefined", "height": "undefined", "global": false, "floor": 0}}, {"building_ID": "65d88662db333f894570bad3", "id": "75702eb-bef-472e-70ba-aa8ca5d65865", "type": "Feature", "geometry": {"coordinates": [[[77.1110905198, 28.7165835135], [77.1110979936, 28.7165785627], [77.1111055203, 28.7165873022], [77.1110980465, 28.716592253], [77.1110924014, 28.7165856984], [77.1110905198, 28.7165835135]]], "type": "Polygon"}, "properties": {"name": "undefined", "buildingName": "RGCI", "nodeId": "75702eb-bef-472e-70ba-aa8ca5d65865", "polygonType": "Cubicle", "type": "Wall", "walkableType": "non-walkable", "visibilityType": "visible", "directionType": "bidirectional", "tactileAvailibity": "not available", "fillColor": "undefined", "height": "undefined", "global": false, "floor": 0}}, {"building_ID": "65d88662db333f894570bad3", "id": "404cdbc-6fb0-4ee2-cebd-0dee3f71330", "type": "Feature", "geometry": {"coordinates": [[[77.1111609679, 28.7160701878], [77.1111515595, 28.7160592634], [77.1111665071, 28.7160493619], [77.1111759155, 28.7160602863], [77.1111609679, 28.7160701878]]], "type": "Polygon"}, "properties": {"name": "undefined", "buildingName": "RGCI", "nodeId": "404cdbc-6fb0-4ee2-cebd-0dee3f71330", "polygonType": "Cubicle", "type": "Powder Room", "walkableType": "non-walkable", "visibilityType": "visible", "directionType": "bidirectional", "tactileAvailibity": "not available", "global": false, "floor": 0}}, {"building_ID": "65d88662db333f894570bad3", "id": "f7c3528-3673-6c3-21b8-ffed4742f51c", "type": "Feature", "geometry": {"coordinates": [[[77.1115486157, 28.7170109354], [77.1115386506, 28.7170175364], [77.1115687574, 28.7170524944], [77.1115787225, 28.7170458934], [77.1115486157, 28.7170109354]]], "type": "Polygon"}, "properties": {"name": "undefined", "buildingName": "RGCI", "nodeId": "f7c3528-3673-6c3-21b8-ffed4742f51c", "polygonType": "Cubicle", "type": "Restricted Area", "walkableType": "non-walkable", "visibilityType": "visible", "directionType": "bidirectional", "tactileAvailibity": "not available", "global": false, "floor": 0}}, {"building_ID": "65d88662db333f894570bad3", "id": "5bddc0-6f4-a2a-2e60-0065fa0e6e22", "type": "Feature", "geometry": {"coordinates": [[[77.1115198363, 28.7166731418], [77.1115771354, 28.716635186], [77.1116335857, 28.7167007321], [77.1115762866, 28.716738688], [77.1115198363, 28.7166731418]]], "type": "Polygon"}, "properties": {"name": "CT Simulator", "buildingName": "RGCI", "nodeId": "5bddc0-6f4-a2a-2e60-0065fa0e6e22", "polygonType": "Room", "type": "Room", "walkableType": "non-walkable", "visibilityType": "visible", "directionType": "bidirectional", "tactileAvailibity": "not available", "global": false, "floor": 0}}, {"building_ID": "65d88662db333f894570bad3", "id": "6554868-85c2-d308-0b42-aac7b7fc5d1e", "type": "Feature", "geometry": {"coordinates": [[[77.1110645214, 28.7164806389], [77.1110852198, 28.7165046725], [77.1111649403, 28.7164518644], [77.1111329519, 28.7164147216], [77.1110731615, 28.7164543277], [77.1110844515, 28.7164674369], [77.1110645214, 28.7164806389]]], "type": "Polygon"}, "properties": {"name": "OPD Pharmacy Counters", "buildingName": "RGCI", "nodeId": "6554868-85c2-d308-0b42-aac7b7fc5d1e", "polygonType": "Room", "type": "Room", "walkableType": "non-walkable", "visibilityType": "visible", "directionType": "bidirectional", "tactileAvailibity": "not available", "fillColor": "undefined", "height": "undefined", "global": false, "floor": 0}}, {"building_ID": "65d88662db333f894570bad3", "id": "fbe104-560-55be-223e-46f745d60bf", "type": "Feature", "geometry": {"coordinates": [[[77.1107987543, 28.7162174778], [77.1108250978, 28.716248066], [77.1108051677, 28.716261268], [77.1107788242, 28.7162306798], [77.1107987543, 28.7162174778]]], "type": "Polygon"}, "properties": {"name": " 3051 - Palliative Care", "buildingName": "RGCI", "nodeId": "fbe104-560-55be-223e-46f745d60bf", "polygonType": "Room", "type": "Room", "walkableType": "non-walkable", "visibilityType": "visible", "directionType": "bidirectional", "tactileAvailibity": "not available", "global": false, "floor": 0}}, {"building_ID": "65d88662db333f894570bad3", "id": "2571de4-b800-0836-2ed2-2c4e76075d8f", "type": "Feature", "geometry": {"coordinates": [[[77.1109234235, 28.7161623457], [77.1109508274, 28.7161441929], [77.1109715258, 28.7161682265], [77.1109441219, 28.7161863793], [77.1109234235, 28.7161623457]]], "type": "Polygon"}, "properties": {"name": "3059 - Tumor Board", "buildingName": "RGCI", "nodeId": "2571de4-b800-0836-2ed2-2c4e76075d8f", "polygonType": "Room", "type": "Room", "walkableType": "non-walkable", "visibilityType": "visible", "directionType": "bidirectional", "tactileAvailibity": "not available", "global": false, "floor": 0}}, {"building_ID": "65d88662db333f894570bad3", "id": "870a1b5-f534-bc6b-511-b56faa8fe1c", "type": "Feature", "geometry": {"coordinates": [[[77.1111041196, 28.7160632377], [77.1111190672, 28.7160533362], [77.1111284756, 28.7160642606], [77.111113528, 28.7160741621], [77.1111060013, 28.7160654226], [77.1111041196, 28.7160632377]]], "type": "Polygon"}, "properties": {"name": "C.U", "buildingName": "RGCI", "nodeId": "870a1b5-f534-bc6b-511-b56faa8fe1c", "polygonType": "Room", "type": "Room", "walkableType": "non-walkable", "visibilityType": "visible", "directionType": "bidirectional", "tactileAvailibity": "not available", "global": false, "floor": 0}}, {"building_ID": "65d88662db333f894570bad3", "id": "f6420ff-b580-a7a2-a273-3ace0ea21ecf", "type": "Feature", "geometry": {"coordinates": [[[77.1111229364, 28.7160850864], [77.111137884, 28.7160751849], [77.1111284756, 28.7160642606], [77.111113528, 28.7160741621], [77.1111229364, 28.7160850864]]], "type": "Polygon"}, "properties": {"name": "D.U", "buildingName": "RGCI", "nodeId": "f6420ff-b580-a7a2-a273-3ace0ea21ecf", "polygonType": "Room", "type": "Room", "walkableType": "non-walkable", "visibilityType": "visible", "directionType": "bidirectional", "tactileAvailibity": "not available", "global": false, "floor": 0}}, {"building_ID": "65d88662db333f894570bad3", "id": "c1ef4f3-446c-4e0f-461-5c120ad7868", "type": "Feature", "geometry": {"coordinates": [[[77.1111428917, 28.7162400025], [77.1111678044, 28.7162235], [77.1111809761, 28.7162387941], [77.1111560634, 28.7162552966], [77.1111428917, 28.7162400025]]], "type": "Polygon"}, "properties": {"name": "undefined", "buildingName": "RGCI", "nodeId": "c1ef4f3-446c-4e0f-461-5c120ad7868", "polygonType": "Cubicle", "type": "Sitting Area", "walkableType": "non-walkable", "visibilityType": "visible", "directionType": "bidirectional", "tactileAvailibity": "not available", "global": false, "floor": 0}}, {"building_ID": "65d88662db333f894570bad3", "id": "180c5d2-74c-1e4-a55e-13144b2f41b", "type": "Feature", "geometry": {"coordinates": [[77.1110552717, 28.7165107853], [77.1111041953, 28.716567592], [77.1111041953, 28.716567592]], "type": "LineString"}, "properties": {"nodeId": "180c5d2-74c-1e4-a55e-13144b2f41b", "buildingName": "RGCI", "polygonType": "Waypoints", "walkableType": "walkable", "visibilityType": "visible", "directionType": "bidirectional", "tactileAvailibity": "not available", "global": false, "name": "undefined", "floor": 0}}, {"building_ID": "65d88662db333f894570bad3", "id": "d1742e7-fd77-ae0e-e604-ee14df467007", "type": "Feature", "geometry": {"coordinates": [[[77.1111759155, 28.7160602863], [77.1111872055, 28.7160733955], [77.1111722579, 28.716083297], [77.1111609679, 28.7160701878], [77.1111759155, 28.7160602863]]], "type": "Polygon"}, "properties": {"name": "Barber Room", "buildingName": "RGCI", "nodeId": "d1742e7-fd77-ae0e-e604-ee14df467007", "polygonType": "Room", "type": "Room", "walkableType": "non-walkable", "visibilityType": "visible", "directionType": "bidirectional", "tactileAvailibity": "not available", "global": false, "floor": 0}}, {"building_ID": "65d88662db333f894570bad3", "id": "cdd8b-75de-6c34-bb-360cc3462a", "type": "Feature", "geometry": {"coordinates": [[[77.1111680966, 28.7161375234], [77.1111455165, 28.7161113049], [77.1111604641, 28.7161014034], [77.1111830442, 28.7161276219], [77.1111680966, 28.7161375234]]], "type": "Polygon"}, "properties": {"name": "Injection Room D Block", "buildingName": "RGCI", "nodeId": "cdd8b-75de-6c34-bb-360cc3462a", "polygonType": "Room", "type": "Room", "walkableType": "non-walkable", "visibilityType": "visible", "directionType": "bidirectional", "tactileAvailibity": "not available", "fillColor": "undefined", "height": "undefined", "global": false, "floor": 0}}, {"building_ID": "65d88662db333f894570bad3", "id": "fdcc1a0-5e45-e1d6-388e-72df8d21c1cd", "type": "Feature", "geometry": {"coordinates": [[[77.1111191453, 28.7162351445], [77.1111515318, 28.7162136913], [77.1111327151, 28.7161918425], [77.1111003286, 28.7162132958], [77.1111191453, 28.7162351445]]], "type": "Polygon"}, "properties": {"name": "3076 - Paediatric Oncology Unit 1- Dr. Gauri Kapoor, Dr. Sandeep Jain ", "buildingName": "RGCI", "nodeId": "fdcc1a0-5e45-e1d6-388e-72df8d21c1cd", "polygonType": "Room", "type": "Room", "walkableType": "non-walkable", "visibilityType": "visible", "directionType": "bidirectional", "tactileAvailibity": "not available", "fillColor": "undefined", "height": "undefined", "global": false, "floor": 0}}, {"building_ID": "65d88662db333f894570bad3", "id": "e1fb438-3b10-8453-3cc4-723506ea7ae", "type": "Feature", "geometry": {"coordinates": [[[77.1111003286, 28.7162132958], [77.1110815118, 28.7161914471], [77.1110796302, 28.7161892622], [77.1111120166, 28.7161678089], [77.1111327151, 28.7161918425], [77.1111003286, 28.7162132958]]], "type": "Polygon"}, "properties": {"name": "3072 - Neuro Oncology Unit 1 - Dr. I.C. Prem Sagar", "buildingName": "RGCI", "nodeId": "e1fb438-3b10-8453-3cc4-723506ea7ae", "polygonType": "Room", "type": "Room", "walkableType": "non-walkable", "visibilityType": "visible", "directionType": "bidirectional", "tactileAvailibity": "not available", "fillColor": "undefined", "height": "undefined", "global": false, "floor": 0}}, {"building_ID": "65d88662db333f894570bad3", "id": "d3038-ee3e-ed6-32bd-88cee8b550ff", "type": "Feature", "geometry": {"coordinates": [[[77.1115771354, 28.716635186], [77.1115545553, 28.7166089675], [77.1114972562, 28.7166469233], [77.1115198363, 28.7166731418], [77.1115771354, 28.716635186]]], "type": "Polygon"}, "properties": {"name": "Change Room (LINAC 3)", "buildingName": "RGCI", "nodeId": "d3038-ee3e-ed6-32bd-88cee8b550ff", "polygonType": "Room", "type": "Room", "walkableType": "non-walkable", "visibilityType": "visible", "directionType": "bidirectional", "tactileAvailibity": "not available", "global": false, "floor": 0}}, {"building_ID": "65d88662db333f894570bad3", "id": "0dfcb88-4ab6-aee4-b5ff-3aefa78287c8", "type": "Feature", "geometry": {"coordinates": [[[77.1111369293, 28.7161513064], [77.1111468944, 28.7161447054], [77.1111186692, 28.7161119323], [77.1111167876, 28.7161097474], [77.1111068225, 28.7161163485], [77.1111369293, 28.7161513064]]], "type": "Polygon"}, "properties": {"name": "undefined", "buildingName": "RGCI", "nodeId": "0dfcb88-4ab6-aee4-b5ff-3aefa78287c8", "polygonType": "Cubicle", "type": "Sitting Area", "walkableType": "non-walkable", "visibilityType": "visible", "directionType": "bidirectional", "tactileAvailibity": "not available", "global": false, "floor": 0}}, {"building_ID": "65d88662db333f894570bad3", "id": "76bd28-dd77-b12-0ec-0102a508756", "type": "Feature", "geometry": {"coordinates": [[[77.1109465326, 28.7163254666], [77.1109408875, 28.716318912], [77.1109583264, 28.7163073602], [77.1109639714, 28.7163139148], [77.1109465326, 28.7163254666]]], "type": "Polygon"}, "properties": {"name": "undefined", "buildingName": "RGCI", "nodeId": "76bd28-dd77-b12-0ec-0102a508756", "polygonType": "Cubicle", "type": "Wall-3", "walkableType": "non-walkable", "visibilityType": "visible", "directionType": "bidirectional", "tactileAvailibity": "not available", "global": false, "floor": 0}}, {"building_ID": "65d88662db333f894570bad3", "id": "efb20-8710-2225-4adc-0f0a47818a3", "type": "Feature", "geometry": {"coordinates": [[[77.1113626448, 28.7171993205], [77.1113476972, 28.717209222], [77.1113665139, 28.7172310707], [77.1113814615, 28.7172211692], [77.1113626448, 28.7171993205]]], "type": "Polygon"}, "properties": {"name": "Existing gas valves area", "buildingName": "RGCI", "nodeId": "efb20-8710-2225-4adc-0f0a47818a3", "polygonType": "Room", "type": "Room", "walkableType": "non-walkable", "visibilityType": "visible", "directionType": "bidirectional", "tactileAvailibity": "not available", "global": false, "floor": 0}}, {"building_ID": "65d88662db333f894570bad3", "id": "52fd8ad-3eb0-7737-4e45-0ff01f608ed", "type": "Feature", "geometry": {"coordinates": [[[77.1112742589, 28.7171103217], [77.1113066454, 28.7170888684], [77.1112652486, 28.7170408013], [77.1112328621, 28.7170622545], [77.1112742589, 28.7171103217]]], "type": "Polygon"}, "properties": {"name": "Cold kitchen&pantry", "buildingName": "RGCI", "nodeId": "52fd8ad-3eb0-7737-4e45-0ff01f608ed", "polygonType": "Room", "type": "Room", "walkableType": "non-walkable", "visibilityType": "visible", "directionType": "bidirectional", "tactileAvailibity": "not available", "global": false, "floor": 0}}, {"building_ID": "65d88662db333f894570bad3", "id": "55edb20-af3d-bd88-ff38-5d6a8454faba", "type": "Feature", "geometry": {"coordinates": [[[77.1112140454, 28.7170404058], [77.1111971103, 28.717020742], [77.1112294967, 28.7169992887], [77.1112464318, 28.7170189525], [77.1112140454, 28.7170404058]]], "type": "Polygon"}, "properties": {"name": "Dish wash", "buildingName": "RGCI", "nodeId": "55edb20-af3d-bd88-ff38-5d6a8454faba", "polygonType": "Room", "type": "Room", "walkableType": "non-walkable", "visibilityType": "visible", "directionType": "bidirectional", "tactileAvailibity": "not available", "global": false, "floor": 0}}, {"building_ID": "65d88662db333f894570bad3", "id": "ad2d74f-7828-b704-eff7-20a0bcca011", "type": "Feature", "geometry": {"coordinates": [[[77.1115791204, 28.7169872973], [77.111621472, 28.716959243], [77.1116534604, 28.7169963858], [77.1116111089, 28.7170244401], [77.1115885288, 28.7169982216], [77.1115561424, 28.7170196749], [77.1115392073, 28.7170000111], [77.1115715937, 28.7169785578], [77.1115791204, 28.7169872973]]], "type": "Polygon"}, "properties": {"name": "17 - CT-Scan Room", "buildingName": "RGCI", "nodeId": "ad2d74f-7828-b704-eff7-20a0bcca011", "polygonType": "Room", "type": "Room", "walkableType": "non-walkable", "visibilityType": "visible", "directionType": "bidirectional", "tactileAvailibity": "not available", "global": false, "floor": 0}}, {"building_ID": "65d88662db333f894570bad3", "id": "3b44306-3b8c-d6e-ecbc-2f3257e68f2", "type": "Feature", "geometry": {"coordinates": [[[77.1114747518, 28.7171250591], [77.1113626448, 28.7171993205], [77.1113852249, 28.7172255389], [77.1114973319, 28.7171512776], [77.1114747518, 28.7171250591]]], "type": "Polygon"}, "properties": {"name": "CT Reporting Room", "buildingName": "RGCI", "nodeId": "3b44306-3b8c-d6e-ecbc-2f3257e68f2", "polygonType": "Room", "type": "Room", "walkableType": "non-walkable", "visibilityType": "visible", "directionType": "bidirectional", "tactileAvailibity": "not available", "global": false, "floor": 0}}, {"building_ID": "65d88662db333f894570bad3", "id": "fb6240b-6371-ccf1-1d25-1867f58a2c6", "type": "Feature", "geometry": {"coordinates": [[[77.1109441219, 28.7161863793], [77.1109715258, 28.7161682265], [77.1109828159, 28.7161813357], [77.1109554119, 28.7161994885], [77.1109441219, 28.7161863793]]], "type": "Polygon"}, "properties": {"name": "Counter No. A", "buildingName": "RGCI", "nodeId": "fb6240b-6371-ccf1-1d25-1867f58a2c6", "polygonType": "Room", "type": "Room", "walkableType": "non-walkable", "visibilityType": "visible", "directionType": "bidirectional", "tactileAvailibity": "not available", "global": false, "floor": 0}}, {"building_ID": "65d88662db333f894570bad3", "id": "78740eb-865-80cc-f6d2-fac43be6f1", "type": "Feature", "geometry": {"coordinates": [[[77.1115921082, 28.7167934025], [77.111514879, 28.7168445604], [77.1114584287, 28.7167790142], [77.111535658, 28.7167278564], [77.1115921082, 28.7167934025]]], "type": "Polygon"}, "properties": {"name": "Emergency", "buildingName": "RGCI", "nodeId": "78740eb-865-80cc-f6d2-fac43be6f1", "polygonType": "Room", "type": "Room", "walkableType": "non-walkable", "visibilityType": "visible", "directionType": "bidirectional", "tactileAvailibity": "not available", "fillColor": "undefined", "height": "undefined", "global": false, "floor": 0}}, {"building_ID": "65d88662db333f894570bad3", "id": "8816f2c-614-180c-168d-df7d785aaab", "type": "Feature", "geometry": {"coordinates": [[[77.1110432158, 28.7161378945], [77.111025777, 28.7161494463], [77.1110031969, 28.7161232278], [77.1110206357, 28.7161116761], [77.1110432158, 28.7161378945]]], "type": "Polygon"}, "properties": {"name": "3065 - Initial Assessment Room", "buildingName": "RGCI", "nodeId": "8816f2c-614-180c-168d-df7d785aaab", "polygonType": "Room", "type": "Room", "walkableType": "non-walkable", "visibilityType": "visible", "directionType": "bidirectional", "tactileAvailibity": "not available", "global": false, "floor": 0}}, {"building_ID": "65d88662db333f894570bad3", "id": "f5d105-76-fc74-10e8-6360e4e4e8e5", "type": "Feature", "geometry": {"coordinates": [[[77.111627117, 28.7169657976], [77.1116139453, 28.7169505035], [77.1116338754, 28.7169373015], [77.1116470471, 28.7169525956], [77.111627117, 28.7169657976]]], "type": "Polygon"}, "properties": {"name": "CT Preparation Area", "buildingName": "RGCI", "nodeId": "f5d105-76-fc74-10e8-6360e4e4e8e5", "polygonType": "Room", "type": "Room", "walkableType": "non-walkable", "visibilityType": "visible", "directionType": "bidirectional", "tactileAvailibity": "not available", "global": false, "floor": 0}}, {"building_ID": "65d88662db333f894570bad3", "id": "5ba777-7c11-667-fb42-dfbb15ec5", "type": "Feature", "geometry": {"coordinates": [[[77.111654337, 28.716738456], [77.1116769171, 28.7167646744], [77.1116520044, 28.716781177], [77.1116407144, 28.7167680677], [77.1116357319, 28.7167713682], [77.1116244418, 28.716758259], [77.111654337, 28.716738456]]], "type": "Polygon"}, "properties": {"name": "EWS OPD 1", "buildingName": "RGCI", "nodeId": "5ba777-7c11-667-fb42-dfbb15ec5", "polygonType": "Room", "type": "Room", "walkableType": "non-walkable", "visibilityType": "visible", "directionType": "bidirectional", "tactileAvailibity": "not available", "fillColor": "undefined", "height": "undefined", "global": false, "floor": 0}}, {"building_ID": "65d88662db333f894570bad3", "id": "2ed33d7-fe74-f231-edd6-c2cc0013883", "type": "Feature", "geometry": {"coordinates": [[[77.1109752615, 28.7163270241], [77.1109578226, 28.7163385758], [77.110961586, 28.7163429456], [77.1109790248, 28.7163313938], [77.1109752615, 28.7163270241]]], "type": "Polygon"}, "properties": {"name": "undefined", "buildingName": "RGCI", "nodeId": "2ed33d7-fe74-f231-edd6-c2cc0013883", "polygonType": "Cubicle", "type": "Wall-2.4", "walkableType": "non-walkable", "visibilityType": "visible", "directionType": "bidirectional", "tactileAvailibity": "not available", "global": false, "floor": 0}}, {"building_ID": "65d88662db333f894570bad3", "id": "c02b2b-336c-6320-1f78-ea1c7b15ab5", "type": "Feature", "geometry": {"coordinates": [[[77.1117077645, 28.7169912958], [77.1117426422, 28.7169681923], [77.1117821574, 28.7170140746], [77.1117049282, 28.7170652325], [77.111665413, 28.7170193501], [77.1117077645, 28.7169912958]]], "type": "Polygon"}, "properties": {"name": "Examination Room", "buildingName": "RGCI", "nodeId": "c02b2b-336c-6320-1f78-ea1c7b15ab5", "polygonType": "Room", "type": "Room", "walkableType": "non-walkable", "visibilityType": "visible", "directionType": "bidirectional", "tactileAvailibity": "not available", "global": false, "floor": 0}}, {"building_ID": "65d88662db333f894570bad3", "id": "350f77-8ee3-ee5a-3de5-cbe1f00c0b", "type": "Feature", "geometry": {"coordinates": [[[77.1113877715, 28.716915033], [77.111425405, 28.7169587305], [77.1113805622, 28.716988435], [77.1113429287, 28.7169447376], [77.1113877715, 28.716915033]]], "type": "Polygon"}, "properties": {"name": "Cytotoxic Admixture Unit (CAU)", "buildingName": "RGCI", "nodeId": "350f77-8ee3-ee5a-3de5-cbe1f00c0b", "polygonType": "Room", "type": "Room", "walkableType": "non-walkable", "visibilityType": "visible", "directionType": "bidirectional", "tactileAvailibity": "not available", "fillColor": "undefined", "height": "undefined", "global": false, "floor": 0}}, {"building_ID": "65d88662db333f894570bad3", "id": "d2d1b5a-236e-4f1a-acf4-4ed40d75c", "type": "Feature", "geometry": {"coordinates": [[[77.1115475829, 28.7169052486], [77.1115700043, 28.7168903963], [77.1116038744, 28.716929724], [77.111581453, 28.7169445763], [77.1115475829, 28.7169052486]]], "type": "Polygon"}, "properties": {"name": "16B - Ultrasound-2", "buildingName": "RGCI", "nodeId": "d2d1b5a-236e-4f1a-acf4-4ed40d75c", "polygonType": "Room", "type": "Room", "walkableType": "non-walkable", "visibilityType": "visible", "directionType": "bidirectional", "tactileAvailibity": "not available", "global": false, "floor": 0}}, {"building_ID": "65d88662db333f894570bad3", "id": "188c231-dd71-d184-65d1-0bbfed64eb8c", "type": "Feature", "geometry": {"coordinates": [[[77.1116513143, 28.7169257497], [77.111686192, 28.7169026461], [77.1117426422, 28.7169681923], [77.1117077645, 28.7169912958], [77.1116513143, 28.7169257497]]], "type": "Polygon"}, "properties": {"name": "19 - Reporting Room", "buildingName": "RGCI", "nodeId": "188c231-dd71-d184-65d1-0bbfed64eb8c", "polygonType": "Room", "type": "Room", "walkableType": "non-walkable", "visibilityType": "visible", "directionType": "bidirectional", "tactileAvailibity": "not available", "global": false, "floor": 0}}, {"building_ID": "65d88662db333f894570bad3", "id": "e477ced-8a16-e7f4-5a48-85162a084ca0", "type": "Feature", "geometry": {"coordinates": [[[77.1115715937, 28.7169785578], [77.1115890326, 28.716967006], [77.1115965593, 28.7169757455], [77.1115791204, 28.7169872973], [77.1115715937, 28.7169785578]]], "type": "Polygon"}, "properties": {"name": "Change Room", "buildingName": "RGCI", "nodeId": "e477ced-8a16-e7f4-5a48-85162a084ca0", "polygonType": "Room", "type": "Room", "walkableType": "non-walkable", "visibilityType": "visible", "directionType": "bidirectional", "tactileAvailibity": "not available", "global": false, "floor": 0}}, {"building_ID": "65d88662db333f894570bad3", "id": "202608-bea3-b5cd-5e0b-af4068eb8", "type": "Feature", "geometry": {"coordinates": [[[77.1116534604, 28.7169963858], [77.1116708993, 28.716984834], [77.1116733906, 28.7169831838], [77.1116470471, 28.7169525956], [77.111627117, 28.7169657976], [77.1116534604, 28.7169963858]]], "type": "Polygon"}, "properties": {"name": "X-Ray Room", "buildingName": "RGCI", "nodeId": "202608-bea3-b5cd-5e0b-af4068eb8", "polygonType": "Room", "type": "Room", "walkableType": "non-walkable", "visibilityType": "visible", "directionType": "bidirectional", "tactileAvailibity": "not available", "global": false, "floor": 0}}, {"building_ID": "65d88662db333f894570bad3", "id": "de117a1-731-06f4-0f87-b46b6bdc8145", "type": "Feature", "geometry": {"coordinates": [[77.1110985503, 28.7165610374], [77.1112131485, 28.7164851257], [77.1112131485, 28.7164851257]], "type": "LineString"}, "properties": {"nodeId": "de117a1-731-06f4-0f87-b46b6bdc8145", "buildingName": "RGCI", "polygonType": "Waypoints", "walkableType": "walkable", "visibilityType": "visible", "directionType": "bidirectional", "tactileAvailibity": "not available", "global": false, "name": "undefined", "floor": 0}}, {"building_ID": "65d88662db333f894570bad3", "id": "21d1a55-cb2e-f600-ca8b-7e14253da1", "type": "Feature", "geometry": {"coordinates": [[[77.1109954561, 28.7163822733], [77.111012895, 28.7163707215], [77.1110166583, 28.7163750913], [77.1109992195, 28.716386643], [77.1109954561, 28.7163822733]]], "type": "Polygon"}, "properties": {"name": "undefined", "buildingName": "RGCI", "nodeId": "21d1a55-cb2e-f600-ca8b-7e14253da1", "polygonType": "Cubicle", "type": "Wall", "walkableType": "walkable", "visibilityType": "visible", "directionType": "bidirectional", "tactileAvailibity": "not available", "fillColor": "undefined", "height": "0.4", "global": false, "floor": 0}}, {"building_ID": "65d88662db333f894570bad3", "id": "1c5722-311-8ed-81b0-7c254276352", "type": "Feature", "geometry": {"coordinates": [[[77.11157109, 28.7170097734], [77.1115561424, 28.7170196749], [77.1115787225, 28.7170458934], [77.11159367, 28.7170359919], [77.11157109, 28.7170097734]]], "type": "Polygon"}, "properties": {"name": "Radiation Room 1", "buildingName": "RGCI", "nodeId": "1c5722-311-8ed-81b0-7c254276352", "polygonType": "Room", "type": "Room", "walkableType": "non-walkable", "visibilityType": "visible", "directionType": "bidirectional", "tactileAvailibity": "not available", "global": false, "floor": 0}}, {"building_ID": "65d88662db333f894570bad3", "id": "1458a2f-666-382-f36-c67420c3a7", "type": "Feature", "geometry": {"coordinates": [[[77.1113800836, 28.7171877687], [77.1113669119, 28.7171724746], [77.1113444905, 28.7171873269], [77.1113576622, 28.717202621], [77.1113800836, 28.7171877687]]], "type": "Polygon"}, "properties": {"name": "R.S", "buildingName": "RGCI", "nodeId": "1458a2f-666-382-f36-c67420c3a7", "polygonType": "Room", "type": "Room", "walkableType": "non-walkable", "visibilityType": "visible", "directionType": "bidirectional", "tactileAvailibity": "not available", "global": false, "floor": 0}}, {"building_ID": "65d88662db333f894570bad3", "id": "7bda3f-435b-1c7-e31c-7b646cfd362c", "type": "Feature", "geometry": {"coordinates": [[[77.1113157665, 28.7165406776], [77.1113182578, 28.7165390273], [77.1113295478, 28.7165521366], [77.1113270566, 28.7165537868], [77.1113157665, 28.7165406776]]], "type": "Polygon"}, "properties": {"name": "undefined", "buildingName": "RGCI", "nodeId": "7bda3f-435b-1c7-e31c-7b646cfd362c", "polygonType": "Cubicle", "type": "Wall", "walkableType": "non-walkable", "visibilityType": "visible", "directionType": "bidirectional", "tactileAvailibity": "not available", "fillColor": "undefined", "height": "undefined", "global": false, "floor": 0}}, {"building_ID": "65d88662db333f894570bad3", "id": "7483f8-0fda-a0f-c0fa-012ce32aa85d", "type": "Feature", "geometry": {"coordinates": [[[77.1112294967, 28.7169992887], [77.1112087983, 28.7169752551], [77.1112262372, 28.7169637033], [77.1112469356, 28.7169877369], [77.1112294967, 28.7169992887]]], "type": "Polygon"}, "properties": {"name": "Varandah", "buildingName": "RGCI", "nodeId": "7483f8-0fda-a0f-c0fa-012ce32aa85d", "polygonType": "Room", "type": "Room", "walkableType": "non-walkable", "visibilityType": "visible", "directionType": "bidirectional", "tactileAvailibity": "not available", "global": false, "floor": 0}}, {"building_ID": "65d88662db333f894570bad3", "id": "5c37862-cf5-c8bd-dead-fe778ed01a55", "type": "Feature", "geometry": {"coordinates": [[[77.1112399656, 28.7169614721], [77.1112524219, 28.7169532208], [77.111263712, 28.71696633], [77.1112512556, 28.7169745813], [77.1112399656, 28.7169614721]]], "type": "Polygon"}, "properties": {"name": "undefined", "buildingName": "RGCI", "nodeId": "5c37862-cf5-c8bd-dead-fe778ed01a55", "polygonType": "Room", "type": "Room", "walkableType": "non-walkable", "visibilityType": "visible", "directionType": "bidirectional", "tactileAvailibity": "not available", "global": false, "floor": 0}}, {"building_ID": "65d88662db333f894570bad3", "id": "c6c180-1180-0e58-4d31-e67f72ae3c7", "type": "Feature", "geometry": {"coordinates": [[[77.1116261371, 28.716873801], [77.1116460672, 28.716860599], [77.1116667657, 28.7168846325], [77.1116468355, 28.7168978346], [77.1116261371, 28.716873801]]], "type": "Polygon"}, "properties": {"name": "Lift-2", "buildingName": "RGCI", "nodeId": "c6c180-1180-0e58-4d31-e67f72ae3c7", "polygonType": "Cubicle", "type": "Lift", "walkableType": "non-walkable", "visibilityType": "visible", "directionType": "bidirectional", "tactileAvailibity": "not available", "fillColor": "undefined", "height": "undefined", "global": false, "floor": 0}}, {"building_ID": "65d88662db333f894570bad3", "id": "21cef-17b3-0d8a-37a5-615b34b480e8", "type": "Feature", "geometry": {"coordinates": [[[77.1114596707, 28.717262008], [77.1114126288, 28.7172073862], [77.1114499978, 28.7171826324], [77.1114970397, 28.7172372542], [77.1114596707, 28.717262008]]], "type": "Polygon"}, "properties": {"name": "stairs", "buildingName": "RGCI", "nodeId": "21cef-17b3-0d8a-37a5-615b34b480e8", "polygonType": "Room", "type": "Room", "walkableType": "non-walkable", "visibilityType": "visible", "directionType": "bidirectional", "tactileAvailibity": "not available", "global": false, "floor": 0}}, {"building_ID": "65d88662db333f894570bad3", "id": "344c8d-a0b-163-76ea-b114f4b5d57f", "type": "Feature", "geometry": {"coordinates": [[[77.1113669119, 28.7171724746], [77.1113918246, 28.7171559721], [77.1114049963, 28.7171712662], [77.1113800836, 28.7171877687], [77.1113669119, 28.7171724746]]], "type": "Polygon"}, "properties": {"name": "undefined", "buildingName": "RGCI", "nodeId": "344c8d-a0b-163-76ea-b114f4b5d57f", "polygonType": "Room", "type": "Room", "walkableType": "non-walkable", "visibilityType": "visible", "directionType": "bidirectional", "tactileAvailibity": "not available", "global": false, "floor": 0}}, {"building_ID": "65d88662db333f894570bad3", "id": "fb5da-5f4c-bbf-f005-3a1805e7da2", "type": "Feature", "geometry": {"coordinates": [[[77.1113918246, 28.7171559721], [77.111414246, 28.7171411198], [77.1114274177, 28.7171564139], [77.1114049963, 28.7171712662], [77.1113918246, 28.7171559721]]], "type": "Polygon"}, "properties": {"name": "undefined", "buildingName": "RGCI", "nodeId": "fb5da-5f4c-bbf-f005-3a1805e7da2", "polygonType": "Room", "type": "Room", "walkableType": "non-walkable", "visibilityType": "visible", "directionType": "bidirectional", "tactileAvailibity": "not available", "global": false, "floor": 0}}, {"building_ID": "65d88662db333f894570bad3", "id": "34488ca-fb5e-6765-2f8-035e8f1c4cc", "type": "Feature", "geometry": {"coordinates": [[[77.1112328621, 28.7170622545], [77.1112140454, 28.7170404058], [77.1112464318, 28.7170189525], [77.1112652486, 28.7170408013], [77.1112328621, 28.7170622545]]], "type": "Polygon"}, "properties": {"name": "Trolley wash", "buildingName": "RGCI", "nodeId": "34488ca-fb5e-6765-2f8-035e8f1c4cc", "polygonType": "Room", "type": "Room", "walkableType": "non-walkable", "visibilityType": "visible", "directionType": "bidirectional", "tactileAvailibity": "not available", "global": false, "floor": 0}}, {"building_ID": "65d88662db333f894570bad3", "id": "067e668-a5db-d85b-fc3-261126ded", "type": "Feature", "geometry": {"coordinates": [[[77.1112776821, 28.716541886], [77.1112908539, 28.7165571801], [77.1113157665, 28.7165406776], [77.1113176482, 28.7165428625], [77.1113226307, 28.7165395619], [77.1113075773, 28.716522083], [77.1112776821, 28.716541886]]], "type": "Polygon"}, "properties": {"name": "Prayer room", "buildingName": "RGCI", "nodeId": "067e668-a5db-d85b-fc3-261126ded", "polygonType": "Room", "type": "Room", "walkableType": "non-walkable", "visibilityType": "visible", "directionType": "bidirectional", "tactileAvailibity": "not available", "fillColor": "undefined", "height": "undefined", "global": false, "floor": 0}}, {"building_ID": "65d88662db333f894570bad3", "id": "b777337-4a27-0566-8d0-53f07ec7e15", "type": "Feature", "geometry": {"coordinates": [[[77.1113333339, 28.7170471703], [77.111380668, 28.7170158155], [77.1114747518, 28.7171250591], [77.1114274177, 28.7171564139], [77.1113333339, 28.7170471703]]], "type": "Polygon"}, "properties": {"name": "Dietary Services", "buildingName": "RGCI", "nodeId": "b777337-4a27-0566-8d0-53f07ec7e15", "polygonType": "Room", "type": "Room", "walkableType": "non-walkable", "visibilityType": "visible", "directionType": "bidirectional", "tactileAvailibity": "not available", "fillColor": "undefined", "height": "undefined", "global": false, "floor": 0}}, {"building_ID": "65d88662db333f894570bad3", "id": "4e466b-a6bd-bf02-8cff-a12d1ec1f03", "type": "Feature", "geometry": {"coordinates": [[[77.1113769323, 28.7168570179], [77.111401845, 28.7168405154], [77.1114470052, 28.7168929523], [77.1114220925, 28.7169094549], [77.1114070391, 28.7168919759], [77.1114170042, 28.7168853749], [77.1114094775, 28.7168766354], [77.1113995124, 28.7168832364], [77.1113769323, 28.7168570179]]], "type": "Polygon"}, "properties": {"name": "Utility Room 1", "buildingName": "RGCI", "nodeId": "4e466b-a6bd-bf02-8cff-a12d1ec1f03", "polygonType": "Room", "type": "Room", "walkableType": "non-walkable", "visibilityType": "visible", "directionType": "bidirectional", "tactileAvailibity": "not available", "global": false, "floor": 0}}, {"building_ID": "65d88662db333f894570bad3", "id": "0f6fba8-bf26-6bd1-b2a4-2111e0e2754b", "type": "Feature", "geometry": {"coordinates": [[[77.1117576175, 28.716803863], [77.1117750564, 28.7167923112], [77.1117863464, 28.7168054204], [77.1117689076, 28.7168169722], [77.1117576175, 28.716803863]]], "type": "Polygon"}, "properties": {"name": "undefined", "buildingName": "RGCI", "nodeId": "0f6fba8-bf26-6bd1-b2a4-2111e0e2754b", "polygonType": "Cubicle", "type": "Accessible Washroom", "walkableType": "non-walkable", "visibilityType": "visible", "directionType": "bidirectional", "tactileAvailibity": "not available", "global": false, "floor": 0}}, {"building_ID": "65d88662db333f894570bad3", "id": "28fcf1c-6ce8-f5a4-ba2-e465308a7717", "type": "Feature", "geometry": {"coordinates": [[[77.1112233504, 28.7167014038], [77.1112333155, 28.7166948028], [77.1112521322, 28.7167166515], [77.1112421671, 28.7167232525], [77.1112233504, 28.7167014038]]], "type": "Polygon"}, "properties": {"name": "undefined", "buildingName": "RGCI", "nodeId": "28fcf1c-6ce8-f5a4-ba2-e465308a7717", "polygonType": "Cubicle", "type": "Drinking Water", "walkableType": "non-walkable", "visibilityType": "visible", "directionType": "bidirectional", "tactileAvailibity": "not available", "global": false, "floor": 0}}, {"building_ID": "65d88662db333f894570bad3", "id": "1840de7-10ab-fa2e-442d-7aa53a523a7", "type": "Feature", "geometry": {"coordinates": [[[77.1110053683, 28.716361982], [77.1109879294, 28.7163735338], [77.1109916928, 28.7163779035], [77.1110091316, 28.7163663518], [77.1110053683, 28.716361982]]], "type": "Polygon"}, "properties": {"name": "undefined", "buildingName": "RGCI", "nodeId": "1840de7-10ab-fa2e-442d-7aa53a523a7", "polygonType": "Cubicle", "type": "Wall", "walkableType": "walkable", "visibilityType": "visible", "directionType": "bidirectional", "tactileAvailibity": "not available", "fillColor": "undefined", "height": "0.8", "global": false, "floor": 0}}, {"building_ID": "65d88662db333f894570bad3", "id": "76cc52e-b470-320-5de1-0a0d43ef710", "type": "Feature", "geometry": {"coordinates": [[[77.1117514158, 28.7168148337], [77.1117613809, 28.7168082327], [77.1117689076, 28.7168169722], [77.1117589425, 28.7168235732], [77.1117514158, 28.7168148337]]], "type": "Polygon"}, "properties": {"name": "undefined", "buildingName": "RGCI", "nodeId": "76cc52e-b470-320-5de1-0a0d43ef710", "polygonType": "Cubicle", "type": "Water", "walkableType": "non-walkable", "visibilityType": "visible", "directionType": "bidirectional", "tactileAvailibity": "not available", "global": false, "floor": 0}}, {"building_ID": "65d88662db333f894570bad3", "id": "2f04015-76b2-a467-a203-4e770b3ab5fe", "type": "Feature", "geometry": {"coordinates": [[[77.1110074339, 28.7165733557], [77.1109875037, 28.7165865577], [77.1109705687, 28.7165668939], [77.1109904988, 28.7165536919], [77.1110074339, 28.7165733557]]], "type": "Polygon"}, "properties": {"name": "undefined", "buildingName": "RGCI", "nodeId": "2f04015-76b2-a467-a203-4e770b3ab5fe", "polygonType": "Cubicle", "type": "Restricted Area", "walkableType": "non-walkable", "visibilityType": "visible", "directionType": "bidirectional", "tactileAvailibity": "not available", "fillColor": "undefined", "height": "undefined", "global": false, "floor": 0}}, {"building_ID": "65d88662db333f894570bad3", "id": "5671c4-ef6a-2385-8a7-21f074451072", "type": "Feature", "geometry": {"coordinates": [[[77.1108784749, 28.7161646697], [77.1108577764, 28.7161406361], [77.1109150756, 28.7161026803], [77.110935774, 28.7161267139], [77.1108784749, 28.7161646697]]], "type": "Polygon"}, "properties": {"name": "3056/3058 - Medical Oncology Unit-3 Dr. Rajat Saha", "buildingName": "RGCI", "nodeId": "5671c4-ef6a-2385-8a7-21f074451072", "polygonType": "Room", "type": "Room", "walkableType": "non-walkable", "visibilityType": "visible", "directionType": "bidirectional", "tactileAvailibity": "not available", "global": false, "floor": 0}}, {"building_ID": "65d88662db333f894570bad3", "id": "4e5202c-388e-83d3-7ef-6cd14436f5", "type": "Feature", "geometry": {"coordinates": [[[77.1114187801, 28.7168601792], [77.1114686054, 28.7168271742], [77.1114855405, 28.716846838], [77.1114357152, 28.7168798431], [77.1114187801, 28.7168601792]]], "type": "Polygon"}, "properties": {"name": "08 - EWS Pharmacy", "buildingName": "RGCI", "nodeId": "4e5202c-388e-83d3-7ef-6cd14436f5", "polygonType": "Room", "type": "Room", "walkableType": "non-walkable", "visibilityType": "visible", "directionType": "bidirectional", "tactileAvailibity": "not available", "fillColor": "undefined", "height": "undefined", "global": false, "floor": 0}}, {"building_ID": "65d88662db333f894570bad3", "id": "c252e0d-8f2-b44-b68e-8ddc23db7cd5", "type": "Feature", "geometry": {"coordinates": [[[77.111401845, 28.7168405154], [77.1114516703, 28.7168075103], [77.1114686054, 28.7168271742], [77.1114187801, 28.7168601792], [77.111401845, 28.7168405154]]], "type": "Polygon"}, "properties": {"name": "07 - Radiation Recovery Room", "buildingName": "RGCI", "nodeId": "c252e0d-8f2-b44-b68e-8ddc23db7cd5", "polygonType": "Room", "type": "Room", "walkableType": "non-walkable", "visibilityType": "visible", "directionType": "bidirectional", "tactileAvailibity": "not available", "global": false, "floor": 0}}, {"building_ID": "65d88662db333f894570bad3", "id": "10f04-0663-7063-fc1d-522f88e8cc", "type": "Feature", "geometry": {"coordinates": [[[77.1111548418, 28.7165855128], [77.1111755402, 28.7166095464], [77.1111929791, 28.7165979946], [77.1111722807, 28.716573961], [77.1111548418, 28.7165855128]]], "type": "Polygon"}, "properties": {"name": "Fire Control Room", "buildingName": "RGCI", "nodeId": "10f04-0663-7063-fc1d-522f88e8cc", "polygonType": "Room", "type": "Room", "walkableType": "non-walkable", "visibilityType": "visible", "directionType": "bidirectional", "tactileAvailibity": "not available", "global": false, "floor": 0}}, {"building_ID": "65d88662db333f894570bad3", "id": "0d77ab1-5885-bda-186d-0a43c4f8a66", "type": "Feature", "geometry": {"coordinates": [[[77.1111755402, 28.7166095464], [77.1112037653, 28.7166423194], [77.1112212042, 28.7166307677], [77.1112236955, 28.7166291174], [77.1111954704, 28.7165963443], [77.1111755402, 28.7166095464]]], "type": "Polygon"}, "properties": {"name": "Back office+TPA", "buildingName": "RGCI", "nodeId": "0d77ab1-5885-bda-186d-0a43c4f8a66", "polygonType": "Room", "type": "Room", "walkableType": "non-walkable", "visibilityType": "visible", "directionType": "bidirectional", "tactileAvailibity": "not available", "global": false, "floor": 0}}, {"building_ID": "65d88662db333f894570bad3", "id": "fbfa7fb-18be-a41d-b8d-4365e1b1", "type": "Feature", "geometry": {"coordinates": [[[77.110797986, 28.7161802422], [77.1108577764, 28.7161406361], [77.1108784749, 28.7161646697], [77.1108186845, 28.7162042758], [77.110797986, 28.7161802422]]], "type": "Polygon"}, "properties": {"name": "3054 - Radiation Oncology Unit B - Dr. Munish Gairola", "buildingName": "RGCI", "nodeId": "fbfa7fb-18be-a41d-b8d-4365e1b1", "polygonType": "Room", "type": "Room", "walkableType": "non-walkable", "visibilityType": "visible", "directionType": "bidirectional", "tactileAvailibity": "not available", "fillColor": "undefined", "height": "undefined", "global": false, "floor": 0}}, {"building_ID": "65d88662db333f894570bad3", "id": "4c41877-832b-eb05-7042-c62d137a661", "type": "Feature", "geometry": {"coordinates": [[[77.1112037653, 28.7166423194], [77.1112282271, 28.7166707228], [77.1112481573, 28.7166575208], [77.1112236955, 28.7166291174], [77.1112037653, 28.7166423194]]], "type": "Polygon"}, "properties": {"name": "Report Collection Counter", "buildingName": "RGCI", "nodeId": "4c41877-832b-eb05-7042-c62d137a661", "polygonType": "Room", "type": "Room", "walkableType": "non-walkable", "visibilityType": "visible", "directionType": "bidirectional", "tactileAvailibity": "not available", "global": false, "floor": 0}}, {"building_ID": "65d88662db333f894570bad3", "id": "b634f-13da-17b0-36c1-41d541000ad", "type": "Feature", "geometry": {"coordinates": [[[77.1110367472, 28.71640296], [77.1110616598, 28.7163864574], [77.1110691865, 28.7163951969], [77.1110866254, 28.7163836452], [77.1111016788, 28.7164011241], [77.1110593273, 28.7164291784], [77.1110367472, 28.71640296]]], "type": "Polygon"}, "properties": {"name": "undefined", "buildingName": "RGCI", "nodeId": "b634f-13da-17b0-36c1-41d541000ad", "polygonType": "Cubicle", "type": "Restricted Area", "walkableType": "non-walkable", "visibilityType": "visible", "directionType": "bidirectional", "tactileAvailibity": "not available", "global": false, "floor": 0}}, {"building_ID": "65d88662db333f894570bad3", "id": "8143a8-d280-e45e-0-daeb2582d8b6", "type": "Feature", "geometry": {"coordinates": [[[77.1115717777, 28.7171877466], [77.1115045135, 28.7172323034], [77.1115120402, 28.7172410429], [77.1115045664, 28.7172459937], [77.1114970397, 28.7172372542], [77.1114596707, 28.717262008], [77.1114126288, 28.7172073862], [77.1113852249, 28.7172255389], [77.1113814615, 28.7172211692], [77.1113665139, 28.7172310707], [77.1113476972, 28.717209222], [77.1113576622, 28.717202621], [77.1113444905, 28.7171873269], [77.1113245604, 28.7172005289], [77.1113264421, 28.7172027138], [77.1113438809, 28.717191162], [77.1113532893, 28.7172020864], [77.1113433242, 28.7172086874], [77.1113659043, 28.7172349058], [77.1113808519, 28.7172250043], [77.1113846153, 28.7172293741], [77.1114120192, 28.7172112213], [77.1114590611, 28.7172658431], [77.1114964301, 28.7172410893], [77.1115039568, 28.7172498288], [77.1115164131, 28.7172415775], [77.1115088864, 28.717232838], [77.1115736593, 28.7171899315], [77.1115717777, 28.7171877466]]], "type": "Polygon"}, "properties": {"name": "undefined", "buildingName": "RGCI", "nodeId": "8143a8-d280-e45e-0-daeb2582d8b6", "polygonType": "Cubicle", "type": "Wall", "walkableType": "non-walkable", "visibilityType": "visible", "directionType": "bidirectional", "tactileAvailibity": "not available", "global": false, "floor": 0}}, {"building_ID": "65d88662db333f894570bad3", "id": "5bad51e-6f0b-b076-a86b-cd3456df58b2", "type": "Feature", "geometry": {"coordinates": [[[77.1112069166, 28.7169730702], [77.1112393031, 28.7169516169], [77.1112430665, 28.7169559867], [77.1113277695, 28.7168998781], [77.1112675559, 28.7168299622], [77.1112276956, 28.7168563662], [77.1111298485, 28.7167427529], [77.1110949708, 28.7167658564], [77.1110930891, 28.7167636716], [77.1111304581, 28.7167389178], [77.1112283052, 28.7168525311], [77.1112681655, 28.7168261271], [77.1113321424, 28.7169004127], [77.1112424569, 28.7169598218], [77.1112386935, 28.7169554521], [77.1112087983, 28.7169752551], [77.1112069166, 28.7169730702]]], "type": "Polygon"}, "properties": {"name": "undefined", "buildingName": "RGCI", "nodeId": "5bad51e-6f0b-b076-a86b-cd3456df58b2", "polygonType": "Cubicle", "type": "Wall", "walkableType": "non-walkable", "visibilityType": "visible", "directionType": "bidirectional", "tactileAvailibity": "not available", "global": false, "floor": 0}}, {"building_ID": "65d88662db333f894570bad3", "id": "4ee4d6e-1f3c-2b21-a3d-0181c0684f0", "type": "Feature", "geometry": {"coordinates": [[[77.1109727425, 28.7164831022], [77.1109054783, 28.716527659], [77.1109355851, 28.7165626169], [77.1110028493, 28.7165180601], [77.1109877959, 28.7165005811], [77.1109853047, 28.7165022314], [77.1109984764, 28.7165175255], [77.1109361947, 28.7165587818], [77.1109098513, 28.7165281936], [77.1109746242, 28.716485287], [77.1109727425, 28.7164831022]]], "type": "Polygon"}, "properties": {"name": "undefined", "buildingName": "RGCI", "nodeId": "4ee4d6e-1f3c-2b21-a3d-0181c0684f0", "polygonType": "Cubicle", "type": "Wall", "walkableType": "non-walkable", "visibilityType": "visible", "directionType": "bidirectional", "tactileAvailibity": "not available", "global": false, "floor": 0}}, {"building_ID": "65d88662db333f894570bad3", "id": "e3b33af-2f83-725c-3073-8c5755dcbe6", "type": "Feature", "geometry": {"coordinates": [[[77.1111539449, 28.7160302327], [77.1111763663, 28.7160153804], [77.111178248, 28.7160175653], [77.1111558266, 28.7160324175], [77.1111539449, 28.7160302327]]], "type": "Polygon"}, "properties": {"name": "undefined", "buildingName": "RGCI", "nodeId": "e3b33af-2f83-725c-3073-8c5755dcbe6", "polygonType": "Cubicle", "type": "Wall", "walkableType": "non-walkable", "visibilityType": "visible", "directionType": "bidirectional", "tactileAvailibity": "not available", "global": false, "floor": 0}}, {"building_ID": "65d88662db333f894570bad3", "id": "73cb001-f2d1-cb85-118e-774536ec001d", "type": "Feature", "geometry": {"coordinates": [[[77.1111174728, 28.7166102666], [77.1111344079, 28.7166299304], [77.1111393904, 28.7166266299], [77.1111525621, 28.716641924], [77.1111475796, 28.7166452245], [77.1111663964, 28.7166670732], [77.1111639051, 28.7166687235], [77.1111432067, 28.7166446899], [77.1111481892, 28.7166413894], [77.1111387808, 28.716630465], [77.1111337983, 28.7166337655], [77.1111149815, 28.7166119168], [77.1111174728, 28.7166102666]]], "type": "Polygon"}, "properties": {"name": "undefined", "buildingName": "RGCI", "nodeId": "73cb001-f2d1-cb85-118e-774536ec001d", "polygonType": "Cubicle", "type": "Wall", "walkableType": "non-walkable", "visibilityType": "visible", "directionType": "bidirectional", "tactileAvailibity": "not available", "global": false, "floor": 0}}, {"building_ID": "65d88662db333f894570bad3", "id": "6b6e16e-63ae-ea5-05fe-2778d48ed4", "type": "Feature", "geometry": {"coordinates": [[[77.1117622273, 28.7170272766], [77.1117049282, 28.7170652325], [77.1116936381, 28.7170521232], [77.1116712167, 28.7170669755], [77.1116825068, 28.7170800847], [77.1116351727, 28.7171114395], [77.1115975392, 28.7170677421], [77.1115601702, 28.7170924959], [77.1115620519, 28.7170946808], [77.1115969296, 28.7170715772], [77.1116345631, 28.7171152747], [77.1116868797, 28.7170806193], [77.1116755897, 28.7170675101], [77.1116930285, 28.7170559583], [77.1117043186, 28.7170690676], [77.111764109, 28.7170294615], [77.1117622273, 28.7170272766]]], "type": "Polygon"}, "properties": {"name": "undefined", "buildingName": "RGCI", "nodeId": "6b6e16e-63ae-ea5-05fe-2778d48ed4", "polygonType": "Cubicle", "type": "Wall", "walkableType": "non-walkable", "visibilityType": "visible", "directionType": "bidirectional", "tactileAvailibity": "not available", "global": false, "floor": 0}}, {"building_ID": "65d88662db333f894570bad3", "id": "1f606e5-c4cd-5ec3-72df-812515030af", "type": "Feature", "geometry": {"coordinates": [[[77.1111194652, 28.7159947401], [77.1111294303, 28.7159881391], [77.1111463653, 28.7160078029], [77.1111364003, 28.7160144039], [77.1111194652, 28.7159947401]]], "type": "Polygon"}, "properties": {"name": "undefined", "buildingName": "RGCI", "nodeId": "1f606e5-c4cd-5ec3-72df-812515030af", "polygonType": "Cubicle", "type": "Non Walkable Are", "walkableType": "non-walkable", "visibilityType": "visible", "directionType": "bidirectional", "tactileAvailibity": "not available", "global": false, "floor": 0}}, {"building_ID": "65d88662db333f894570bad3", "id": "ef0bab-3217-8341-6e51-c21ef366017", "type": "Feature", "geometry": {"coordinates": [[[77.1115545553, 28.7166089675], [77.1116335857, 28.7167007321], [77.1116510245, 28.7166891804], [77.1115719942, 28.7165974157], [77.1115695029, 28.716599066], [77.1116466516, 28.7166886458], [77.1116341953, 28.716696897], [77.1115570466, 28.7166073173], [77.1115545553, 28.7166089675]]], "type": "Polygon"}, "properties": {"name": "undefined", "buildingName": "RGCI", "nodeId": "ef0bab-3217-8341-6e51-c21ef366017", "polygonType": "Cubicle", "type": "Wall", "walkableType": "non-walkable", "visibilityType": "visible", "directionType": "bidirectional", "tactileAvailibity": "not available", "global": false, "floor": 0}}, {"building_ID": "65d88662db333f894570bad3", "id": "427425a-a61e-1a83-3258-2e55f1b5a1d2", "type": "Feature", "geometry": {"coordinates": [[[77.1117763814, 28.7168120214], [77.1117390124, 28.7168367752], [77.1118594396, 28.716976607], [77.1118345269, 28.7169931096], [77.1118495803, 28.7170105885], [77.1118022462, 28.7170419433], [77.1117796661, 28.7170157249], [77.1117622273, 28.7170272766], [77.111764109, 28.7170294615], [77.1117790566, 28.71701956], [77.1118016367, 28.7170457785], [77.1118539532, 28.7170111232], [77.1118388998, 28.7169936442], [77.1118638125, 28.7169771417], [77.1117433853, 28.7168373098], [77.111778263, 28.7168142063], [77.1117763814, 28.7168120214]]], "type": "Polygon"}, "properties": {"name": "undefined", "buildingName": "RGCI", "nodeId": "427425a-a61e-1a83-3258-2e55f1b5a1d2", "polygonType": "Cubicle", "type": "Wall", "walkableType": "non-walkable", "visibilityType": "visible", "directionType": "bidirectional", "tactileAvailibity": "not available", "global": false, "floor": 0}}, {"building_ID": "65d88662db333f894570bad3", "id": "e0aadeb-5f15-b454-eb16-3c2d76ccd7d", "type": "Feature", "geometry": {"coordinates": [[[77.110811052, 28.7161681558], [77.1110850913, 28.715986628], [77.1110869729, 28.7159888129], [77.1108129336, 28.7161703407], [77.110811052, 28.7161681558]]], "type": "Polygon"}, "properties": {"name": "undefined", "buildingName": "RGCI", "nodeId": "e0aadeb-5f15-b454-eb16-3c2d76ccd7d", "polygonType": "Cubicle", "type": "Wall", "walkableType": "non-walkable", "visibilityType": "visible", "directionType": "bidirectional", "tactileAvailibity": "not available", "global": false, "floor": 0}}, {"building_ID": "65d88662db333f894570bad3", "id": "25dff-cb6b-3075-57bd-d47a41bc052", "type": "Feature", "geometry": {"coordinates": [[[77.1110819375, 28.7159784232], [77.1110794462, 28.7159800734], [77.1111340148, 28.7160434347], [77.1111365061, 28.7160417844], [77.1110819375, 28.7159784232]]], "type": "Polygon"}, "properties": {"name": "undefined", "buildingName": "RGCI", "nodeId": "25dff-cb6b-3075-57bd-d47a41bc052", "polygonType": "Cubicle", "type": "Wall", "walkableType": "non-walkable", "visibilityType": "visible", "directionType": "bidirectional", "tactileAvailibity": "not available", "global": false, "floor": 0}}, {"building_ID": "65d88662db333f894570bad3", "id": "417047d-d460-7263-16a-beda7bdb6e06", "type": "Feature", "geometry": {"coordinates": [[[77.111308051, 28.7169678411], [77.1112831383, 28.7169843436], [77.1112812566, 28.7169821588], [77.1113236082, 28.7169541045], [77.1113254898, 28.7169562893], [77.111308051, 28.7169678411]]], "type": "Polygon"}, "properties": {"name": "undefined", "buildingName": "RGCI", "nodeId": "417047d-d460-7263-16a-beda7bdb6e06", "polygonType": "Cubicle", "type": "Wall", "walkableType": "non-walkable", "visibilityType": "visible", "directionType": "bidirectional", "tactileAvailibity": "not available", "global": false, "floor": 0}}, {"building_ID": "65d88662db333f894570bad3", "id": "f20317-b3e0-5bf2-fcd7-7a7f20181be6", "type": "Feature", "geometry": {"coordinates": [[[77.1118774351, 28.7169475299], [77.1118799264, 28.7169458796], [77.1118197128, 28.7168759637], [77.1118222041, 28.7168743135], [77.1118842993, 28.7169464143], [77.1118793168, 28.7169497148], [77.1118774351, 28.7169475299]]], "type": "Polygon"}, "properties": {"name": "undefined", "buildingName": "RGCI", "nodeId": "f20317-b3e0-5bf2-fcd7-7a7f20181be6", "polygonType": "Cubicle", "type": "Wall", "walkableType": "non-walkable", "visibilityType": "visible", "directionType": "bidirectional", "tactileAvailibity": "not available", "global": false, "floor": 0}}, {"building_ID": "65d88662db333f894570bad3", "id": "b0e80b5-f6e2-583-1c37-f7538cce23c", "type": "Feature", "geometry": {"coordinates": [[[77.1116829072, 28.7166989427], [77.1116853985, 28.7166972924], [77.1116195399, 28.7166208219], [77.1116176582, 28.7166186371], [77.1116151669, 28.7166202873], [77.1116829072, 28.7166989427]]], "type": "Polygon"}, "properties": {"name": "undefined", "buildingName": "RGCI", "nodeId": "b0e80b5-f6e2-583-1c37-f7538cce23c", "polygonType": "Cubicle", "type": "Wall", "walkableType": "non-walkable", "visibilityType": "visible", "directionType": "bidirectional", "tactileAvailibity": "not available", "global": false, "floor": 0}}, {"building_ID": "65d88662db333f894570bad3", "id": "675657b-50a1-aa6f-6ec2-730f5fa6fb7", "type": "Feature", "geometry": {"coordinates": [[[77.1115601702, 28.7170924959], [77.1115433938, 28.7171139028], [77.1115941991, 28.7171728943], [77.1115717777, 28.7171877466], [77.1115736593, 28.7171899315], [77.111598572, 28.7171734289], [77.1115458851, 28.7171122525], [77.1115620519, 28.7170946808], [77.1115601702, 28.7170924959]]], "type": "Polygon"}, "properties": {"name": "undefined", "buildingName": "RGCI", "nodeId": "675657b-50a1-aa6f-6ec2-730f5fa6fb7", "polygonType": "Cubicle", "type": "Wall", "walkableType": "non-walkable", "visibilityType": "visible", "directionType": "bidirectional", "tactileAvailibity": "not available", "global": false, "floor": 0}}, {"building_ID": "65d88662db333f894570bad3", "id": "1b0e5d0-a5d1-ca3-cb3-ce51d52be3", "type": "Feature", "geometry": {"coordinates": [[[77.1113170337, 28.7171917894], [77.111315152, 28.7171896045], [77.1113300996, 28.717179703], [77.1111927373, 28.7170202074], [77.1112251238, 28.7169987541], [77.1112044254, 28.7169747205], [77.1112069166, 28.7169730702], [77.1112294967, 28.7169992887], [77.1111971103, 28.717020742], [77.1113344725, 28.7171802376], [77.1113170337, 28.7171917894]]], "type": "Polygon"}, "properties": {"name": "undefined", "buildingName": "RGCI", "nodeId": "1b0e5d0-a5d1-ca3-cb3-ce51d52be3", "polygonType": "Cubicle", "type": "Wall", "walkableType": "non-walkable", "visibilityType": "visible", "directionType": "bidirectional", "tactileAvailibity": "not available", "global": false, "floor": 0}}, {"building_ID": "65d88662db333f894570bad3", "id": "e4bda2-ed38-c28a-4d8f-6867147a", "type": "Feature", "geometry": {"coordinates": [[[77.1107521886, 28.7162860682], [77.1107546798, 28.716284418], [77.1107603249, 28.7162909726], [77.1107453773, 28.7163008741], [77.1107434956, 28.7162986892], [77.1107559519, 28.716290438], [77.1107521886, 28.7162860682]]], "type": "Polygon"}, "properties": {"name": "undefined", "buildingName": "RGCI", "nodeId": "e4bda2-ed38-c28a-4d8f-6867147a", "polygonType": "Cubicle", "type": "Wall", "walkableType": "non-walkable", "visibilityType": "visible", "directionType": "bidirectional", "tactileAvailibity": "not available", "global": false, "floor": 0}}, {"building_ID": "65d88662db333f894570bad3", "id": "8506ec-efda-667-c63-6f48463c2ad", "type": "Feature", "geometry": {"coordinates": [[[77.1108671571, 28.7163059883], [77.1108621746, 28.7163092888], [77.1108320678, 28.7162743309], [77.1108544892, 28.7162594786], [77.110884596, 28.7162944366], [77.1108796135, 28.7162977371], [77.1108814951, 28.7162999219], [77.1108889689, 28.7162949712], [77.1108550988, 28.7162556435], [77.1108276949, 28.7162737963], [77.110861565, 28.716313124], [77.1108690388, 28.7163081732], [77.1108671571, 28.7163059883]]], "type": "Polygon"}, "properties": {"name": "undefined", "buildingName": "RGCI", "nodeId": "8506ec-efda-667-c63-6f48463c2ad", "polygonType": "Cubicle", "type": "Wall", "walkableType": "non-walkable", "visibilityType": "visible", "directionType": "bidirectional", "tactileAvailibity": "not available", "global": false, "floor": 0}}, {"building_ID": "65d88662db333f894570bad3", "id": "aa2f8be-225e-503c-af0d-81345e8d41", "type": "Feature", "geometry": {"coordinates": [[[77.110943273, 28.7162898812], [77.110905904, 28.716314635], [77.1109830527, 28.7164042148], [77.1109805614, 28.716405865], [77.1109015311, 28.7163141004], [77.1109413913, 28.7162876964], [77.110943273, 28.7162898812]]], "type": "Polygon"}, "properties": {"name": "undefined", "buildingName": "RGCI", "nodeId": "aa2f8be-225e-503c-af0d-81345e8d41", "polygonType": "Cubicle", "type": "Wall", "walkableType": "non-walkable", "visibilityType": "visible", "directionType": "bidirectional", "tactileAvailibity": "not available", "global": false, "floor": 0}}, {"building_ID": "65d88662db333f894570bad3", "id": "3275c7b-21d0-16ca-877-aeb5a11e16", "type": "Feature", "geometry": {"coordinates": [[[77.1112059115, 28.7167129555], [77.1112034203, 28.7167146058], [77.1113106757, 28.7168391435], [77.111313167, 28.7168374933], [77.1112059115, 28.7167129555]]], "type": "Polygon"}, "properties": {"name": "undefined", "buildingName": "RGCI", "nodeId": "3275c7b-21d0-16ca-877-aeb5a11e16", "polygonType": "Cubicle", "type": "Wall", "walkableType": "non-walkable", "visibilityType": "visible", "directionType": "bidirectional", "tactileAvailibity": "not available", "global": false, "floor": 0}}, {"building_ID": "65d88662db333f894570bad3", "id": "0dc0f24-5fc5-2a30-16ad-3f4e686e063", "type": "Feature", "geometry": {"coordinates": [[[77.1116740026, 28.7166568027], [77.1116764939, 28.7166551525], [77.1117235358, 28.7167097743], [77.1117135707, 28.7167163753], [77.1117323875, 28.716738224], [77.1117249137, 28.7167431748], [77.1117493754, 28.7167715781], [77.1117568492, 28.7167666273], [77.1117907194, 28.716805955], [77.111778263, 28.7168142063], [77.1117763814, 28.7168120214], [77.1117863464, 28.7168054204], [77.1117562396, 28.7167704625], [77.1117487658, 28.7167754132], [77.1117205407, 28.7167426401], [77.1117280145, 28.7167376894], [77.1117091978, 28.7167158407], [77.1117191628, 28.7167092397], [77.1116740026, 28.7166568027]]], "type": "Polygon"}, "properties": {"name": "undefined", "buildingName": "RGCI", "nodeId": "0dc0f24-5fc5-2a30-16ad-3f4e686e063", "polygonType": "Cubicle", "type": "Wall", "walkableType": "non-walkable", "visibilityType": "visible", "directionType": "bidirectional", "tactileAvailibity": "not available", "global": false, "floor": 0}}, {"building_ID": "65d88662db333f894570bad3", "id": "d4473-86e-bca8-8da-8822fba53c", "type": "Feature", "geometry": {"coordinates": [[[77.1110546874, 28.7166827385], [77.1110998476, 28.7167351754], [77.1110973563, 28.7167368257], [77.1110521961, 28.7166843888], [77.1110546874, 28.7166827385]]], "type": "Polygon"}, "properties": {"name": "undefined", "buildingName": "RGCI", "nodeId": "d4473-86e-bca8-8da-8822fba53c", "polygonType": "Cubicle", "type": "Wall", "walkableType": "non-walkable", "visibilityType": "visible", "directionType": "bidirectional", "tactileAvailibity": "not available", "global": false, "floor": 0}}, {"building_ID": "65d88662db333f894570bad3", "id": "43cd4bc-cb28-8486-f0a7-e75f0653564", "type": "Feature", "geometry": {"coordinates": [[[77.1107438407, 28.7162264029], [77.1107645391, 28.7162504365], [77.1107670304, 28.7162487862], [77.1107463319, 28.7162247526], [77.1107438407, 28.7162264029]]], "type": "Polygon"}, "properties": {"name": "undefined", "buildingName": "RGCI", "nodeId": "43cd4bc-cb28-8486-f0a7-e75f0653564", "polygonType": "Cubicle", "type": "Wall", "walkableType": "non-walkable", "visibilityType": "visible", "directionType": "bidirectional", "tactileAvailibity": "not available", "global": false, "floor": 0}}, {"building_ID": "65d88662db333f894570bad3", "id": "2dd216f-0314-3ea6-b7a4-24164b02f741", "type": "Feature", "geometry": {"coordinates": [[[77.1107696274, 28.7162745165], [77.1107752725, 28.7162810711], [77.1107877288, 28.7162728198], [77.1107670304, 28.7162487862], [77.1107645391, 28.7162504365], [77.1107833559, 28.7162722852], [77.1107758821, 28.716277236], [77.1107721187, 28.7162728662], [77.1107696274, 28.7162745165]]], "type": "Polygon"}, "properties": {"name": "undefined", "buildingName": "RGCI", "nodeId": "2dd216f-0314-3ea6-b7a4-24164b02f741", "polygonType": "Cubicle", "type": "Wall", "walkableType": "non-walkable", "visibilityType": "visible", "directionType": "bidirectional", "tactileAvailibity": "not available", "global": false, "floor": 0}}, {"building_ID": "65d88662db333f894570bad3", "id": "81d18ed-b822-f6d6-17a3-b0555cd70de2", "type": "Feature", "geometry": {"coordinates": [[[77.1110360847, 28.7163931048], [77.1110417297, 28.7163996595], [77.1110616598, 28.7163864574], [77.1110691865, 28.7163951969], [77.1110866254, 28.7163836452], [77.1111016788, 28.7164011241], [77.1110892225, 28.7164093754], [77.1111061575, 28.7164290393], [77.1111335615, 28.7164108865], [77.11117684, 28.7164611385], [77.1111743487, 28.7164627888], [77.1111329519, 28.7164147216], [77.1111055479, 28.7164328744], [77.1110886129, 28.7164132105], [77.1110848495, 28.7164088408], [77.1110973058, 28.7164005895], [77.1110860158, 28.7163874803], [77.1110685769, 28.7163990321], [77.1110610502, 28.7163902926], [77.1110411201, 28.7164034946], [77.1110335934, 28.7163947551], [77.1110360847, 28.7163931048]]], "type": "Polygon"}, "properties": {"name": "undefined", "buildingName": "RGCI", "nodeId": "81d18ed-b822-f6d6-17a3-b0555cd70de2", "polygonType": "Cubicle", "type": "Wall", "walkableType": "non-walkable", "visibilityType": "visible", "directionType": "bidirectional", "tactileAvailibity": "not available", "global": false, "floor": 0}}, {"building_ID": "65d88662db333f894570bad3", "id": "c1ed7b-6062-78ce-b6c1-5eb45fdd6cbc", "type": "Feature", "geometry": {"coordinates": [[[77.1111044118, 28.7159772611], [77.1111025301, 28.7159750763], [77.1111249515, 28.715960224], [77.1111274428, 28.7159585737], [77.1111217978, 28.7159520191], [77.111124289, 28.7159503689], [77.1112428346, 28.7160880158], [77.1112403433, 28.716089666], [77.1111293245, 28.7159607586], [77.1111044118, 28.7159772611]]], "type": "Polygon"}, "properties": {"name": "undefined", "buildingName": "RGCI", "nodeId": "c1ed7b-6062-78ce-b6c1-5eb45fdd6cbc", "polygonType": "Cubicle", "type": "Wall", "walkableType": "non-walkable", "visibilityType": "visible", "directionType": "bidirectional", "tactileAvailibity": "not available", "global": false, "floor": 0}}, {"building_ID": "65d88662db333f894570bad3", "id": "5eee08a-56b6-8bbf-ce8a-a4832137215b", "type": "Feature", "geometry": {"coordinates": [[[77.1108056967, 28.7163981705], [77.1108654871, 28.7163585644], [77.110929464, 28.7164328501], [77.1108696736, 28.7164724562], [77.1108056967, 28.7163981705]]], "type": "Polygon"}, "properties": {"name": "MS Office", "buildingName": "RGCI", "nodeId": "5eee08a-56b6-8bbf-ce8a-a4832137215b", "polygonType": "Room", "type": "Room", "walkableType": "non-walkable", "visibilityType": "visible", "directionType": "bidirectional", "tactileAvailibity": "not available", "fillColor": "undefined", "height": "undefined", "global": false, "floor": 0}}, {"building_ID": "65d88662db333f894570bad3", "id": "aaeaf71-d5f6-38-e6b1-24e05f1ae31f", "type": "Feature", "geometry": {"coordinates": [[[77.1118813043, 28.7169792801], [77.111878813, 28.7169809304], [77.1117884926, 28.7168760565], [77.111810914, 28.7168612042], [77.1118203224, 28.7168721286], [77.1118377613, 28.7168605768], [77.1119205549, 28.7169567112], [77.1118981336, 28.7169715635], [77.1118962519, 28.7169693786], [77.111916182, 28.7169561766], [77.1118371517, 28.716864412], [77.1118197128, 28.7168759637], [77.1118103044, 28.7168650394], [77.1117928656, 28.7168765911], [77.1118813043, 28.7169792801]]], "type": "Polygon"}, "properties": {"name": "undefined", "buildingName": "RGCI", "nodeId": "aaeaf71-d5f6-38-e6b1-24e05f1ae31f", "polygonType": "Cubicle", "type": "Wall", "walkableType": "non-walkable", "visibilityType": "visible", "directionType": "bidirectional", "tactileAvailibity": "not available", "global": false, "floor": 0}}, {"building_ID": "65d88662db333f894570bad3", "id": "c6dfbc6-b361-82c-b0c5-7065d6cdd", "type": "Feature", "geometry": {"coordinates": [[[77.1111003513, 28.7167039598], [77.1110978601, 28.7167056101], [77.1112276956, 28.7168563662], [77.1112700472, 28.7168283119], [77.1111402116, 28.7166775558], [77.1111377203, 28.716679206], [77.1112656742, 28.7168277773], [77.1112283052, 28.7168525311], [77.1111003513, 28.7167039598]]], "type": "Polygon"}, "properties": {"name": "undefined", "buildingName": "RGCI", "nodeId": "c6dfbc6-b361-82c-b0c5-7065d6cdd", "polygonType": "Cubicle", "type": "Wall", "walkableType": "non-walkable", "visibilityType": "visible", "directionType": "bidirectional", "tactileAvailibity": "not available", "global": false, "floor": 0}}, {"building_ID": "65d88662db333f894570bad3", "id": "7f67d1-1f5-338f-175c-2711144f40f", "type": "Feature", "geometry": {"coordinates": [[[77.1109304993, 28.716215991], [77.1109255167, 28.7162192915], [77.1109537419, 28.7162520646], [77.110973672, 28.7162388626], [77.1109454469, 28.7162060895], [77.1109304993, 28.716215991]]], "type": "Polygon"}, "properties": {"name": "undefined", "buildingName": "RGCI", "nodeId": "7f67d1-1f5-338f-175c-2711144f40f", "polygonType": "Cubicle", "type": "Restricted Area", "walkableType": "non-walkable", "visibilityType": "visible", "directionType": "bidirectional", "tactileAvailibity": "not available", "global": false, "floor": 0}}, {"building_ID": "65d88662db333f894570bad3", "id": "77ab4-e346-738a-7eec-22120a2aacb2", "type": "Feature", "geometry": {"coordinates": [[[77.1107463319, 28.7162247526], [77.1107014892, 28.7162544572], [77.1106996075, 28.7162522723], [77.1107444503, 28.7162225678], [77.1107463319, 28.7162247526]]], "type": "Polygon"}, "properties": {"name": "undefined", "buildingName": "RGCI", "nodeId": "77ab4-e346-738a-7eec-22120a2aacb2", "polygonType": "Cubicle", "type": "Wall", "walkableType": "non-walkable", "visibilityType": "visible", "directionType": "bidirectional", "tactileAvailibity": "not available", "global": false, "floor": 0}}, {"building_ID": "65d88662db333f894570bad3", "id": "6421fc-43dd-aa5e-e4ae-f817d85b882", "type": "Feature", "geometry": {"coordinates": [[[77.1111743487, 28.7164627888], [77.1111843138, 28.7164561878], [77.1111861955, 28.7164583726], [77.1111762304, 28.7164649737], [77.1111743487, 28.7164627888]]], "type": "Polygon"}, "properties": {"name": "undefined", "buildingName": "RGCI", "nodeId": "6421fc-43dd-aa5e-e4ae-f817d85b882", "polygonType": "Cubicle", "type": "Wall", "walkableType": "non-walkable", "visibilityType": "visible", "directionType": "bidirectional", "tactileAvailibity": "not available", "fillColor": "undefined", "height": "undefined", "global": false, "floor": 0}}, {"building_ID": "65d88662db333f894570bad3", "id": "3382164-a6b0-7f24-82f-ab715053bc1", "type": "Feature", "geometry": {"coordinates": [[[77.1118674701, 28.7169541309], [77.1118624875, 28.7169574314], [77.1118643692, 28.7169596163], [77.1118693517, 28.7169563158], [77.1118674701, 28.7169541309]]], "type": "Polygon"}, "properties": {"name": "undefined", "buildingName": "RGCI", "nodeId": "3382164-a6b0-7f24-82f-ab715053bc1", "polygonType": "Cubicle", "type": "Wall", "walkableType": "non-walkable", "visibilityType": "visible", "directionType": "bidirectional", "tactileAvailibity": "not available", "global": false, "floor": 0}}, {"building_ID": "65d88662db333f894570bad3", "id": "f4562-d08d-1336-cea8-5eb36c2f53", "type": "Feature", "geometry": {"coordinates": [[[77.1112382752, 28.7162008383], [77.1113005569, 28.716159582], [77.1113325454, 28.7161967248], [77.1112702637, 28.7162379811], [77.1112382752, 28.7162008383]]], "type": "Polygon"}, "properties": {"name": "undefined", "buildingName": "RGCI", "nodeId": "f4562-d08d-1336-cea8-5eb36c2f53", "polygonType": "Cubicle", "type": "Restricted Area", "walkableType": "non-walkable", "visibilityType": "visible", "directionType": "bidirectional", "tactileAvailibity": "not available", "global": false, "floor": 0}}, {"building_ID": "65d88662db333f894570bad3", "id": "d66c410-fb62-bfda-7feb-f31f8e76872", "type": "Feature", "geometry": {"coordinates": [[[77.1117796661, 28.7170157249], [77.1118519129, 28.7169678675], [77.1118537945, 28.7169700524], [77.1117815478, 28.7170179097], [77.1117796661, 28.7170157249]]], "type": "Polygon"}, "properties": {"name": "undefined", "buildingName": "RGCI", "nodeId": "d66c410-fb62-bfda-7feb-f31f8e76872", "polygonType": "Cubicle", "type": "Wall", "walkableType": "non-walkable", "visibilityType": "visible", "directionType": "bidirectional", "tactileAvailibity": "not available", "global": false, "floor": 0}}, {"building_ID": "65d88662db333f894570bad3", "id": "1c42206-dfbb-12cb-3031-7b4a66bc1346", "type": "Feature", "geometry": {"coordinates": [[[77.1110846127, 28.7161859617], [77.1110746476, 28.7161925627], [77.1110445408, 28.7161576048], [77.1110545059, 28.7161510038], [77.1110846127, 28.7161859617]]], "type": "Polygon"}, "properties": {"name": "undefined", "buildingName": "RGCI", "nodeId": "1c42206-dfbb-12cb-3031-7b4a66bc1346", "polygonType": "Cubicle", "type": "Sitting Area", "walkableType": "non-walkable", "visibilityType": "visible", "directionType": "bidirectional", "tactileAvailibity": "not available", "global": false, "floor": 0}}, {"building_ID": "65d88662db333f894570bad3", "id": "b603e7a-6b52-da83-162b-6411fb6dc70", "type": "Feature", "geometry": {"coordinates": [[[77.1111697666, 28.7160849473], [77.111179175, 28.7160958716], [77.1111866488, 28.7160909209], [77.1112054656, 28.7161127696], [77.1112403433, 28.716089666], [77.1112121182, 28.716056893], [77.1111697666, 28.7160849473]]], "type": "Polygon"}, "properties": {"name": "Male Washroom-1", "buildingName": "RGCI", "nodeId": "b603e7a-6b52-da83-162b-6411fb6dc70", "polygonType": "Cubicle", "type": "Male Washroom", "walkableType": "non-walkable", "visibilityType": "visible", "directionType": "bidirectional", "tactileAvailibity": "not available", "fillColor": "undefined", "height": "undefined", "global": false, "floor": 0}}, {"building_ID": "65d88662db333f894570bad3", "id": "6f8e3f-4528-608d-12be-fc310400001", "type": "Feature", "geometry": {"coordinates": [[[77.1112588377, 28.7166744651], [77.1113303414, 28.7167574903], [77.1114050793, 28.7167079827], [77.1113335757, 28.7166249575], [77.1112588377, 28.7166744651]]], "type": "Polygon"}, "properties": {"name": "Linear Accelerator 2", "buildingName": "RGCI", "nodeId": "6f8e3f-4528-608d-12be-fc310400001", "polygonType": "Room", "type": "Room", "walkableType": "non-walkable", "visibilityType": "visible", "directionType": "bidirectional", "tactileAvailibity": "not available", "global": false, "floor": 0}}, {"building_ID": "65d88662db333f894570bad3", "id": "6a44fd7-e600-6410-c766-5d57a3437f5e", "type": "Feature", "geometry": {"coordinates": [[[77.1112607471, 28.7165222222], [77.1112906423, 28.7165024191], [77.1113075773, 28.716522083], [77.1112776821, 28.716541886], [77.1112607471, 28.7165222222]]], "type": "Polygon"}, "properties": {"name": "International Patient", "buildingName": "RGCI", "nodeId": "6a44fd7-e600-6410-c766-5d57a3437f5e", "polygonType": "Room", "type": "Room", "walkableType": "non-walkable", "visibilityType": "visible", "directionType": "bidirectional", "tactileAvailibity": "not available", "global": false, "floor": 0}}, {"building_ID": "65d88662db333f894570bad3", "id": "60ad814-5aa-554-52e-b762428eeffc", "type": "Feature", "geometry": {"coordinates": [[[77.1108661243, 28.7162003015], [77.1108387204, 28.7162184543], [77.1108575372, 28.716240303], [77.1108849411, 28.7162221502], [77.1108661243, 28.7162003015]]], "type": "Polygon"}, "properties": {"name": "3053 - Dressing Room", "buildingName": "RGCI", "nodeId": "60ad814-5aa-554-52e-b762428eeffc", "polygonType": "Room", "type": "Room", "walkableType": "non-walkable", "visibilityType": "visible", "directionType": "bidirectional", "tactileAvailibity": "not available", "global": false, "floor": 0}}, {"building_ID": "65d88662db333f894570bad3", "id": "bf5c1b-b42e-4ab6-526b-4ae2c1ca538", "type": "Feature", "geometry": {"coordinates": [[[77.1108607438, 28.7162621981], [77.1109255167, 28.7162192915], [77.1109537419, 28.7162520646], [77.1108889689, 28.7162949712], [77.1108607438, 28.7162621981]]], "type": "Polygon"}, "properties": {"name": "Maintenance and Store", "buildingName": "RGCI", "nodeId": "bf5c1b-b42e-4ab6-526b-4ae2c1ca538", "polygonType": "Room", "type": "Room", "walkableType": "non-walkable", "visibilityType": "visible", "directionType": "bidirectional", "tactileAvailibity": "not available", "global": false, "floor": 0}}, {"building_ID": "65d88662db333f894570bad3", "id": "ca01dd-d518-e318-6c8e-f0e323da0ce", "type": "Feature", "geometry": {"coordinates": [[[77.1114713864, 28.7170620932], [77.1115386506, 28.7170175364], [77.1115687574, 28.7170524944], [77.1115245771, 28.717092054], [77.1115021557, 28.7171069063], [77.1114664039, 28.7170653938], [77.1114713864, 28.7170620932]]], "type": "Polygon"}, "properties": {"name": "undefined", "buildingName": "RGCI", "nodeId": "ca01dd-d518-e318-6c8e-f0e323da0ce", "polygonType": "Cubicle", "type": "Restricted Area", "walkableType": "non-walkable", "visibilityType": "visible", "directionType": "bidirectional", "tactileAvailibity": "not available", "fillColor": "undefined", "height": "undefined", "global": false, "floor": 0}}, {"building_ID": "65d88662db333f894570bad3", "id": "ed8da3-3060-0b46-8050-536c8c665b", "type": "Feature", "geometry": {"coordinates": [[[77.1116015166, 28.7168043269], [77.1115921082, 28.7167934025], [77.111514879, 28.7168445604], [77.1115449858, 28.7168795183], [77.111622215, 28.7168283605], [77.1116128067, 28.7168174361], [77.1116103154, 28.7168190864], [77.1116178421, 28.7168278259], [77.1115455954, 28.7168756832], [77.1115192519, 28.716845095], [77.1115914987, 28.7167972377], [77.1115990254, 28.7168059772], [77.1116015166, 28.7168043269]]], "type": "Polygon"}, "properties": {"name": "undefined", "buildingName": "RGCI", "nodeId": "ed8da3-3060-0b46-8050-536c8c665b", "polygonType": "Cubicle", "type": "Wall", "walkableType": "non-walkable", "visibilityType": "visible", "directionType": "bidirectional", "tactileAvailibity": "not available", "fillColor": "undefined", "height": "undefined", "global": false, "floor": 0}}, {"building_ID": "65d88662db333f894570bad3", "id": "375eba5-6a3f-af61-08d6-5ea2fbb83fc", "type": "Feature", "geometry": {"coordinates": [[[77.1111120166, 28.7161678089], [77.1111444031, 28.7161463557], [77.1111651015, 28.7161703892], [77.1111327151, 28.7161918425], [77.1111120166, 28.7161678089]]], "type": "Polygon"}, "properties": {"name": "3071 - Surgical Oncology Unit 5 - Dr. Shalini Sharma", "buildingName": "RGCI", "nodeId": "375eba5-6a3f-af61-08d6-5ea2fbb83fc", "polygonType": "Room", "type": "Room", "walkableType": "non-walkable", "visibilityType": "visible", "directionType": "bidirectional", "tactileAvailibity": "not available", "fillColor": "undefined", "height": "undefined", "global": false, "floor": 0}}, {"building_ID": "65d88662db333f894570bad3", "id": "5a45b1e-3716-30f-8f2d-d71005d072", "type": "Feature", "geometry": {"coordinates": [[[77.1109930731, 28.7160887581], [77.1109723747, 28.7160647245], [77.1110321651, 28.7160251185], [77.1110528635, 28.716049152], [77.1109930731, 28.7160887581]]], "type": "Polygon"}, "properties": {"name": "3066 - Surgical Oncolgy Unit Breast 2 - Dr. Vishvak Chanthar", "buildingName": "RGCI", "nodeId": "5a45b1e-3716-30f-8f2d-d71005d072", "polygonType": "Room", "type": "Room", "walkableType": "non-walkable", "visibilityType": "visible", "directionType": "bidirectional", "tactileAvailibity": "not available", "fillColor": "undefined", "height": "undefined", "global": false, "floor": 0}}, {"building_ID": "65d88662db333f894570bad3", "id": "a371286-5618-b51c-185-2d530717444", "type": "Feature", "geometry": {"coordinates": [[[77.1110528635, 28.716049152], [77.1110321651, 28.7160251185], [77.1110894642, 28.7159871626], [77.1111101626, 28.7160111962], [77.1110528635, 28.716049152]]], "type": "Polygon"}, "properties": {"name": "3068 - Surgical Oncology Unit Breast - Dr. Rajeev Kumar", "buildingName": "RGCI", "nodeId": "a371286-5618-b51c-185-2d530717444", "polygonType": "Room", "type": "Room", "walkableType": "non-walkable", "visibilityType": "visible", "directionType": "bidirectional", "tactileAvailibity": "not available", "fillColor": "undefined", "height": "undefined", "global": false, "floor": 0}}, {"building_ID": "65d88662db333f894570bad3", "id": "ec7065-c5c8-8654-f4f0-d8205e77", "type": "Feature", "geometry": {"coordinates": [[[77.1110596699, 28.716679438], [77.1110446165, 28.716661959], [77.1110720204, 28.7166438062], [77.1110870738, 28.7166612852], [77.1110596699, 28.716679438]]], "type": "Polygon"}, "properties": {"name": "Lift-5", "buildingName": "RGCI", "nodeId": "ec7065-c5c8-8654-f4f0-d8205e77", "polygonType": "Cubicle", "type": "Lift-5", "walkableType": "non-walkable", "visibilityType": "visible", "directionType": "bidirectional", "tactileAvailibity": "not available", "fillColor": "undefined", "height": "undefined", "global": false, "floor": 0}}, {"building_ID": "65d88662db333f894570bad3", "id": "ecd3b-1b31-c41e-2166-54e2372d7f76", "type": "Feature", "geometry": {"coordinates": [[[77.1110928296, 28.7160501285], [77.1111077772, 28.716040227], [77.1111190672, 28.7160533362], [77.1111041196, 28.7160632377], [77.1110928296, 28.7160501285]]], "type": "Polygon"}, "properties": {"name": "undefined", "buildingName": "RGCI", "nodeId": "ecd3b-1b31-c41e-2166-54e2372d7f76", "polygonType": "Cubicle", "type": "Washroom", "walkableType": "non-walkable", "visibilityType": "visible", "directionType": "bidirectional", "tactileAvailibity": "not available", "global": false, "floor": 0}}, {"building_ID": "65d88662db333f894570bad3", "id": "70fd6d8-52eb-1c53-d15-55762030b67e", "type": "Feature", "geometry": {"coordinates": [[[77.1111530155, 28.7162744722], [77.1111829107, 28.7162546692], [77.1112054908, 28.7162808877], [77.1111755956, 28.7163006907], [77.1111530155, 28.7162744722]]], "type": "Polygon"}, "properties": {"name": "3075 - Dr. Sandeep Jain Sr. Consultant", "buildingName": "RGCI", "nodeId": "70fd6d8-52eb-1c53-d15-55762030b67e", "polygonType": "Room", "type": "Room", "walkableType": "non-walkable", "visibilityType": "visible", "directionType": "bidirectional", "tactileAvailibity": "not available", "global": false, "floor": 0}}, {"building_ID": "65d88662db333f894570bad3", "id": "171ae1-f416-2fc4-d2e8-c67de44032a", "type": "Feature", "geometry": {"coordinates": [[[77.1109506385, 28.7165800959], [77.1109705687, 28.7165668939], [77.1110025571, 28.7166040367], [77.1110050484, 28.7166023865], [77.1110351552, 28.7166373444], [77.1110177163, 28.7166488962], [77.1109894912, 28.7166161231], [77.1109845087, 28.7166194236], [77.1109506385, 28.7165800959]]], "type": "Polygon"}, "properties": {"name": "Electrical Services", "buildingName": "RGCI", "nodeId": "171ae1-f416-2fc4-d2e8-c67de44032a", "polygonType": "Room", "type": "Room", "walkableType": "non-walkable", "visibilityType": "visible", "directionType": "bidirectional", "tactileAvailibity": "not available", "global": false, "floor": 0}}, {"building_ID": "65d88662db333f894570bad3", "id": "8daba86-7f2c-62ff-844-bdabbec21a7", "type": "Feature", "geometry": {"coordinates": [[[77.1111651015, 28.7161703892], [77.1111839183, 28.716192238], [77.1111515318, 28.7162136913], [77.1111327151, 28.7161918425], [77.1111651015, 28.7161703892]]], "type": "Polygon"}, "properties": {"name": "3077 - Pediatric Consultant", "buildingName": "RGCI", "nodeId": "8daba86-7f2c-62ff-844-bdabbec21a7", "polygonType": "Room", "type": "Room", "walkableType": "non-walkable", "visibilityType": "visible", "directionType": "bidirectional", "tactileAvailibity": "not available", "global": false, "floor": 0}}, {"building_ID": "65d88662db333f894570bad3", "id": "874dab-302-46f1-534b-333edb3f0c3", "type": "Feature", "geometry": {"coordinates": [[[77.1107793532, 28.7163675823], [77.110776862, 28.7163692326], [77.1108653007, 28.7164719215], [77.1108671823, 28.7164741064], [77.1108696736, 28.7164724562], [77.1107793532, 28.7163675823]]], "type": "Polygon"}, "properties": {"name": "undefined", "buildingName": "RGCI", "nodeId": "874dab-302-46f1-534b-333edb3f0c3", "polygonType": "Cubicle", "type": "Wall", "walkableType": "non-walkable", "visibilityType": "visible", "directionType": "bidirectional", "tactileAvailibity": "not available", "global": false, "floor": 0}}, {"building_ID": "65d88662db333f894570bad3", "id": "68eb2b6-84-57d8-b7b2-ebad782be", "type": "Feature", "geometry": {"coordinates": [[[77.1108849411, 28.7162221502], [77.1108661243, 28.7162003015], [77.1108985108, 28.7161788482], [77.1109173275, 28.7162006969], [77.1108849411, 28.7162221502]]], "type": "Polygon"}, "properties": {"name": "3055 - Medical Oncology Unit 3- Dr. Rajat Saha, Dr. Rashmi", "buildingName": "RGCI", "nodeId": "68eb2b6-84-57d8-b7b2-ebad782be", "polygonType": "Room", "type": "Room", "walkableType": "non-walkable", "visibilityType": "visible", "directionType": "bidirectional", "tactileAvailibity": "not available", "fillColor": "undefined", "height": "undefined", "global": false, "floor": 0}}, {"building_ID": "65d88662db333f894570bad3", "id": "77f5416-03c6-3232-26b0-33442bfdc7c", "type": "Feature", "geometry": {"coordinates": [[[77.1114050793, 28.7167079827], [77.1113335757, 28.7166249575], [77.1114008399, 28.7165804007], [77.1114058224, 28.7165771002], [77.1114773261, 28.7166601253], [77.1114050793, 28.7167079827]]], "type": "Polygon"}, "properties": {"name": "Linear Accelerator 1", "buildingName": "RGCI", "nodeId": "77f5416-03c6-3232-26b0-33442bfdc7c", "polygonType": "Room", "type": "Room", "walkableType": "non-walkable", "visibilityType": "visible", "directionType": "bidirectional", "tactileAvailibity": "not available", "global": false, "floor": 0}}, {"building_ID": "65d88662db333f894570bad3", "id": "67c341-f8e8-c2c1-77d0-508b717ac11", "type": "Feature", "geometry": {"coordinates": [[[77.1111714318, 28.716677463], [77.1111913619, 28.716664261], [77.111208297, 28.7166839248], [77.1111883669, 28.7166971268], [77.1111714318, 28.716677463]]], "type": "Polygon"}, "properties": {"name": "Patient Welfare Department", "buildingName": "RGCI", "nodeId": "67c341-f8e8-c2c1-77d0-508b717ac11", "polygonType": "Room", "type": "Room", "walkableType": "non-walkable", "visibilityType": "visible", "directionType": "bidirectional", "tactileAvailibity": "not available", "fillColor": "undefined", "height": "undefined", "global": false, "floor": 0}}, {"building_ID": "65d88662db333f894570bad3", "id": "a78477d-2a34-12f4-0eed-f2beecd3752", "type": "Feature", "geometry": {"coordinates": [[[77.1111913619, 28.716664261], [77.111211292, 28.7166510589], [77.1112282271, 28.7166707228], [77.111208297, 28.7166839248], [77.1111913619, 28.716664261]]], "type": "Polygon"}, "properties": {"name": "Printer Room", "buildingName": "RGCI", "nodeId": "a78477d-2a34-12f4-0eed-f2beecd3752", "polygonType": "Room", "type": "Room", "walkableType": "non-walkable", "visibilityType": "visible", "directionType": "bidirectional", "tactileAvailibity": "not available", "global": false, "floor": 0}}, {"building_ID": "65d88662db333f894570bad3", "id": "6ae26d5-eff-db5c-0ab-f54cf51dee6", "type": "Feature", "geometry": {"coordinates": [[[77.1113231321, 28.7168308922], [77.1113457122, 28.7168571107], [77.111390555, 28.7168274062], [77.1113679749, 28.7168011877], [77.1113231321, 28.7168308922]]], "type": "Polygon"}, "properties": {"name": "ATM Axis Bank", "buildingName": "RGCI", "nodeId": "6ae26d5-eff-db5c-0ab-f54cf51dee6", "polygonType": "Room", "type": "Room", "walkableType": "non-walkable", "visibilityType": "visible", "directionType": "bidirectional", "tactileAvailibity": "not available", "global": false, "floor": 0}}, {"building_ID": "65d88662db333f894570bad3", "id": "43d5ae-3e33-fdbb-7f6d-3a571240280", "type": "Feature", "geometry": {"coordinates": [[[77.1113706248, 28.7168406082], [77.1113819149, 28.7168537174], [77.111439214, 28.7168157616], [77.1114034622, 28.716774249], [77.1113810408, 28.7167891013], [77.1113678691, 28.7167738072], [77.1113529215, 28.7167837087], [77.111390555, 28.7168274062], [77.1113706248, 28.7168406082]]], "type": "Polygon"}, "properties": {"name": "undefined", "buildingName": "RGCI", "nodeId": "43d5ae-3e33-fdbb-7f6d-3a571240280", "polygonType": "Cubicle", "type": "Restricted Area", "walkableType": "non-walkable", "visibilityType": "visible", "directionType": "bidirectional", "tactileAvailibity": "not available", "global": false, "floor": 0}}, {"building_ID": "65d88662db333f894570bad3", "id": "f6b68-1175-d736-326f-848fa12a47e", "type": "Feature", "geometry": {"coordinates": [[[77.1113220211, 28.7165433971], [77.111369063, 28.7165980189], [77.1113815194, 28.7165897676], [77.111383401, 28.7165919525], [77.1113684534, 28.716601854], [77.1113195299, 28.7165450473], [77.1113220211, 28.7165433971]]], "type": "Polygon"}, "properties": {"name": "undefined", "buildingName": "RGCI", "nodeId": "f6b68-1175-d736-326f-848fa12a47e", "polygonType": "Cubicle", "type": "Wall", "walkableType": "non-walkable", "visibilityType": "visible", "directionType": "bidirectional", "tactileAvailibity": "not available", "fillColor": "undefined", "height": "undefined", "global": false, "floor": 0}}, {"building_ID": "65d88662db333f894570bad3", "id": "2b6f637-a425-f787-aba5-365b408ebbc3", "type": "Feature", "geometry": {"coordinates": [[[77.1115226702, 28.7169217511], [77.1115475829, 28.7169052486], [77.111581453, 28.7169445763], [77.1115565403, 28.7169610788], [77.1115226702, 28.7169217511]]], "type": "Polygon"}, "properties": {"name": "16C - Ultrasound-1", "buildingName": "RGCI", "nodeId": "2b6f637-a425-f787-aba5-365b408ebbc3", "polygonType": "Room", "type": "Room", "walkableType": "non-walkable", "visibilityType": "visible", "directionType": "bidirectional", "tactileAvailibity": "not available", "global": false, "floor": 0}}, {"building_ID": "65d88662db333f894570bad3", "id": "255aadd-8b3c-2776-740a-a44ed7e8fc17", "type": "Feature", "geometry": {"coordinates": [[[77.1116590802, 28.7168348223], [77.1116402635, 28.7168129736], [77.1116651762, 28.7167964711], [77.1116839929, 28.7168183198], [77.1116590802, 28.7168348223]]], "type": "Polygon"}, "properties": {"name": "10 - Surgical OPD", "buildingName": "RGCI", "nodeId": "255aadd-8b3c-2776-740a-a44ed7e8fc17", "polygonType": "Room", "type": "Room", "walkableType": "non-walkable", "visibilityType": "visible", "directionType": "bidirectional", "tactileAvailibity": "not available", "global": false, "floor": 0}}, {"building_ID": "65d88662db333f894570bad3", "id": "3be62d-035a-4f7c-d67d-d775e1a58aa", "type": "Feature", "geometry": {"coordinates": [[[77.1118123977, 28.7169219852], [77.1118519129, 28.7169678675], [77.1118020875, 28.7170008726], [77.1117625724, 28.7169549903], [77.1118123977, 28.7169219852]]], "type": "Polygon"}, "properties": {"name": "undefined", "buildingName": "RGCI", "nodeId": "3be62d-035a-4f7c-d67d-d775e1a58aa", "polygonType": "Cubicle", "type": "Restricted Area", "walkableType": "non-walkable", "visibilityType": "visible", "directionType": "bidirectional", "tactileAvailibity": "not available", "global": false, "floor": 0}}, {"building_ID": "65d88662db333f894570bad3", "id": "a0d4be5-f63c-3fa4-b8d1-77dc1b7dc25c", "type": "Feature", "geometry": {"coordinates": [[[77.1113663601, 28.7165449081], [77.1113832952, 28.716564572], [77.1113708389, 28.7165728233], [77.1113840106, 28.7165881174], [77.1114039407, 28.7165749153], [77.11148117, 28.7165237575], [77.1114830517, 28.7165259424], [77.111383401, 28.7165919525], [77.111366466, 28.7165722886], [77.1113789223, 28.7165640374], [77.1113638689, 28.7165465584], [77.1113663601, 28.7165449081]]], "type": "Polygon"}, "properties": {"name": "undefined", "buildingName": "RGCI", "nodeId": "a0d4be5-f63c-3fa4-b8d1-77dc1b7dc25c", "polygonType": "Cubicle", "type": "Wall", "walkableType": "non-walkable", "visibilityType": "visible", "directionType": "bidirectional", "tactileAvailibity": "not available", "fillColor": "undefined", "height": "undefined", "global": false, "floor": 0}}, {"building_ID": "65d88662db333f894570bad3", "id": "36760b-1c3c-507-6ad1-4a530414d42a", "type": "Feature", "geometry": {"coordinates": [[[77.1113840106, 28.7165881174], [77.1113708389, 28.7165728233], [77.1113832952, 28.716564572], [77.1113663601, 28.7165449081], [77.1114510632, 28.7164887996], [77.11148117, 28.7165237575], [77.1113840106, 28.7165881174]]], "type": "Polygon"}, "properties": {"name": "Stairs", "buildingName": "RGCI", "nodeId": "36760b-1c3c-507-6ad1-4a530414d42a", "polygonType": "Cubicle", "type": "Wall", "walkableType": "non-walkable", "visibilityType": "visible", "directionType": "bidirectional", "tactileAvailibity": "not available", "fillColor": "undefined", "height": "2.8", "global": false, "floor": 0}}, {"building_ID": "65d88662db333f894570bad3", "id": "aca61e6-b33-1675-bab0-1a76b268af52", "type": "Feature", "geometry": {"coordinates": [[[77.1114220925, 28.7169094549], [77.1114470052, 28.7168929523], [77.1114752303, 28.7169257254], [77.1114503177, 28.7169422279], [77.1114409093, 28.7169313036], [77.1114508744, 28.7169247026], [77.1114433477, 28.7169159631], [77.1114333826, 28.7169225641], [77.1114220925, 28.7169094549]]], "type": "Polygon"}, "properties": {"name": "Utility-2", "buildingName": "RGCI", "nodeId": "aca61e6-b33-1675-bab0-1a76b268af52", "polygonType": "Room", "type": "Room", "walkableType": "non-walkable", "visibilityType": "visible", "directionType": "bidirectional", "tactileAvailibity": "not available", "global": false, "floor": 0}}, {"building_ID": "65d88662db333f894570bad3", "id": "e43374b-6cc8-872d-0bce-ac12def8485", "type": "Feature", "geometry": {"coordinates": [[[77.1115191713, 28.7169858326], [77.1115266451, 28.7169808818], [77.1115210001, 28.7169743272], [77.1115135263, 28.716979278], [77.1115191713, 28.7169858326]]], "type": "Polygon"}, "properties": {"name": "undefined", "buildingName": "RGCI", "nodeId": "e43374b-6cc8-872d-0bce-ac12def8485", "polygonType": "Cubicle", "type": "Piler", "walkableType": "non-walkable", "visibilityType": "visible", "directionType": "bidirectional", "tactileAvailibity": "not available", "global": false, "floor": 0}}, {"building_ID": "65d88662db333f894570bad3", "id": "1da66a-c5cb-61dc-c525-051cf467b74f", "type": "Feature", "geometry": {"coordinates": [[[77.1115951033, 28.7167605367], [77.1116150334, 28.7167473347], [77.1116300868, 28.7167648136], [77.1116101567, 28.7167780156], [77.1115951033, 28.7167605367]]], "type": "Polygon"}, "properties": {"name": "Nursing Station (Emergency)", "buildingName": "RGCI", "nodeId": "1da66a-c5cb-61dc-c525-051cf467b74f", "polygonType": "Room", "type": "Room", "walkableType": "non-walkable", "visibilityType": "visible", "directionType": "bidirectional", "tactileAvailibity": "not available", "global": false, "floor": 0}}, {"building_ID": "65d88662db333f894570bad3", "id": "fb752b4-f7df-e655-a4e-423de886c653", "type": "Feature", "geometry": {"coordinates": [[[77.1116261119, 28.7167056829], [77.1116510245, 28.7166891804], [77.1116679596, 28.7167088442], [77.1116629771, 28.7167121447], [77.1116498054, 28.7166968506], [77.1116348578, 28.7167067521], [77.1116668462, 28.716743895], [77.1116618637, 28.7167471955], [77.1116261119, 28.7167056829]]], "type": "Polygon"}, "properties": {"name": "undefined", "buildingName": "RGCI", "nodeId": "fb752b4-f7df-e655-a4e-423de886c653", "polygonType": "Cubicle", "type": "Sitting Area", "walkableType": "non-walkable", "visibilityType": "visible", "directionType": "bidirectional", "tactileAvailibity": "not available", "global": false, "floor": 0}}, {"building_ID": "65d88662db333f894570bad3", "id": "fcece0a-12d6-38b2-ecc0-c0bbfca4285c", "type": "Feature", "geometry": {"coordinates": [[[77.1117625724, 28.7169549903], [77.1117305839, 28.7169178475], [77.1117804092, 28.7168848424], [77.1118123977, 28.7169219852], [77.1117625724, 28.7169549903]]], "type": "Polygon"}, "properties": {"name": " 20 - X-Ray-1", "buildingName": "RGCI", "nodeId": "fcece0a-12d6-38b2-ecc0-c0bbfca4285c", "polygonType": "Room", "type": "Room", "walkableType": "non-walkable", "visibilityType": "visible", "directionType": "bidirectional", "tactileAvailibity": "not available", "global": false, "floor": 0}}, {"building_ID": "65d88662db333f894570bad3", "id": "fba125-0df5-23a-40d7-4252ab11dc02", "type": "Feature", "geometry": {"coordinates": [[[77.1118519129, 28.7169678675], [77.1118594396, 28.716976607], [77.1118345269, 28.7169931096], [77.1118495803, 28.7170105885], [77.1118022462, 28.7170419433], [77.1117796661, 28.7170157249], [77.1118519129, 28.7169678675]]], "type": "Polygon"}, "properties": {"name": "undefined", "buildingName": "RGCI", "nodeId": "fba125-0df5-23a-40d7-4252ab11dc02", "polygonType": "Cubicle", "type": "O2 Plant", "walkableType": "non-walkable", "visibilityType": "visible", "directionType": "bidirectional", "tactileAvailibity": "not available", "global": false, "floor": 0}}, {"building_ID": "65d88662db333f894570bad3", "id": "0e0d08a-5307-5daa-2d1e-67e2afa678de", "type": "Feature", "geometry": {"coordinates": [[[77.1114664039, 28.7170653938], [77.1115261943, 28.7170257877], [77.1114847974, 28.7169777205], [77.111425007, 28.7170173266], [77.1114664039, 28.7170653938]]], "type": "Polygon"}, "properties": {"name": "Radiology Waiting Area", "buildingName": "RGCI", "nodeId": "0e0d08a-5307-5daa-2d1e-67e2afa678de", "polygonType": "Cubicle", "type": "Sitting Area | Reception", "walkableType": "non-walkable", "visibilityType": "visible", "directionType": "bidirectional", "tactileAvailibity": "not available", "fillColor": "undefined", "height": "undefined", "global": false, "floor": 0}}, {"building_ID": "65d88662db333f894570bad3", "id": "da2c123-d0fc-ed41-2737-b4515680757", "type": "Feature", "geometry": {"coordinates": [[[77.1115700043, 28.7168903963], [77.1115974082, 28.7168722435], [77.1116312783, 28.7169115712], [77.1116038744, 28.716929724], [77.1115700043, 28.7168903963]]], "type": "Polygon"}, "properties": {"name": "16A - Mammography Room", "buildingName": "RGCI", "nodeId": "da2c123-d0fc-ed41-2737-b4515680757", "polygonType": "Room", "type": "Room", "walkableType": "non-walkable", "visibilityType": "visible", "directionType": "bidirectional", "tactileAvailibity": "not available", "global": false, "floor": 0}}, {"building_ID": "65d88662db333f894570bad3", "id": "e505c35-6225-cbb0-baeb-54fc4abb40e", "type": "Feature", "geometry": {"coordinates": [[[77.1111295311, 28.7166606114], [77.1110697408, 28.7167002175], [77.1110716224, 28.7167024023], [77.1111314128, 28.7166627963], [77.1111295311, 28.7166606114]]], "type": "Polygon"}, "properties": {"name": "undefined", "buildingName": "RGCI", "nodeId": "e505c35-6225-cbb0-baeb-54fc4abb40e", "polygonType": "Cubicle", "type": "Wall", "walkableType": "non-walkable", "visibilityType": "visible", "directionType": "bidirectional", "tactileAvailibity": "not available", "fillColor": "undefined", "height": "undefined", "global": false, "floor": 0}}, {"building_ID": "65d88662db333f894570bad3", "id": "7f8e03-c308-0fec-5ac0-a0765b862d0", "type": "Feature", "geometry": {"coordinates": [[[77.1112527695, 28.7165583885], [77.1112552607, 28.7165567383], [77.1112684325, 28.7165720324], [77.1112709237, 28.7165703821], [77.1112558703, 28.7165529032], [77.1112508878, 28.7165562037], [77.1112527695, 28.7165583885]]], "type": "Polygon"}, "properties": {"name": "undefined", "buildingName": "RGCI", "nodeId": "7f8e03-c308-0fec-5ac0-a0765b862d0", "polygonType": "Cubicle", "type": "Wall", "walkableType": "non-walkable", "visibilityType": "visible", "directionType": "bidirectional", "tactileAvailibity": "not available", "global": false, "floor": 0}}, {"building_ID": "65d88662db333f894570bad3", "id": "6417a1-4021-823-2535-15667856fa0", "type": "Feature", "geometry": {"coordinates": [[[77.1112300005, 28.7169680731], [77.1112412906, 28.7169811823], [77.1112512556, 28.7169745813], [77.1112399656, 28.7169614721], [77.1112300005, 28.7169680731]]], "type": "Polygon"}, "properties": {"name": "undefined", "buildingName": "RGCI", "nodeId": "6417a1-4021-823-2535-15667856fa0", "polygonType": "Cubicle", "type": "Bath", "walkableType": "non-walkable", "visibilityType": "visible", "directionType": "bidirectional", "tactileAvailibity": "not available", "global": false, "floor": 0}}, {"building_ID": "65d88662db333f894570bad3", "id": "b0eceff-317-333-c745-38e3cd82bdab", "type": "Feature", "geometry": {"coordinates": [[[77.1117046913, 28.7168423534], [77.1117140997, 28.7168532777], [77.1117390124, 28.7168367752], [77.1117089056, 28.7168018173], [77.1116839929, 28.7168183198], [77.1117046913, 28.7168423534]]], "type": "Polygon"}, "properties": {"name": "Director", "buildingName": "RGCI", "nodeId": "b0eceff-317-333-c745-38e3cd82bdab", "polygonType": "Room", "type": "Room", "walkableType": "non-walkable", "visibilityType": "visible", "directionType": "bidirectional", "tactileAvailibity": "not available", "global": false, "floor": 0}}, {"building_ID": "65d88662db333f894570bad3", "id": "75580f-fda0-762-466e-a7ab0e5e54", "type": "Feature", "geometry": {"coordinates": [[[77.111279375, 28.7169799739], [77.1112768837, 28.7169816241], [77.1112806471, 28.7169859939], [77.1112831383, 28.7169843436], [77.1112856296, 28.7169826934], [77.1112837479, 28.7169805085], [77.1112812566, 28.7169821588], [77.111279375, 28.7169799739]]], "type": "Polygon"}, "properties": {"name": "undefined", "buildingName": "RGCI", "nodeId": "75580f-fda0-762-466e-a7ab0e5e54", "polygonType": "Cubicle", "type": "Wall", "walkableType": "non-walkable", "visibilityType": "visible", "directionType": "bidirectional", "tactileAvailibity": "not available", "global": false, "floor": 0}}, {"building_ID": "65d88662db333f894570bad3", "id": "4428be5-d815-7cdb-1b-40ce77858a", "type": "Feature", "geometry": {"coordinates": [[[77.1117243041, 28.7167470099], [77.1117018827, 28.7167618622], [77.1117188177, 28.716781526], [77.1117412391, 28.7167666737], [77.1117243041, 28.7167470099]]], "type": "Polygon"}, "properties": {"name": "EWS OPD Reception", "buildingName": "RGCI", "nodeId": "4428be5-d815-7cdb-1b-40ce77858a", "polygonType": "Room", "type": "Room", "walkableType": "non-walkable", "visibilityType": "visible", "directionType": "bidirectional", "tactileAvailibity": "not available", "fillColor": "undefined", "height": "undefined", "global": false, "floor": 0}}, {"building_ID": "65d88662db333f894570bad3", "id": "d2e5b2-c7-0d7-872b-0b4e067c8731", "type": "Feature", "geometry": {"coordinates": [[[77.1112469356, 28.7169877369], [77.1112582257, 28.7170008462], [77.1112806471, 28.7169859939], [77.111263712, 28.71696633], [77.1112412906, 28.7169811823], [77.1112469356, 28.7169877369]]], "type": "Polygon"}, "properties": {"name": "undefined", "buildingName": "RGCI", "nodeId": "d2e5b2-c7-0d7-872b-0b4e067c8731", "polygonType": "Cubicle", "type": "Toilet/Locker Room", "walkableType": "non-walkable", "visibilityType": "visible", "directionType": "bidirectional", "tactileAvailibity": "not available", "global": false, "floor": 0}}, {"building_ID": "65d88662db333f894570bad3", "id": "f2ffcbb-77cb-d4c7-1a20-55521475be8", "type": "Feature", "geometry": {"coordinates": [[[77.1117089056, 28.7168018173], [77.1117288357, 28.7167886152], [77.1117589425, 28.7168235732], [77.1117390124, 28.7168367752], [77.1117089056, 28.7168018173]]], "type": "Polygon"}, "properties": {"name": "Nurse Room (Emergency)", "buildingName": "RGCI", "nodeId": "f2ffcbb-77cb-d4c7-1a20-55521475be8", "polygonType": "Room", "type": "Room", "walkableType": "non-walkable", "visibilityType": "visible", "directionType": "bidirectional", "tactileAvailibity": "not available", "global": false, "floor": 0}}, {"building_ID": "65d88662db333f894570bad3", "id": "e06efa-714e-7c2d-605-71214710a7ff", "type": "Feature", "geometry": {"coordinates": [[[77.1116150334, 28.7167473347], [77.111620016, 28.7167440341], [77.1116124893, 28.7167352947], [77.1116374019, 28.7167187921], [77.111654337, 28.716738456], [77.1116244418, 28.716758259], [77.1116150334, 28.7167473347]]], "type": "Polygon"}, "properties": {"name": "Duty Doctor (Emergency)", "buildingName": "RGCI", "nodeId": "e06efa-714e-7c2d-605-71214710a7ff", "polygonType": "Room", "type": "Room", "walkableType": "non-walkable", "visibilityType": "visible", "directionType": "bidirectional", "tactileAvailibity": "not available", "global": false, "floor": 0}}, {"building_ID": "65d88662db333f894570bad3", "id": "64f58-0ee5-aa18-c48-5de71da12ea", "type": "Feature", "geometry": {"coordinates": [[77.1110920034, 28.7166442945], [77.1111169161, 28.7166277919], [77.1111169161, 28.7166277919]], "type": "LineString"}, "properties": {"nodeId": "64f58-0ee5-aa18-c48-5de71da12ea", "buildingName": "RGCI", "polygonType": "Waypoints", "walkableType": "walkable", "visibilityType": "visible", "directionType": "bidirectional", "tactileAvailibity": "not available", "global": false, "name": "undefined", "floor": 0}}, {"building_ID": "65d88662db333f894570bad3", "id": "204af64-144c-3175-13db-5d4dee776a4", "type": "Feature", "geometry": {"coordinates": [[[77.1110930891, 28.7167636716], [77.1110291122, 28.7166893859], [77.1110490423, 28.7166761839], [77.1110528057, 28.7166805536], [77.1110552969, 28.7166789034], [77.1110270718, 28.7166461303], [77.1110171068, 28.7166527313], [77.1109888816, 28.7166199582], [77.1109838991, 28.7166232587], [77.1109029871, 28.7165293092], [77.1109104609, 28.7165243585], [77.1108653007, 28.7164719215], [77.1108677919, 28.7164702713], [77.1109148338, 28.7165248931], [77.11090736, 28.7165298438], [77.1109845087, 28.7166194236], [77.1109894912, 28.7166161231], [77.1110177163, 28.7166488962], [77.1110276814, 28.7166422952], [77.1110596699, 28.716679438], [77.1110521961, 28.7166843888], [77.1110484327, 28.716680019], [77.1110334851, 28.7166899205], [77.1110955804, 28.7167620213], [77.1110930891, 28.7167636716]]], "type": "Polygon"}, "properties": {"name": "undefined", "buildingName": "RGCI", "nodeId": "204af64-144c-3175-13db-5d4dee776a4", "polygonType": "Cubicle", "type": "Wall", "walkableType": "non-walkable", "visibilityType": "visible", "directionType": "bidirectional", "tactileAvailibity": "not available", "global": false, "floor": 0}}, {"building_ID": "65d88662db333f894570bad3", "id": "c5e83f5-6457-1353-615d-5dfcc156100", "type": "Feature", "geometry": {"coordinates": [[[77.1109491825, 28.7163648871], [77.1109641301, 28.7163549856], [77.1109678935, 28.7163593553], [77.1109529459, 28.7163692568], [77.1109491825, 28.7163648871]]], "type": "Polygon"}, "properties": {"name": "undefined", "buildingName": "RGCI", "nodeId": "c5e83f5-6457-1353-615d-5dfcc156100", "polygonType": "Cubicle", "type": "Wall-1.8", "walkableType": "non-walkable", "visibilityType": "visible", "directionType": "bidirectional", "tactileAvailibity": "not available", "global": false, "floor": 0}}, {"building_ID": "65d88662db333f894570bad3", "id": "32e57d-077b-fd8d-a02d-dd33cc1cb873", "type": "Feature", "geometry": {"coordinates": [[[77.1109754202, 28.7163680948], [77.1109716568, 28.7163637251], [77.1109567092, 28.7163736266], [77.1109604726, 28.7163779963], [77.1109754202, 28.7163680948]]], "type": "Polygon"}, "properties": {"name": "undefined", "buildingName": "RGCI", "nodeId": "32e57d-077b-fd8d-a02d-dd33cc1cb873", "polygonType": "Cubicle", "type": "Wall-1.4", "walkableType": "non-walkable", "visibilityType": "visible", "directionType": "bidirectional", "tactileAvailibity": "not available", "global": false, "floor": 0}}, {"building_ID": "65d88662db333f894570bad3", "id": "01731e-7c64-61a4-f62-f6ddc27047d", "type": "Feature", "geometry": {"coordinates": [[[77.1109791835, 28.7163724646], [77.1109642359, 28.7163823661], [77.1109679993, 28.7163867358], [77.1109829469, 28.7163768343], [77.1109791835, 28.7163724646]]], "type": "Polygon"}, "properties": {"name": "undefined", "buildingName": "RGCI", "nodeId": "01731e-7c64-61a4-f62-f6ddc27047d", "polygonType": "Cubicle", "type": "Wall-1", "walkableType": "non-walkable", "visibilityType": "visible", "directionType": "bidirectional", "tactileAvailibity": "not available", "global": false, "floor": 0}}, {"building_ID": "65d88662db333f894570bad3", "id": "6b4ddfc-e74f-fda-41d4-5e0a683b6f2", "type": "Feature", "geometry": {"coordinates": [[[77.1109529459, 28.7163692568], [77.1109678935, 28.7163593553], [77.1109716568, 28.7163637251], [77.1109567092, 28.7163736266], [77.1109529459, 28.7163692568]]], "type": "Polygon"}, "properties": {"name": "undefined", "buildingName": "RGCI", "nodeId": "6b4ddfc-e74f-fda-41d4-5e0a683b6f2", "polygonType": "Cubicle", "type": "Wall-1.6", "walkableType": "non-walkable", "visibilityType": "visible", "directionType": "bidirectional", "tactileAvailibity": "not available", "global": false, "floor": 0}}, {"building_ID": "65d88662db333f894570bad3", "id": "d611c53-766-27fb-6c42-3f4d735118", "type": "Feature", "geometry": {"coordinates": [[[77.1109603668, 28.7163506158], [77.1109566034, 28.7163462461], [77.1109416558, 28.7163561476], [77.1109454192, 28.7163605173], [77.1109603668, 28.7163506158]]], "type": "Polygon"}, "properties": {"name": "undefined", "buildingName": "RGCI", "nodeId": "d611c53-766-27fb-6c42-3f4d735118", "polygonType": "Cubicle", "type": "Wall-2.0", "walkableType": "non-walkable", "visibilityType": "visible", "directionType": "bidirectional", "tactileAvailibity": "not available", "global": false, "floor": 0}}, {"building_ID": "65d88662db333f894570bad3", "id": "fb41663-3fe8-13e1-7d4-c85caa5e848a", "type": "Feature", "geometry": {"coordinates": [[[77.1109416558, 28.7163561476], [77.1109378925, 28.7163517779], [77.1109528401, 28.7163418763], [77.1109566034, 28.7163462461], [77.1109416558, 28.7163561476]]], "type": "Polygon"}, "properties": {"name": "undefined", "buildingName": "RGCI", "nodeId": "fb41663-3fe8-13e1-7d4-c85caa5e848a", "polygonType": "Cubicle", "type": "Wall-2.2", "walkableType": "non-walkable", "visibilityType": "visible", "directionType": "bidirectional", "tactileAvailibity": "not available", "global": false, "floor": 0}}, {"building_ID": "65d88662db333f894570bad3", "id": "3c8eaa-fd7f-d05e-58-ce3e14a55f0", "type": "Feature", "geometry": {"coordinates": [[[77.1109916928, 28.7163779035], [77.1110091316, 28.7163663518], [77.111012895, 28.7163707215], [77.1109954561, 28.7163822733], [77.1109916928, 28.7163779035]]], "type": "Polygon"}, "properties": {"name": "undefined", "buildingName": "RGCI", "nodeId": "3c8eaa-fd7f-d05e-58-ce3e14a55f0", "polygonType": "Cubicle", "type": "Wall", "walkableType": "walkable", "visibilityType": "visible", "directionType": "bidirectional", "tactileAvailibity": "not available", "fillColor": "undefined", "height": "0.6", "global": false, "floor": 0}}, {"building_ID": "65d88662db333f894570bad3", "id": "81db37-b35a-57af-e62-fac86bd5c3a", "type": "Feature", "geometry": {"coordinates": [[[77.1113805622, 28.716988435], [77.1113780709, 28.7169900853], [77.1113122123, 28.7169136147], [77.1113147036, 28.7169119645], [77.1113805622, 28.716988435]]], "type": "Polygon"}, "properties": {"name": "undefined", "buildingName": "RGCI", "nodeId": "81db37-b35a-57af-e62-fac86bd5c3a", "polygonType": "Cubicle", "type": "Wall", "walkableType": "non-walkable", "visibilityType": "visible", "directionType": "bidirectional", "tactileAvailibity": "not available", "global": false, "floor": 0}}, {"building_ID": "65d88662db333f894570bad3", "id": "5fdc0f0-d1f-b280-68ea-dcead8a5f101", "type": "Feature", "geometry": {"coordinates": [[[77.111013691, 28.7162535293], [77.1110174543, 28.716257899], [77.1109751028, 28.7162859533], [77.1110428431, 28.7163646087], [77.1110447248, 28.7163667936], [77.1110870763, 28.7163387393], [77.1110908396, 28.716343109], [77.1110410143, 28.7163761141], [77.1109638656, 28.7162865343], [77.111013691, 28.7162535293]]], "type": "Polygon"}, "properties": {"name": "undefined", "buildingName": "RGCI", "nodeId": "5fdc0f0-d1f-b280-68ea-dcead8a5f101", "polygonType": "Cubicle", "type": "Wall-0.8", "walkableType": "non-walkable", "visibilityType": "visible", "directionType": "bidirectional", "tactileAvailibity": "not available", "global": false, "floor": 0}}, {"building_ID": "65d88662db333f894570bad3", "id": "f3bbdd8-0a18-b1ff-ec1-f3afca56bcea", "type": "Feature", "geometry": {"coordinates": [[[77.1110528863, 28.716539816], [77.1110603601, 28.7165348653], [77.1110678868, 28.7165436048], [77.111060413, 28.7165485555], [77.1110528863, 28.716539816]]], "type": "Polygon"}, "properties": {"name": "undefined", "buildingName": "RGCI", "nodeId": "f3bbdd8-0a18-b1ff-ec1-f3afca56bcea", "polygonType": "Cubicle", "type": "Piller", "walkableType": "non-walkable", "visibilityType": "visible", "directionType": "bidirectional", "tactileAvailibity": "not available", "fillColor": "undefined", "height": "undefined", "global": false, "floor": 0}}, {"building_ID": "65d88662db333f894570bad3", "id": "1e1ea7-68cd-ae5-8d38-fcd4cfad71", "type": "Feature", "geometry": {"coordinates": [[[77.1112602734, 28.716076464], [77.1111680966, 28.7161375234], [77.1112113751, 28.7161877754], [77.1113035519, 28.7161267161], [77.1113016703, 28.7161245312], [77.1112119847, 28.7161839403], [77.1111724695, 28.716138058], [77.1112621551, 28.7160786489], [77.1112602734, 28.716076464]]], "type": "Polygon"}, "properties": {"name": "undefined", "buildingName": "RGCI", "nodeId": "1e1ea7-68cd-ae5-8d38-fcd4cfad71", "polygonType": "Cubicle", "type": "Wall", "walkableType": "non-walkable", "visibilityType": "visible", "directionType": "bidirectional", "tactileAvailibity": "not available", "global": false, "floor": 0}}, {"building_ID": "65d88662db333f894570bad3", "id": "02c20aa-566-ff68-f2e-83c0702fc15", "type": "Feature", "geometry": {"coordinates": [[[77.1111722807, 28.716573961], [77.1112320711, 28.7165343549], [77.1112527695, 28.7165583885], [77.1111929791, 28.7165979946], [77.1111722807, 28.716573961]]], "type": "Polygon"}, "properties": {"name": "Registration Desk", "buildingName": "RGCI", "nodeId": "02c20aa-566-ff68-f2e-83c0702fc15", "polygonType": "Room", "type": "Room", "walkableType": "non-walkable", "visibilityType": "visible", "directionType": "bidirectional", "tactileAvailibity": "not available", "fillColor": "undefined", "height": "undefined", "global": false, "floor": 0}}, {"building_ID": "65d88662db333f894570bad3", "id": "7c77656-4d3f-5145-6c0f-c433a742ea4", "type": "Feature", "geometry": {"coordinates": [[[77.1110495738, 28.7164905404], [77.1110645214, 28.7164806389], [77.1110532313, 28.7164675297], [77.1110382838, 28.7164774312], [77.1110495738, 28.7164905404]]], "type": "Polygon"}, "properties": {"name": "undefined", "buildingName": "RGCI", "nodeId": "7c77656-4d3f-5145-6c0f-c433a742ea4", "polygonType": "Cubicle", "type": "Drinking Water", "walkableType": "non-walkable", "visibilityType": "visible", "directionType": "bidirectional", "tactileAvailibity": "not available", "global": false, "floor": 0}}, {"building_ID": "65d88662db333f894570bad3", "id": "6ee8df-a5-7bc5-ea3c-45602dd4fee0", "type": "Feature", "geometry": {"coordinates": [[[77.1112849142, 28.716959148], [77.1112830325, 28.7169569631], [77.1113104364, 28.7169388104], [77.1113123181, 28.7169409952], [77.1112849142, 28.716959148]]], "type": "Polygon"}, "properties": {"name": "undefined", "buildingName": "RGCI", "nodeId": "6ee8df-a5-7bc5-ea3c-45602dd4fee0", "polygonType": "Cubicle", "type": "Wall", "walkableType": "non-walkable", "visibilityType": "visible", "directionType": "bidirectional", "tactileAvailibity": "not available", "global": false, "floor": 0}}, {"building_ID": "65d88662db333f894570bad3", "id": "5d425b7-c4e5-4185-d5d-d7cc0bcda68f", "type": "Feature", "geometry": {"coordinates": [[[77.110923023, 28.7165434877], [77.1109249047, 28.7165456726], [77.1109722387, 28.7165143178], [77.1109703571, 28.7165121329], [77.110923023, 28.7165434877]]], "type": "Polygon"}, "properties": {"name": "undefined", "buildingName": "RGCI", "nodeId": "5d425b7-c4e5-4185-d5d-d7cc0bcda68f", "polygonType": "Cubicle", "type": "Wall", "walkableType": "non-walkable", "visibilityType": "visible", "directionType": "bidirectional", "tactileAvailibity": "not available", "global": false, "floor": 0}}, {"building_ID": "65d88662db333f894570bad3", "id": "876ff5-eb68-a7e-8dcb-11e82ec67c7", "type": "Feature", "geometry": {"coordinates": [[[77.1116106076, 28.7167331098], [77.1116355203, 28.7167166073], [77.1116374019, 28.7167187921], [77.1116124893, 28.7167352947], [77.1116106076, 28.7167331098]]], "type": "Polygon"}, "properties": {"name": "undefined", "buildingName": "RGCI", "nodeId": "876ff5-eb68-a7e-8dcb-11e82ec67c7", "polygonType": "Cubicle", "type": "Wall", "walkableType": "non-walkable", "visibilityType": "visible", "directionType": "bidirectional", "tactileAvailibity": "not available", "global": false, "floor": 0}}, {"building_ID": "65d88662db333f894570bad3", "id": "2fd35c-30dd-f3e-faa0-1b57f4121e5", "type": "Feature", "geometry": {"coordinates": [[[77.1107388052, 28.7162160131], [77.110736314, 28.7162176634], [77.1107438407, 28.7162264029], [77.1107463319, 28.7162247526], [77.1107388052, 28.7162160131]]], "type": "Polygon"}, "properties": {"name": "undefined", "buildingName": "RGCI", "nodeId": "2fd35c-30dd-f3e-faa0-1b57f4121e5", "polygonType": "Cubicle", "type": "Wall", "walkableType": "non-walkable", "visibilityType": "visible", "directionType": "bidirectional", "tactileAvailibity": "not available", "global": false, "floor": 0}}, {"building_ID": "65d88662db333f894570bad3", "id": "c640ed6-6b17-14ad-71-a5dad25d8628", "type": "Feature", "geometry": {"coordinates": [[[77.1113212227, 28.7169831352], [77.1113362761, 28.7170006142], [77.1113088722, 28.717018767], [77.1112938188, 28.717001288], [77.1113212227, 28.7169831352]]], "type": "Polygon"}, "properties": {"name": "Lift-4", "buildingName": "RGCI", "nodeId": "c640ed6-6b17-14ad-71-a5dad25d8628", "polygonType": "Cubicle", "type": "Lift", "walkableType": "non-walkable", "visibilityType": "visible", "directionType": "bidirectional", "tactileAvailibity": "not available", "fillColor": "undefined", "height": "undefined", "global": false, "floor": 0}}, {"building_ID": "65d88662db333f894570bad3", "id": "ba4c14-165c-1c3d-fc3d-35a430fbec3b", "type": "Feature", "geometry": {"coordinates": [[[77.1115507114, 28.7167453354], [77.1115706415, 28.7167321333], [77.1115687599, 28.7167299485], [77.1115488297, 28.7167431505], [77.1115507114, 28.7167453354]]], "type": "Polygon"}, "properties": {"name": "undefined", "buildingName": "RGCI", "nodeId": "ba4c14-165c-1c3d-fc3d-35a430fbec3b", "polygonType": "Cubicle", "type": "Wall", "walkableType": "non-walkable", "visibilityType": "visible", "directionType": "bidirectional", "tactileAvailibity": "not available", "global": false, "floor": 0}}, {"building_ID": "65d88662db333f894570bad3", "id": "f3ae1fa-d3ba-fe6c-b57e-1e755f0a0016", "type": "Feature", "geometry": {"coordinates": [[[77.1108186845, 28.7162042758], [77.1107788242, 28.7162306798], [77.1107581258, 28.7162066462], [77.110797986, 28.7161802422], [77.1108186845, 28.7162042758]]], "type": "Polygon"}, "properties": {"name": "undefined", "buildingName": "RGCI", "nodeId": "f3ae1fa-d3ba-fe6c-b57e-1e755f0a0016", "polygonType": "Cubicle", "type": "Restricted Area", "walkableType": "non-walkable", "visibilityType": "visible", "directionType": "bidirectional", "tactileAvailibity": "not available", "global": false, "floor": 0}}, {"building_ID": "65d88662db333f894570bad3", "id": "417d5-5bdd-6f51-62b-fb3f67a14eda", "type": "Feature", "geometry": {"coordinates": [[[77.1109528401, 28.7163418763], [77.1109378925, 28.7163517779], [77.1109341291, 28.7163474081], [77.1109490767, 28.7163375066], [77.1109528401, 28.7163418763]]], "type": "Polygon"}, "properties": {"name": "undefined", "buildingName": "RGCI", "nodeId": "417d5-5bdd-6f51-62b-fb3f67a14eda", "polygonType": "Cubicle", "type": "Wall-2.4", "walkableType": "non-walkable", "visibilityType": "visible", "directionType": "bidirectional", "tactileAvailibity": "not available", "global": false, "floor": 0}}, {"building_ID": "65d88662db333f894570bad3", "id": "b7bf25-311-513e-28dd-f05114d6660a", "type": "Feature", "geometry": {"coordinates": [[[77.110975526, 28.7163954753], [77.1109717626, 28.7163911056], [77.1109867102, 28.716381204], [77.1109904736, 28.7163855738], [77.110975526, 28.7163954753]]], "type": "Polygon"}, "properties": {"name": "undefined", "buildingName": "RGCI", "nodeId": "b7bf25-311-513e-28dd-f05114d6660a", "polygonType": "Cubicle", "type": "Wall-0.6", "walkableType": "non-walkable", "visibilityType": "visible", "directionType": "bidirectional", "tactileAvailibity": "not available", "global": false, "floor": 0}}, {"building_ID": "65d88662db333f894570bad3", "id": "5114bb-8fe8-04-0523-fab27d5833b3", "type": "Feature", "geometry": {"coordinates": [[[77.1109867102, 28.716381204], [77.1109829469, 28.7163768343], [77.1109679993, 28.7163867358], [77.1109736443, 28.7163932904], [77.1109717626, 28.7163911056], [77.1109867102, 28.716381204]]], "type": "Polygon"}, "properties": {"name": "undefined", "buildingName": "RGCI", "nodeId": "5114bb-8fe8-04-0523-fab27d5833b3", "polygonType": "Cubicle", "type": "Wall-0.8", "walkableType": "non-walkable", "visibilityType": "visible", "directionType": "bidirectional", "tactileAvailibity": "not available", "global": false, "floor": 0}}, {"building_ID": "65d88662db333f894570bad3", "id": "24b5cf5-06-05f6-a406-6e37dcfe3280", "type": "Feature", "geometry": {"coordinates": [[[77.1109540593, 28.7163342061], [77.1109714981, 28.7163226543], [77.1109677348, 28.7163182846], [77.1109502959, 28.7163298363], [77.1109540593, 28.7163342061]]], "type": "Polygon"}, "properties": {"name": "undefined", "buildingName": "RGCI", "nodeId": "24b5cf5-06-05f6-a406-6e37dcfe3280", "polygonType": "Cubicle", "type": "Wall-2.6", "walkableType": "non-walkable", "visibilityType": "visible", "directionType": "bidirectional", "tactileAvailibity": "not available", "global": false, "floor": 0}}, {"building_ID": "65d88662db333f894570bad3", "id": "2aeac44-bf22-10e8-747c-c4e25420eb66", "type": "Feature", "geometry": {"coordinates": [[[77.1109603668, 28.7163506158], [77.1109454192, 28.7163605173], [77.1109491825, 28.7163648871], [77.1109641301, 28.7163549856], [77.1109603668, 28.7163506158]]], "type": "Polygon"}, "properties": {"name": "undefined", "buildingName": "RGCI", "nodeId": "2aeac44-bf22-10e8-747c-c4e25420eb66", "polygonType": "Cubicle", "type": "Wall-0.9", "walkableType": "non-walkable", "visibilityType": "visible", "directionType": "bidirectional", "tactileAvailibity": "not available", "global": false, "floor": 0}}, {"building_ID": "65d88662db333f894570bad3", "id": "f566571-258d-0127-0b7-c0aaa37c22c5", "type": "Feature", "geometry": {"coordinates": [[[77.1109992195, 28.716386643], [77.1110166583, 28.7163750913], [77.1110204217, 28.716379461], [77.1110029828, 28.7163910128], [77.1109992195, 28.716386643]]], "type": "Polygon"}, "properties": {"name": "undefined", "buildingName": "RGCI", "nodeId": "f566571-258d-0127-0b7-c0aaa37c22c5", "polygonType": "Cubicle", "type": "Wall", "walkableType": "walkable", "visibilityType": "visible", "directionType": "bidirectional", "tactileAvailibity": "not available", "fillColor": "undefined", "height": "0.2", "global": false, "floor": 0}}, {"building_ID": "65d88662db333f894570bad3", "id": "ea7e88a-a62a-bbd0-371-2abcfd5387", "type": "Feature", "geometry": {"coordinates": [[[77.1111829107, 28.7162546692], [77.1112128059, 28.7162348662], [77.111235386, 28.7162610846], [77.1112054908, 28.7162808877], [77.1111829107, 28.7162546692]]], "type": "Polygon"}, "properties": {"name": "3074 - Dr. Payal Malhotra Consultant", "buildingName": "RGCI", "nodeId": "ea7e88a-a62a-bbd0-371-2abcfd5387", "polygonType": "Room", "type": "Room", "walkableType": "non-walkable", "visibilityType": "visible", "directionType": "bidirectional", "tactileAvailibity": "not available", "global": false, "floor": 0}}, {"building_ID": "65d88662db333f894570bad3", "id": "e05e28a-ecc2-3bdb-ca5a-637afcab0a14", "type": "Feature", "geometry": {"coordinates": [[[77.1113302608, 28.7168982278], [77.1113576647, 28.7168800751], [77.1113595464, 28.7168822599], [77.1113321424, 28.7169004127], [77.1113302608, 28.7168982278]]], "type": "Polygon"}, "properties": {"name": "undefined", "buildingName": "RGCI", "nodeId": "e05e28a-ecc2-3bdb-ca5a-637afcab0a14", "polygonType": "Cubicle", "type": "Wall", "walkableType": "non-walkable", "visibilityType": "visible", "directionType": "bidirectional", "tactileAvailibity": "not available", "global": false, "floor": 0}}, {"building_ID": "65d88662db333f894570bad3", "id": "24abad7-6ced-b013-f186-d68b27e1354f", "type": "Feature", "geometry": {"coordinates": [[[77.1113595464, 28.7168822599], [77.1113147036, 28.7169119645], [77.1113429287, 28.7169447376], [77.1113877715, 28.716915033], [77.1113595464, 28.7168822599]]], "type": "Polygon"}, "properties": {"name": "Pharmacy", "buildingName": "RGCI", "nodeId": "24abad7-6ced-b013-f186-d68b27e1354f", "polygonType": "Room", "type": "Room", "walkableType": "non-walkable", "visibilityType": "visible", "directionType": "bidirectional", "tactileAvailibity": "not available", "fillColor": "undefined", "height": "undefined", "global": false, "floor": 0}}, {"building_ID": "65d88662db333f894570bad3", "id": "155a53f-7a2-66a-8aae-c4bae486d7", "type": "Feature", "geometry": {"coordinates": [[[77.1110081241, 28.716428783], [77.110998159, 28.716435384], [77.1110019223, 28.7164397538], [77.1110069049, 28.7164364532], [77.1110200766, 28.7164517474], [77.1110150941, 28.7164550479], [77.1110207391, 28.7164616025], [77.1110307042, 28.7164550015], [77.1110081241, 28.716428783]]], "type": "Polygon"}, "properties": {"name": "undefined", "buildingName": "RGCI", "nodeId": "155a53f-7a2-66a-8aae-c4bae486d7", "polygonType": "Cubicle", "type": "Non Walkable Area", "walkableType": "non-walkable", "visibilityType": "visible", "directionType": "bidirectional", "tactileAvailibity": "not available", "global": false, "floor": 0}}, {"building_ID": "65d88662db333f894570bad3", "id": "6c40c1-e725-d64-7363-2c15f4d30", "type": "Feature", "geometry": {"coordinates": [[[77.1115565403, 28.7169610788], [77.1115366102, 28.7169742808], [77.1115027401, 28.7169349531], [77.1115226702, 28.7169217511], [77.1115565403, 28.7169610788]]], "type": "Polygon"}, "properties": {"name": "Radiology Reception", "buildingName": "RGCI", "nodeId": "6c40c1-e725-d64-7363-2c15f4d30", "polygonType": "Room", "type": "Room", "walkableType": "non-walkable", "visibilityType": "visible", "directionType": "bidirectional", "tactileAvailibity": "not available", "fillColor": "undefined", "height": "undefined", "global": false, "floor": 0}}, {"building_ID": "65d88662db333f894570bad3", "id": "da0f68-34e4-28a-27f1-6c87e142044", "type": "Feature", "geometry": {"coordinates": [[[77.1116251849, 28.7166273765], [77.1116301674, 28.716624076], [77.1116546292, 28.7166524794], [77.1116496467, 28.7166557799], [77.1116251849, 28.7166273765]]], "type": "Polygon"}, "properties": {"name": "undefined", "buildingName": "RGCI", "nodeId": "da0f68-34e4-28a-27f1-6c87e142044", "polygonType": "Cubicle", "type": "Sitting Area", "walkableType": "non-walkable", "visibilityType": "visible", "directionType": "bidirectional", "tactileAvailibity": "not available", "global": false, "floor": 0}}, {"building_ID": "65d88662db333f894570bad3", "id": "47446f8-2404-15-18cf-436e5402fa6", "type": "Feature", "geometry": {"coordinates": [[[77.1109190757, 28.7163299291], [77.1109564447, 28.7163051753], [77.1109583264, 28.7163073602], [77.1109209574, 28.716332114], [77.1109190757, 28.7163299291]]], "type": "Polygon"}, "properties": {"name": "undefined", "buildingName": "RGCI", "nodeId": "47446f8-2404-15-18cf-436e5402fa6", "polygonType": "Cubicle", "type": "Wall", "walkableType": "non-walkable", "visibilityType": "visible", "directionType": "bidirectional", "tactileAvailibity": "not available", "global": false, "floor": 0}}, {"building_ID": "65d88662db333f894570bad3", "id": "3fa3e3-40e8-58f3-e5f5-21c6b73562", "type": "Feature", "geometry": {"coordinates": [[[77.111036324, 28.716293438], [77.1110587454, 28.7162785857], [77.1110794438, 28.7163026193], [77.1110545311, 28.7163191218], [77.1110338327, 28.7162950883], [77.111036324, 28.716293438]]], "type": "Polygon"}, "properties": {"name": "undefined", "buildingName": "RGCI", "nodeId": "3fa3e3-40e8-58f3-e5f5-21c6b73562", "polygonType": "Cubicle", "type": "Wall-0.5", "walkableType": "non-walkable", "visibilityType": "visible", "directionType": "bidirectional", "tactileAvailibity": "not available", "global": false, "floor": 0}}, {"building_ID": "65d88662db333f894570bad3", "id": "ce54737-a81d-ab65-dba2-e3dbb25cb327", "type": "Feature", "geometry": {"coordinates": [[[77.1109980003, 28.7163943133], [77.1109830527, 28.7164042148], [77.1109792893, 28.716399845], [77.1109942369, 28.7163899435], [77.1109980003, 28.7163943133]]], "type": "Polygon"}, "properties": {"name": "undefined", "buildingName": "RGCI", "nodeId": "ce54737-a81d-ab65-dba2-e3dbb25cb327", "polygonType": "Cubicle", "type": "Wall-0.2", "walkableType": "non-walkable", "visibilityType": "visible", "directionType": "bidirectional", "tactileAvailibity": "not available", "global": false, "floor": 0}}, {"building_ID": "65d88662db333f894570bad3", "id": "fbbb26-0aa8-c30d-57d3-2d206882343f", "type": "Feature", "geometry": {"coordinates": [[[77.1113556495, 28.7170049375], [77.1113462412, 28.7169940132], [77.1113088722, 28.717018767], [77.1113182805, 28.7170296913], [77.1113556495, 28.7170049375]]], "type": "Polygon"}, "properties": {"name": "undefined", "buildingName": "RGCI", "nodeId": "fbbb26-0aa8-c30d-57d3-2d206882343f", "polygonType": "Cubicle", "type": "Restricted Area", "walkableType": "non-walkable", "visibilityType": "visible", "directionType": "bidirectional", "tactileAvailibity": "not available", "global": false, "floor": 0}}, {"building_ID": "65d88662db333f894570bad3", "id": "8b303d-e0a2-de1e-b8cb-13b2365736", "type": "Feature", "geometry": {"coordinates": [[[77.111755814, 28.7169834864], [77.1117757441, 28.7169702844], [77.1118020875, 28.7170008726], [77.1117821574, 28.7170140746], [77.111755814, 28.7169834864]]], "type": "Polygon"}, "properties": {"name": "undefined", "buildingName": "RGCI", "nodeId": "8b303d-e0a2-de1e-b8cb-13b2365736", "polygonType": "Cubicle", "type": "Restricted Area", "walkableType": "non-walkable", "visibilityType": "visible", "directionType": "bidirectional", "tactileAvailibity": "not available", "global": false, "floor": 0}}, {"building_ID": "65d88662db333f894570bad3", "id": "a7c51f3-86c0-57c4-8e6-dcdea35fbc7", "type": "Feature", "geometry": {"coordinates": [[[77.1117013789, 28.7167930778], [77.1117088527, 28.716788127], [77.1117163794, 28.7167968665], [77.1117089056, 28.7168018173], [77.1117013789, 28.7167930778]]], "type": "Polygon"}, "properties": {"name": "undefined", "buildingName": "RGCI", "nodeId": "a7c51f3-86c0-57c4-8e6-dcdea35fbc7", "polygonType": "Cubicle", "type": "Restricted Area", "walkableType": "non-walkable", "visibilityType": "visible", "directionType": "bidirectional", "tactileAvailibity": "not available", "global": false, "floor": 0}}, {"building_ID": "65d88662db333f894570bad3", "id": "7fcbf4-8b0b-6e52-0871-aec4ce726d", "type": "Feature", "geometry": {"coordinates": [[[77.1110274194, 28.716251298], [77.111079736, 28.7162166427], [77.1111493579, 28.716297483], [77.1111119889, 28.7163222368], [77.1111157523, 28.7163266065], [77.1111581038, 28.7162985522], [77.1110809551, 28.7162089725], [77.111023656, 28.7162469283], [77.1110274194, 28.716251298]]], "type": "Polygon"}, "properties": {"name": "undefined", "buildingName": "RGCI", "nodeId": "7fcbf4-8b0b-6e52-0871-aec4ce726d", "polygonType": "Cubicle", "type": "Wall-0.8", "walkableType": "non-walkable", "visibilityType": "visible", "directionType": "bidirectional", "tactileAvailibity": "not available", "global": false, "floor": 0}}, {"building_ID": "65d88662db333f894570bad3", "id": "c8b240-e05-41-f64b-6856dd4aa450", "type": "Feature", "geometry": {"coordinates": [[[77.1109578226, 28.7163385758], [77.1109540593, 28.7163342061], [77.1109714981, 28.7163226543], [77.1109752615, 28.7163270241], [77.1109578226, 28.7163385758]]], "type": "Polygon"}, "properties": {"name": "undefined", "buildingName": "RGCI", "nodeId": "c8b240-e05-41-f64b-6856dd4aa450", "polygonType": "Cubicle", "type": "Wall-2.4", "walkableType": "non-walkable", "visibilityType": "visible", "directionType": "bidirectional", "tactileAvailibity": "not available", "global": false, "floor": 0}}, {"building_ID": "65d88662db333f894570bad3", "id": "accc8be-3205-c8a2-f6a-88478d320a8", "type": "Feature", "geometry": {"coordinates": [[[77.1110016049, 28.7163576123], [77.1109841661, 28.716369164], [77.1109879294, 28.7163735338], [77.1110053683, 28.716361982], [77.1110016049, 28.7163576123]]], "type": "Polygon"}, "properties": {"name": "undefined", "buildingName": "RGCI", "nodeId": "accc8be-3205-c8a2-f6a-88478d320a8", "polygonType": "Cubicle", "type": "Wall", "walkableType": "walkable", "visibilityType": "visible", "directionType": "bidirectional", "tactileAvailibity": "not available", "fillColor": "undefined", "height": "1", "global": false, "floor": 0}}, {"building_ID": "65d88662db333f894570bad3", "id": "53f7d4-b20b-67f1-3f28-3158271e148", "type": "Feature", "geometry": {"coordinates": [[[77.1109804027, 28.7163647943], [77.1109978416, 28.7163532425], [77.1110016049, 28.7163576123], [77.1109841661, 28.716369164], [77.1109804027, 28.7163647943]]], "type": "Polygon"}, "properties": {"name": "undefined", "buildingName": "RGCI", "nodeId": "53f7d4-b20b-67f1-3f28-3158271e148", "polygonType": "Cubicle", "type": "Wall-1.2", "walkableType": "non-walkable", "visibilityType": "visible", "directionType": "bidirectional", "tactileAvailibity": "not available", "global": false, "floor": 0}}, {"building_ID": "65d88662db333f894570bad3", "id": "643d7d4-c564-2b3c-381f-defa06d17a06", "type": "Feature", "geometry": {"coordinates": [[[77.110972876, 28.7163560548], [77.1109903149, 28.716344503], [77.1109940782, 28.7163488728], [77.1109766394, 28.7163604246], [77.110972876, 28.7163560548]]], "type": "Polygon"}, "properties": {"name": "undefined", "buildingName": "RGCI", "nodeId": "643d7d4-c564-2b3c-381f-defa06d17a06", "polygonType": "Cubicle", "type": "Wall-1.6", "walkableType": "non-walkable", "visibilityType": "visible", "directionType": "bidirectional", "tactileAvailibity": "not available", "global": false, "floor": 0}}, {"building_ID": "65d88662db333f894570bad3", "id": "7a4cd51-e3f-5de2-df20-63f72ed572c6", "type": "Feature", "geometry": {"coordinates": [[[77.1109792893, 28.716399845], [77.110975526, 28.7163954753], [77.1109904736, 28.7163855738], [77.1109942369, 28.7163899435], [77.1109792893, 28.716399845]]], "type": "Polygon"}, "properties": {"name": "undefined", "buildingName": "RGCI", "nodeId": "7a4cd51-e3f-5de2-df20-63f72ed572c6", "polygonType": "Cubicle", "type": "Wall-0.4", "walkableType": "non-walkable", "visibilityType": "visible", "directionType": "bidirectional", "tactileAvailibity": "not available", "fillColor": "undefined", "height": "0.2", "global": false, "floor": 0}}, {"building_ID": "65d88662db333f894570bad3", "id": "f3c7e47-6d1-ffcc-abbf-5435a2dda018", "type": "Feature", "geometry": {"coordinates": [[[77.1109341291, 28.7163474081], [77.1109490767, 28.7163375066], [77.1109453134, 28.7163331369], [77.1109303658, 28.7163430384], [77.1109341291, 28.7163474081]]], "type": "Polygon"}, "properties": {"name": "undefined", "buildingName": "RGCI", "nodeId": "f3c7e47-6d1-ffcc-abbf-5435a2dda018", "polygonType": "Cubicle", "type": "Wall-2.6", "walkableType": "non-walkable", "visibilityType": "visible", "directionType": "bidirectional", "tactileAvailibity": "not available", "global": false, "floor": 0}}, {"building_ID": "65d88662db333f894570bad3", "id": "6f82804-3ffa-2d44-166-8e3415e46", "type": "Feature", "geometry": {"coordinates": [[[77.1109604726, 28.7163779963], [77.1109754202, 28.7163680948], [77.1109791835, 28.7163724646], [77.1109642359, 28.7163823661], [77.1109604726, 28.7163779963]]], "type": "Polygon"}, "properties": {"name": "undefined", "buildingName": "RGCI", "nodeId": "6f82804-3ffa-2d44-166-8e3415e46", "polygonType": "Cubicle", "type": "Wall-1.2", "walkableType": "non-walkable", "visibilityType": "visible", "directionType": "bidirectional", "tactileAvailibity": "not available", "global": false, "floor": 0}}, {"building_ID": "65d88662db333f894570bad3", "id": "3771f2-2dd3-fd4-d0a7-3b4b64d3bfb8", "type": "Feature", "geometry": {"coordinates": [[[77.1109766394, 28.7163604246], [77.1109940782, 28.7163488728], [77.1109978416, 28.7163532425], [77.1109804027, 28.7163647943], [77.1109766394, 28.7163604246]]], "type": "Polygon"}, "properties": {"name": "undefined", "buildingName": "RGCI", "nodeId": "3771f2-2dd3-fd4-d0a7-3b4b64d3bfb8", "polygonType": "Cubicle", "type": "Wall-1.4", "walkableType": "non-walkable", "visibilityType": "visible", "directionType": "bidirectional", "tactileAvailibity": "not available", "global": false, "floor": 0}}, {"building_ID": "65d88662db333f894570bad3", "id": "18e0013-2ad-aa71-02c1-2d6a40c663c", "type": "Feature", "geometry": {"coordinates": [[[77.1109691127, 28.7163516851], [77.1109865515, 28.7163401333], [77.1109903149, 28.716344503], [77.110972876, 28.7163560548], [77.1109691127, 28.7163516851]]], "type": "Polygon"}, "properties": {"name": "undefined", "buildingName": "RGCI", "nodeId": "18e0013-2ad-aa71-02c1-2d6a40c663c", "polygonType": "Cubicle", "type": "Wall-1.8", "walkableType": "non-walkable", "visibilityType": "visible", "directionType": "bidirectional", "tactileAvailibity": "not available", "global": false, "floor": 0}}, {"building_ID": "65d88662db333f894570bad3", "id": "f0c335-c3b-e2eb-bcd5-4aefbf5168", "type": "Feature", "geometry": {"coordinates": [[[77.1109653493, 28.7163473153], [77.1109827882, 28.7163357636], [77.1109865515, 28.7163401333], [77.1109691127, 28.7163516851], [77.1109653493, 28.7163473153]]], "type": "Polygon"}, "properties": {"name": "undefined", "buildingName": "RGCI", "nodeId": "f0c335-c3b-e2eb-bcd5-4aefbf5168", "polygonType": "Cubicle", "type": "Wall-2", "walkableType": "non-walkable", "visibilityType": "visible", "directionType": "bidirectional", "tactileAvailibity": "not available", "global": false, "floor": 0}}, {"building_ID": "65d88662db333f894570bad3", "id": "37f8cbc-3b18-db41-8dbd-82b1fc58841", "type": "Feature", "geometry": {"coordinates": [[[77.110961586, 28.7163429456], [77.1109790248, 28.7163313938], [77.1109827882, 28.7163357636], [77.1109653493, 28.7163473153], [77.110961586, 28.7163429456]]], "type": "Polygon"}, "properties": {"name": "undefined", "buildingName": "RGCI", "nodeId": "37f8cbc-3b18-db41-8dbd-82b1fc58841", "polygonType": "Cubicle", "type": "Wall-2.2", "walkableType": "non-walkable", "visibilityType": "visible", "directionType": "bidirectional", "tactileAvailibity": "not available", "global": false, "floor": 0}}, {"building_ID": "65d88662db333f894570bad3", "id": "73a121d-53c3-4526-d780-18152ee023", "type": "Feature", "geometry": {"coordinates": [[[77.1109303658, 28.7163430384], [77.1109453134, 28.7163331369], [77.11094155, 28.7163287671], [77.1109266024, 28.7163386686], [77.1109303658, 28.7163430384]]], "type": "Polygon"}, "properties": {"name": "undefined", "buildingName": "RGCI", "nodeId": "73a121d-53c3-4526-d780-18152ee023", "polygonType": "Cubicle", "type": "Wall-2.8", "walkableType": "non-walkable", "visibilityType": "visible", "directionType": "bidirectional", "tactileAvailibity": "not available", "global": false, "floor": 0}}, {"building_ID": "65d88662db333f894570bad3", "id": "3a15b84-2b8-45c-d3d5-b5faacd764", "type": "Feature", "geometry": {"coordinates": [[[77.1110469515, 28.7162966921], [77.1110569166, 28.7162900911], [77.111066325, 28.7163010155], [77.1110563599, 28.7163076165], [77.1110469515, 28.7162966921]]], "type": "Polygon"}, "properties": {"name": "undefined", "buildingName": "RGCI", "nodeId": "3a15b84-2b8-45c-d3d5-b5faacd764", "polygonType": "Cubicle", "type": "Wall-0.8", "walkableType": "non-walkable", "visibilityType": "visible", "directionType": "bidirectional", "tactileAvailibity": "not available", "global": false, "floor": 0}}, {"building_ID": "65d88662db333f894570bad3", "id": "5b5ffa3-1bae-8a40-ae52-588ecb6e574f", "type": "Feature", "geometry": {"coordinates": [[[77.1110908396, 28.716343109], [77.1110410143, 28.7163761141], [77.1109638656, 28.7162865343], [77.111013691, 28.7162535293], [77.111024981, 28.7162666385], [77.1109925945, 28.7162880918], [77.1110471631, 28.7163514531], [77.1110795496, 28.7163299998], [77.1110908396, 28.716343109]]], "type": "Polygon"}, "properties": {"name": "undefined", "buildingName": "RGCI", "nodeId": "5b5ffa3-1bae-8a40-ae52-588ecb6e574f", "polygonType": "Cubicle", "type": "Wall-0.5", "walkableType": "non-walkable", "visibilityType": "visible", "directionType": "bidirectional", "tactileAvailibity": "not available", "global": false, "floor": 0}}, {"building_ID": "65d88662db333f894570bad3", "id": "240387-a0d4-60bf-d7c8-538f2c54701", "type": "Feature", "geometry": {"coordinates": [[[77.111023656, 28.7162469283], [77.1110809551, 28.7162089725], [77.1111581038, 28.7162985522], [77.1111157523, 28.7163266065], [77.1111044622, 28.7163134973], [77.1111293749, 28.7162969948], [77.111076688, 28.7162358183], [77.1110748063, 28.7162336335], [77.1110349461, 28.7162600375], [77.111023656, 28.7162469283]]], "type": "Polygon"}, "properties": {"name": "undefined", "buildingName": "RGCI", "nodeId": "240387-a0d4-60bf-d7c8-538f2c54701", "polygonType": "Cubicle", "type": "Wall-0.5", "walkableType": "non-walkable", "visibilityType": "visible", "directionType": "bidirectional", "tactileAvailibity": "not available", "global": false, "floor": 0}}, {"building_ID": "65d88662db333f894570bad3", "id": "7de6b45-7258-0616-8474-233a776fd6", "type": "Feature", "geometry": {"coordinates": [[[77.1109131385, 28.7164093511], [77.1109338369, 28.7164333847], [77.1108914854, 28.716461439], [77.1108896037, 28.7164592541], [77.110929464, 28.7164328501], [77.1109106473, 28.7164110014], [77.1109131385, 28.7164093511]]], "type": "Polygon"}, "properties": {"name": "undefined", "buildingName": "RGCI", "nodeId": "7de6b45-7258-0616-8474-233a776fd6", "polygonType": "Cubicle", "type": "Wall", "walkableType": "non-walkable", "visibilityType": "visible", "directionType": "bidirectional", "tactileAvailibity": "not available", "global": false, "floor": 0}}, {"building_ID": "65d88662db333f894570bad3", "id": "074b7e3-6f48-ac2-4242-f80ea578682", "type": "Feature", "geometry": {"coordinates": [[[77.1116520044, 28.716781177], [77.1116420394, 28.716787778], [77.1116307493, 28.7167746687], [77.1116407144, 28.7167680677], [77.1116520044, 28.716781177]]], "type": "Polygon"}, "properties": {"name": "EWS OPD 2", "buildingName": "RGCI", "nodeId": "074b7e3-6f48-ac2-4242-f80ea578682", "polygonType": "Room", "type": "Room", "walkableType": "non-walkable", "visibilityType": "visible", "directionType": "bidirectional", "tactileAvailibity": "not available", "fillColor": "undefined", "height": "undefined", "global": false, "floor": 0}}, {"building_ID": "65d88662db333f894570bad3", "id": "4da2460-c1fc-760-7f1e-2a57ceea7ba", "type": "Feature", "geometry": {"coordinates": [[[77.1116637454, 28.7167493803], [77.1116836755, 28.7167361783], [77.1116817938, 28.7167339934], [77.1116618637, 28.7167471955], [77.1116637454, 28.7167493803]]], "type": "Polygon"}, "properties": {"name": "undefined", "buildingName": "RGCI", "nodeId": "4da2460-c1fc-760-7f1e-2a57ceea7ba", "polygonType": "Cubicle", "type": "Wall", "walkableType": "non-walkable", "visibilityType": "visible", "directionType": "bidirectional", "tactileAvailibity": "not available", "global": false, "floor": 0}}, {"building_ID": "65d88662db333f894570bad3", "id": "3b063d2-e54-51a7-d48a-542a471304c1", "type": "Feature", "geometry": {"coordinates": [[77.1109607371, 28.7164464476], [77.1109061685, 28.7163830863], [77.1109061685, 28.7163830863]], "type": "LineString"}, "properties": {"nodeId": "3b063d2-e54-51a7-d48a-542a471304c1", "buildingName": "RGCI", "polygonType": "Waypoints", "walkableType": "walkable", "visibilityType": "visible", "directionType": "bidirectional", "tactileAvailibity": "not available", "global": false, "name": "undefined", "floor": 0}}, {"building_ID": "65d88662db333f894570bad3", "id": "4bdc52c-1ae0-306d-442f-1f3084e6c020", "type": "Feature", "geometry": {"coordinates": [[[77.1116101567, 28.7167780156], [77.1116270918, 28.7167976795], [77.1116420394, 28.716787778], [77.1116307493, 28.7167746687], [77.1116357319, 28.7167713682], [77.1116300868, 28.7167648136], [77.1116101567, 28.7167780156]]], "type": "Polygon"}, "properties": {"name": "Emergency Area", "buildingName": "RGCI", "nodeId": "4bdc52c-1ae0-306d-442f-1f3084e6c020", "polygonType": "Room", "type": "Room", "walkableType": "non-walkable", "visibilityType": "visible", "directionType": "bidirectional", "tactileAvailibity": "not available", "fillColor": "undefined", "height": "undefined", "global": false, "floor": 0}}, {"building_ID": "65d88662db333f894570bad3", "id": "08f3134-046f-2af1-a75-3cbfeaab77bd", "type": "Feature", "geometry": {"coordinates": [[[77.1114774848, 28.7167011961], [77.1115000649, 28.7167274146], [77.1115224863, 28.7167125623], [77.1114999062, 28.7166863438], [77.1114774848, 28.7167011961]]], "type": "Polygon"}, "properties": {"name": "LINAC 1 to 3 Waiting Area", "buildingName": "RGCI", "nodeId": "08f3134-046f-2af1-a75-3cbfeaab77bd", "polygonType": "Room", "type": "Room", "walkableType": "non-walkable", "visibilityType": "visible", "directionType": "bidirectional", "tactileAvailibity": "not available", "global": false, "floor": 0}}, {"building_ID": "65d88662db333f894570bad3", "id": "4ddced-5ba2-ba7-aa4c-bffe2fcb87", "type": "Feature", "geometry": {"coordinates": [[77.1111192487, 28.7165850709], [77.1111305387, 28.7165981802], [77.1111305387, 28.7165981802]], "type": "LineString"}, "properties": {"nodeId": "4ddced-5ba2-ba7-aa4c-bffe2fcb87", "buildingName": "RGCI", "polygonType": "Waypoints", "walkableType": "walkable", "visibilityType": "visible", "directionType": "bidirectional", "tactileAvailibity": "not available", "global": false, "name": "undefined", "floor": 0}}, {"building_ID": "65d88662db333f894570bad3", "id": "b154bfc-0021-426f-b211-7a156f4c575b", "type": "Feature", "geometry": {"coordinates": [[[77.1114034622, 28.716774249], [77.1114184098, 28.7167643475], [77.1114541616, 28.7168058601], [77.111439214, 28.7168157616], [77.1114034622, 28.716774249]]], "type": "Polygon"}, "properties": {"name": "Radiology Reception", "buildingName": "RGCI", "nodeId": "b154bfc-0021-426f-b211-7a156f4c575b", "polygonType": "Room", "type": "Room", "walkableType": "non-walkable", "visibilityType": "visible", "directionType": "bidirectional", "tactileAvailibity": "not available", "fillColor": "undefined", "height": "undefined", "global": false, "floor": 0}}, {"building_ID": "65d88662db333f894570bad3", "id": "5d7202c-5454-758d-6c71-a6bedae52c0b", "type": "Feature", "geometry": {"coordinates": [[[77.1114357152, 28.7168798431], [77.1114830492, 28.7168484883], [77.1115037476, 28.7168725219], [77.1114564136, 28.7169038767], [77.1114357152, 28.7168798431]]], "type": "Polygon"}, "properties": {"name": "Female Washroom-3", "buildingName": "RGCI", "nodeId": "5d7202c-5454-758d-6c71-a6bedae52c0b", "polygonType": "Cubicle", "type": "Female Washroom", "walkableType": "non-walkable", "visibilityType": "visible", "directionType": "bidirectional", "tactileAvailibity": "not available", "fillColor": "undefined", "height": "undefined", "global": false, "floor": 0}}, {"building_ID": "65d88662db333f894570bad3", "id": "0d811cb-c835-dfb0-5588-0434e75ab876", "type": "Feature", "geometry": {"coordinates": [[[77.1110206357, 28.7161116761], [77.1110031969, 28.7161232278], [77.1109956702, 28.7161144883], [77.111013109, 28.7161029366], [77.1110206357, 28.7161116761]]], "type": "Polygon"}, "properties": {"name": "undefined", "buildingName": "RGCI", "nodeId": "0d811cb-c835-dfb0-5588-0434e75ab876", "polygonType": "Cubicle", "type": "Restricted Area", "walkableType": "non-walkable", "visibilityType": "visible", "directionType": "bidirectional", "tactileAvailibity": "not available", "global": false, "floor": 0}}, {"building_ID": "65d88662db333f894570bad3", "id": "7f414a3-1671-2b03-e161-ad51c5f2ca4", "type": "Feature", "geometry": {"coordinates": [[[77.1109355851, 28.7165626169], [77.1109754454, 28.7165362129], [77.1109904988, 28.7165536919], [77.1109506385, 28.7165800959], [77.1109355851, 28.7165626169]]], "type": "Polygon"}, "properties": {"name": "undefined", "buildingName": "RGCI", "nodeId": "7f414a3-1671-2b03-e161-ad51c5f2ca4", "polygonType": "Cubicle", "type": "Open to sky", "walkableType": "non-walkable", "visibilityType": "visible", "directionType": "bidirectional", "tactileAvailibity": "not available", "global": false, "floor": 0}}, {"building_ID": "65d88662db333f894570bad3", "id": "80d0ce4-7bec-0174-a5da-48d8622ed02a", "type": "Feature", "geometry": {"coordinates": [[[77.111235386, 28.7162610846], [77.1112528248, 28.7162495329], [77.1112302447, 28.7162233144], [77.1112128059, 28.7162348662], [77.111235386, 28.7162610846]]], "type": "Polygon"}, "properties": {"name": "3073 - Dressing Room", "buildingName": "RGCI", "nodeId": "80d0ce4-7bec-0174-a5da-48d8622ed02a", "polygonType": "Room", "type": "Room", "walkableType": "non-walkable", "visibilityType": "visible", "directionType": "bidirectional", "tactileAvailibity": "not available", "fillColor": "undefined", "height": "undefined", "global": false, "floor": 0}}, {"building_ID": "65d88662db333f894570bad3", "id": "0df5a56-54-bae-85f1-d805ea8d3b8", "type": "Feature", "geometry": {"coordinates": [[[77.1116372684, 28.7168458395], [77.1116711386, 28.7168851672], [77.1116312783, 28.7169115712], [77.1116293967, 28.7169093863], [77.1116667657, 28.7168846325], [77.1116347772, 28.7168474897], [77.1116372684, 28.7168458395]]], "type": "Polygon"}, "properties": {"name": "undefined", "buildingName": "RGCI", "nodeId": "0df5a56-54-bae-85f1-d805ea8d3b8", "polygonType": "Cubicle", "type": "Wall", "walkableType": "non-walkable", "visibilityType": "visible", "directionType": "bidirectional", "tactileAvailibity": "not available", "fillColor": "undefined", "height": "undefined", "global": false, "floor": 0}}, {"building_ID": "65d88662db333f894570bad3", "id": "a1f3064-53e2-1fb1-c73b-06c6acc7e8fa", "type": "Feature", "geometry": {"coordinates": [[[77.1107579394, 28.7163200033], [77.110735518, 28.7163348556], [77.1107693882, 28.7163741833], [77.110776862, 28.7163692326], [77.1107749803, 28.7163670477], [77.1107699977, 28.7163703482], [77.1107398909, 28.7163353902], [77.1107598211, 28.7163221882], [77.1107579394, 28.7163200033]]], "type": "Polygon"}, "properties": {"name": "undefined", "buildingName": "RGCI", "nodeId": "a1f3064-53e2-1fb1-c73b-06c6acc7e8fa", "polygonType": "Cubicle", "type": "Wall", "walkableType": "non-walkable", "visibilityType": "visible", "directionType": "bidirectional", "tactileAvailibity": "not available", "fillColor": "undefined", "height": "undefined", "global": false, "floor": 0}}, {"building_ID": "65d88662db333f894570bad3", "id": "73fd7eb-bdd-7a44-57fe-4803f58674e", "type": "Feature", "geometry": {"coordinates": [[[77.1112128059, 28.7162348662], [77.1112033975, 28.7162239418], [77.1111934324, 28.7162305428], [77.1112028408, 28.7162414672], [77.1112128059, 28.7162348662]]], "type": "Polygon"}, "properties": {"name": "Pediatric OPD Reception ", "buildingName": "RGCI", "nodeId": "73fd7eb-bdd-7a44-57fe-4803f58674e", "polygonType": "Room", "type": "Room", "walkableType": "non-walkable", "visibilityType": "visible", "directionType": "bidirectional", "tactileAvailibity": "not available", "fillColor": "undefined", "height": "undefined", "global": false, "floor": 0}}, {"building_ID": "65d88662db333f894570bad3", "id": "2c40bc-425-c622-ec8b-5b6b58020e6", "type": "Feature", "geometry": {"coordinates": [[[77.1108715553, 28.716474641], [77.1108914854, 28.716461439], [77.1109215922, 28.716496397], [77.1109016621, 28.716509599], [77.1108715553, 28.716474641]]], "type": "Polygon"}, "properties": {"name": "Cash Counter", "buildingName": "RGCI", "nodeId": "2c40bc-425-c622-ec8b-5b6b58020e6", "polygonType": "Room", "type": "Room", "walkableType": "non-walkable", "visibilityType": "visible", "directionType": "bidirectional", "tactileAvailibity": "not available", "fillColor": "undefined", "height": "undefined", "global": false, "floor": 0}}, {"building_ID": "65d88662db333f894570bad3", "id": "a73504-a21a-1a64-cf6-44da82cbfc7", "type": "Feature", "geometry": {"coordinates": [[77.1116969001, 28.7167651627], [77.1116837284, 28.7167498686], [77.1116837284, 28.7167498686]], "type": "LineString"}, "properties": {"nodeId": "a73504-a21a-1a64-cf6-44da82cbfc7", "buildingName": "RGCI", "polygonType": "Waypoints", "walkableType": "walkable", "visibilityType": "visible", "directionType": "bidirectional", "tactileAvailibity": "not available", "global": false, "name": "undefined", "floor": 0}}, {"building_ID": "65d88662db333f894570bad3", "id": "70caf3-63c4-ae7-d5f2-8f834bc14ad4", "type": "Feature", "geometry": {"coordinates": [[[77.1111774773, 28.7163028756], [77.1110833935, 28.716193632], [77.1109413913, 28.7162876964], [77.1110335934, 28.7163947551], [77.1110360847, 28.7163931048], [77.1109457643, 28.716288231], [77.1110827839, 28.7161974671], [77.111174986, 28.7163045258], [77.1111774773, 28.7163028756]]], "type": "Polygon"}, "properties": {"name": "undefined", "buildingName": "RGCI", "nodeId": "70caf3-63c4-ae7-d5f2-8f834bc14ad4", "polygonType": "Cubicle", "type": "Wall", "walkableType": "non-walkable", "visibilityType": "visible", "directionType": "bidirectional", "tactileAvailibity": "not available", "fillColor": "undefined", "height": "undefined", "global": false, "floor": 0}}, {"building_ID": "65d88662db333f894570bad3", "id": "0e3ac0-4fa7-57-2aa2-302873dfecfa", "type": "Feature", "geometry": {"coordinates": [[[77.1109106473, 28.7164110014], [77.1108974755, 28.7163957073], [77.1108999668, 28.716394057], [77.1109131385, 28.7164093511], [77.1109106473, 28.7164110014]]], "type": "Polygon"}, "properties": {"name": "undefined", "buildingName": "RGCI", "nodeId": "0e3ac0-4fa7-57-2aa2-302873dfecfa", "polygonType": "Cubicle", "type": "Wall", "walkableType": "non-walkable", "visibilityType": "visible", "directionType": "bidirectional", "tactileAvailibity": "not available", "fillColor": "undefined", "height": "undefined", "global": false, "floor": 0}}, {"building_ID": "65d88662db333f894570bad3", "id": "401575-dfba-2ef8-d88d-d8f82e5c15e", "type": "Feature", "geometry": {"coordinates": [[[77.1114226769, 28.7167375016], [77.1114600459, 28.7167127479], [77.111482626, 28.7167389663], [77.111445257, 28.7167637201], [77.1114226769, 28.7167375016]]], "type": "Polygon"}, "properties": {"name": "Linac Waiting Area ", "buildingName": "RGCI", "nodeId": "401575-dfba-2ef8-d88d-d8f82e5c15e", "polygonType": "Cubicle", "type": "Sitting Area | Reception", "walkableType": "non-walkable", "visibilityType": "visible", "directionType": "bidirectional", "tactileAvailibity": "not available", "fillColor": "undefined", "height": "undefined", "global": false, "floor": 0}}, {"building_ID": "65d88662db333f894570bad3", "id": "4fffe-8058-f33-6646-d8f0823b4c7", "type": "Feature", "geometry": {"coordinates": [[[77.1111665071, 28.7160493619], [77.1111914197, 28.7160328594], [77.1112121182, 28.716056893], [77.1111872055, 28.7160733955], [77.1111665071, 28.7160493619]]], "type": "Polygon"}, "properties": {"name": "3070 - Sample Collection", "buildingName": "RGCI", "nodeId": "4fffe-8058-f33-6646-d8f0823b4c7", "polygonType": "Room", "type": "Room", "walkableType": "non-walkable", "visibilityType": "visible", "directionType": "bidirectional", "tactileAvailibity": "not available", "fillColor": "undefined", "height": "undefined", "global": false, "floor": 0}}, {"building_ID": "65d88662db333f894570bad3", "id": "711421d-ee20-37fc-622-c56106da46f", "type": "Feature", "geometry": {"coordinates": [[77.1108162461, 28.7162196163], [77.1111127068, 28.7160232362], [77.1111127068, 28.7160232362]], "type": "LineString"}, "properties": {"nodeId": "711421d-ee20-37fc-622-c56106da46f", "buildingName": "RGCI", "polygonType": "Waypoints", "walkableType": "walkable", "visibilityType": "visible", "directionType": "bidirectional", "tactileAvailibity": "not available", "global": false, "name": "undefined", "floor": 0}}, {"building_ID": "65d88662db333f894570bad3", "id": "fdb7ea-62a-0367-000-2bacd68bb38", "type": "Feature", "geometry": {"coordinates": [[[77.1112481573, 28.7166575208], [77.1112086421, 28.7166116384], [77.1113157665, 28.7165406776], [77.1113684534, 28.716601854], [77.1112887329, 28.7166546621], [77.1112755612, 28.716639368], [77.1112481573, 28.7166575208]]], "type": "Polygon"}, "properties": {"name": "Visitor Cafeteria", "buildingName": "RGCI", "nodeId": "fdb7ea-62a-0367-000-2bacd68bb38", "polygonType": "Room", "type": "Room", "walkableType": "non-walkable", "visibilityType": "visible", "directionType": "bidirectional", "tactileAvailibity": "not available", "fillColor": "undefined", "height": "undefined", "global": false, "floor": 0}}, {"building_ID": "65d88662db333f894570bad3", "id": "101ed62-a65b-c50a-fd06-8af236c2d3", "type": "Feature", "geometry": {"coordinates": [[77.1109488122, 28.7162690554], [77.1109431672, 28.7162625008], [77.1109431672, 28.7162625008]], "type": "LineString"}, "properties": {"nodeId": "101ed62-a65b-c50a-fd06-8af236c2d3", "buildingName": "RGCI", "polygonType": "Waypoints", "walkableType": "walkable", "visibilityType": "visible", "directionType": "bidirectional", "tactileAvailibity": "not available", "global": false, "name": "undefined", "floor": 0}}, {"building_ID": "65d88662db333f894570bad3", "id": "4a63b5-ed43-a5c-2b60-21fb00e04644", "type": "Feature", "geometry": {"coordinates": [[77.1111933795, 28.7162168526], [77.1111990246, 28.7162234072], [77.1111990246, 28.7162234072]], "type": "LineString"}, "properties": {"nodeId": "4a63b5-ed43-a5c-2b60-21fb00e04644", "buildingName": "RGCI", "polygonType": "Waypoints", "walkableType": "walkable", "visibilityType": "visible", "directionType": "bidirectional", "tactileAvailibity": "not available", "global": false, "name": "undefined", "floor": 0}}, {"building_ID": "65d88662db333f894570bad3", "id": "f043148-da0d-5a76-2855-5225b0472a", "type": "Feature", "geometry": {"coordinates": [[[77.1114564136, 28.7169038767], [77.1115037476, 28.7168725219], [77.1115225644, 28.7168943706], [77.1114752303, 28.7169257254], [77.1114564136, 28.7169038767]]], "type": "Polygon"}, "properties": {"name": "Male Washroom-3", "buildingName": "RGCI", "nodeId": "f043148-da0d-5a76-2855-5225b0472a", "polygonType": "Cubicle", "type": "Male Washroom", "walkableType": "non-walkable", "visibilityType": "visible", "directionType": "bidirectional", "tactileAvailibity": "not available", "fillColor": "undefined", "height": "undefined", "global": false, "floor": 0}}, {"building_ID": "65d88662db333f894570bad3", "id": "f03565d-6c52-8644-bf42-ff1b333aa0", "type": "Feature", "geometry": {"coordinates": [[[77.1110332735, 28.7166351595], [77.1110781163, 28.716605455], [77.1110837614, 28.7166120096], [77.1110812701, 28.7166136599], [77.1110775067, 28.7166092901], [77.1110351552, 28.7166373444], [77.1110332735, 28.7166351595]]], "type": "Polygon"}, "properties": {"name": "undefined", "buildingName": "RGCI", "nodeId": "f03565d-6c52-8644-bf42-ff1b333aa0", "polygonType": "Cubicle", "type": "Wall", "walkableType": "non-walkable", "visibilityType": "visible", "directionType": "bidirectional", "tactileAvailibity": "not available", "fillColor": "undefined", "height": "undefined", "global": false, "floor": 0}}, {"building_ID": "65d88662db333f894570bad3", "id": "c06fb1-17ce-af83-a22-46474404eb", "type": "Feature", "geometry": {"coordinates": [[[77.1111739532, 28.716198839], [77.1111852432, 28.7162119482], [77.111192717, 28.7162069975], [77.111181427, 28.7161938882], [77.1111739532, 28.716198839]]], "type": "Polygon"}, "properties": {"name": "undefined", "buildingName": "RGCI", "nodeId": "c06fb1-17ce-af83-a22-46474404eb", "polygonType": "Cubicle", "type": "Piller", "walkableType": "non-walkable", "visibilityType": "visible", "directionType": "bidirectional", "tactileAvailibity": "not available", "fillColor": "undefined", "height": "undefined", "global": false, "floor": 0}}, {"building_ID": "65d88662db333f894570bad3", "id": "302e51e-ca08-f2d-37f-4cb78a6758", "type": "Feature", "geometry": {"coordinates": [[[77.1111797545, 28.7165690102], [77.1111759911, 28.7165646405], [77.1111685173, 28.7165695913], [77.1111741623, 28.7165761459], [77.1111816361, 28.7165711951], [77.1111797545, 28.7165690102]]], "type": "Polygon"}, "properties": {"name": "undefined", "buildingName": "RGCI", "nodeId": "302e51e-ca08-f2d-37f-4cb78a6758", "polygonType": "Cubicle", "type": "Piller", "walkableType": "non-walkable", "visibilityType": "visible", "directionType": "bidirectional", "tactileAvailibity": "not available", "fillColor": "undefined", "height": "undefined", "global": false, "floor": 0}}, {"building_ID": "65d88662db333f894570bad3", "id": "42330f4-bc53-7083-43d-4362ffeb15", "type": "Feature", "geometry": {"coordinates": [[[77.1114316369, 28.716470786], [77.1113195299, 28.7165450473], [77.1113176482, 28.7165428625], [77.1114297552, 28.7164686011], [77.1114316369, 28.716470786]]], "type": "Polygon"}, "properties": {"name": "undefined", "buildingName": "RGCI", "nodeId": "42330f4-bc53-7083-43d-4362ffeb15", "polygonType": "Cubicle", "type": "Wall", "walkableType": "non-walkable", "visibilityType": "visible", "directionType": "bidirectional", "tactileAvailibity": "not available", "fillColor": "undefined", "height": "0.7", "global": false, "floor": 0}}, {"building_ID": "65d88662db333f894570bad3", "id": "2363145-5d7-3641-11c-8c7540660c1f", "type": "Feature", "geometry": {"coordinates": [[[77.1112697851, 28.7164373148], [77.1112605355, 28.7164674612], [77.1112624171, 28.716469646], [77.1112716668, 28.7164394997], [77.1112697851, 28.7164373148]]], "type": "Polygon"}, "properties": {"name": "undefined", "buildingName": "RGCI", "nodeId": "2363145-5d7-3641-11c-8c7540660c1f", "polygonType": "Cubicle", "type": "Wall", "walkableType": "non-walkable", "visibilityType": "visible", "directionType": "bidirectional", "tactileAvailibity": "not available", "fillColor": "undefined", "height": "0.7", "global": false, "floor": 0}}, {"building_ID": "65d88662db333f894570bad3", "id": "3d48d7-20b4-e4e0-2d4c-306d6303b10", "type": "Feature", "geometry": {"coordinates": [[[77.1112320711, 28.7165343549], [77.1112283077, 28.7165299852], [77.1112357815, 28.7165250344], [77.1112414265, 28.7165315891], [77.1112339527, 28.7165365398], [77.1112320711, 28.7165343549]]], "type": "Polygon"}, "properties": {"name": "undefined", "buildingName": "RGCI", "nodeId": "3d48d7-20b4-e4e0-2d4c-306d6303b10", "polygonType": "Cubicle", "type": "Piller", "walkableType": "non-walkable", "visibilityType": "visible", "directionType": "bidirectional", "tactileAvailibity": "not available", "fillColor": "undefined", "height": "undefined", "global": false, "floor": 0}}, {"building_ID": "65d88662db333f894570bad3", "id": "687484-4bd7-b0da-1045-73fdfae2fbb", "type": "Feature", "geometry": {"coordinates": [[[77.1112605355, 28.7164674612], [77.1112630267, 28.7164658109], [77.111325122, 28.7165379117], [77.1113176482, 28.7165428625], [77.1113157665, 28.7165406776], [77.1113207491, 28.7165373771], [77.1112605355, 28.7164674612]]], "type": "Polygon"}, "properties": {"name": "undefined", "buildingName": "RGCI", "nodeId": "687484-4bd7-b0da-1045-73fdfae2fbb", "polygonType": "Cubicle", "type": "Wall", "walkableType": "non-walkable", "visibilityType": "visible", "directionType": "bidirectional", "tactileAvailibity": "not available", "fillColor": "undefined", "height": "undefined", "global": false, "floor": 0}}, {"building_ID": "65d88662db333f894570bad3", "id": "875756-b5f-3445-2b48-e386bc8145c3", "type": "Feature", "geometry": {"coordinates": [[[77.1114297552, 28.7164686011], [77.1112697851, 28.7164373148], [77.1112605355, 28.7164674612], [77.1113226307, 28.7165395619], [77.1114297552, 28.7164686011]]], "type": "Polygon"}, "properties": {"name": "undefined", "buildingName": "RGCI", "nodeId": "875756-b5f-3445-2b48-e386bc8145c3", "polygonType": "Cubicle", "type": "Wall", "walkableType": "non-walkable", "visibilityType": "visible", "directionType": "bidirectional", "tactileAvailibity": "not available", "fillColor": "undefined", "height": "0.5", "global": false, "floor": 0}}, {"building_ID": "65d88662db333f894570bad3", "id": "dc81672-85c-517a-72a2-0da82fb3a53", "type": "Feature", "geometry": {"coordinates": [[[77.1113638689, 28.7165465584], [77.1113619872, 28.7165443735], [77.1114516728, 28.7164849644], [77.1115570466, 28.7166073173], [77.1115545553, 28.7166089675], [77.1114510632, 28.7164887996], [77.1113638689, 28.7165465584]]], "type": "Polygon"}, "properties": {"name": "undefined", "buildingName": "RGCI", "nodeId": "dc81672-85c-517a-72a2-0da82fb3a53", "polygonType": "Cubicle", "type": "Wall", "walkableType": "non-walkable", "visibilityType": "visible", "directionType": "bidirectional", "tactileAvailibity": "not available", "fillColor": "undefined", "height": "undefined", "global": false, "floor": 0}}, {"building_ID": "65d88662db333f894570bad3", "id": "16bf818-8bc-4854-b35d-72628f5f62", "type": "Feature", "geometry": {"coordinates": [[[77.1114297552, 28.7164686011], [77.1112697851, 28.7164373148], [77.1112716668, 28.7164394997], [77.1114316369, 28.716470786], [77.1114297552, 28.7164686011]]], "type": "Polygon"}, "properties": {"name": "undefined", "buildingName": "RGCI", "nodeId": "16bf818-8bc-4854-b35d-72628f5f62", "polygonType": "Cubicle", "type": "Wall", "walkableType": "non-walkable", "visibilityType": "visible", "directionType": "bidirectional", "tactileAvailibity": "not available", "fillColor": "undefined", "height": "0.7", "global": false, "floor": 0}}, {"building_ID": "65d88662db333f894570bad3", "id": "0c5e1a5-fad0-8ad-8d75-b3eb5d08168", "type": "Feature", "geometry": {"coordinates": [[77.111603955, 28.7167889864], [77.1116114288, 28.7167840356], [77.1116114288, 28.7167840356]], "type": "LineString"}, "properties": {"nodeId": "0c5e1a5-fad0-8ad-8d75-b3eb5d08168", "buildingName": "RGCI", "polygonType": "Waypoints", "walkableType": "walkable", "visibilityType": "visible", "directionType": "bidirectional", "tactileAvailibity": "not available", "global": false, "name": "undefined", "floor": 0}}, {"building_ID": "65d88662db333f894570bad3", "id": "3f7e5b-3ca2-542b-447-e2a1a3bf256", "type": "Feature", "geometry": {"coordinates": [[77.1116470748, 28.7167981677], [77.1116508382, 28.7168025375], [77.1116508382, 28.7168025375]], "type": "LineString"}, "properties": {"nodeId": "3f7e5b-3ca2-542b-447-e2a1a3bf256", "buildingName": "RGCI", "polygonType": "Waypoints", "walkableType": "walkable", "visibilityType": "visible", "directionType": "bidirectional", "tactileAvailibity": "not available", "global": false, "name": "undefined", "floor": 0}}, {"building_ID": "65d88662db333f894570bad3", "id": "6503e1-a74c-f5e7-f477-f7cffe25c3", "type": "Feature", "geometry": {"coordinates": [[77.1116969001, 28.7167651627], [77.1117175986, 28.7167891963], [77.1117175986, 28.7167891963]], "type": "LineString"}, "properties": {"nodeId": "6503e1-a74c-f5e7-f477-f7cffe25c3", "buildingName": "RGCI", "polygonType": "Waypoints", "walkableType": "walkable", "visibilityType": "visible", "directionType": "bidirectional", "tactileAvailibity": "not available", "global": false, "name": "undefined", "floor": 0}}, {"building_ID": "65d88662db333f894570bad3", "id": "a414fd6-f26d-aaf-a83c-c82bb72e4dac", "type": "Feature", "geometry": {"coordinates": [[77.1115625581, 28.7167409192], [77.1115813749, 28.7167627679], [77.1116397068, 28.716830499], [77.111690512, 28.7168894905], [77.1117507256, 28.7169594064], [77.1117507256, 28.7169594064]], "type": "LineString"}, "properties": {"nodeId": "a414fd6-f26d-aaf-a83c-c82bb72e4dac", "buildingName": "RGCI", "polygonType": "Waypoints", "walkableType": "walkable", "visibilityType": "visible", "directionType": "bidirectional", "tactileAvailibity": "not available", "global": false, "name": "undefined", "floor": 0}}, {"building_ID": "65d88662db333f894570bad3", "id": "11abe5b-e36-c5ec-2583-b81221eabc8", "type": "Feature", "geometry": {"coordinates": [[77.1113805874, 28.7171565531], [77.1113980263, 28.7171450013], [77.1113980263, 28.7171450013]], "type": "LineString"}, "properties": {"nodeId": "11abe5b-e36-c5ec-2583-b81221eabc8", "buildingName": "RGCI", "polygonType": "Waypoints", "walkableType": "walkable", "visibilityType": "visible", "directionType": "bidirectional", "tactileAvailibity": "not available", "global": false, "name": "undefined", "floor": 0}}, {"building_ID": "65d88662db333f894570bad3", "id": "518c17-5dae-5ed1-122-1c161755625", "type": "Feature", "geometry": {"coordinates": [[77.110950112, 28.7161206475], [77.110955757, 28.7161272021], [77.110961402, 28.7161337568], [77.110961402, 28.7161337568]], "type": "LineString"}, "properties": {"nodeId": "518c17-5dae-5ed1-122-1c161755625", "buildingName": "RGCI", "polygonType": "Waypoints", "walkableType": "walkable", "visibilityType": "visible", "directionType": "bidirectional", "tactileAvailibity": "not available", "global": false, "name": "undefined", "floor": 0}}, {"building_ID": "65d88662db333f894570bad3", "id": "36d4161-d02b-0110-17e8-d0ea7fd045c5", "type": "Feature", "geometry": {"coordinates": [[77.1110918976, 28.716616914], [77.111066985, 28.7166334165], [77.111066985, 28.7166334165]], "type": "LineString"}, "properties": {"nodeId": "36d4161-d02b-0110-17e8-d0ea7fd045c5", "buildingName": "RGCI", "polygonType": "Waypoints", "walkableType": "walkable", "visibilityType": "visible", "directionType": "bidirectional", "tactileAvailibity": "not available", "global": false, "name": "undefined", "floor": 0}}, {"building_ID": "65d88662db333f894570bad3", "id": "d76e82e-4577-6f0-6d88-c737f7525afa", "type": "Feature", "geometry": {"coordinates": [[77.1108461413, 28.7161998133], [77.1108517863, 28.7162063679], [77.1108517863, 28.7162063679]], "type": "LineString"}, "properties": {"nodeId": "d76e82e-4577-6f0-6d88-c737f7525afa", "buildingName": "RGCI", "polygonType": "Waypoints", "walkableType": "walkable", "visibilityType": "visible", "directionType": "bidirectional", "tactileAvailibity": "not available", "global": false, "name": "undefined", "floor": 0}}, {"building_ID": "65d88662db333f894570bad3", "id": "3e08ba-2563-d66-e158-35d6c374a700", "type": "Feature", "geometry": {"coordinates": [[77.1108386675, 28.716204764], [77.1108330225, 28.7161982094], [77.1108330225, 28.7161982094]], "type": "LineString"}, "properties": {"nodeId": "3e08ba-2563-d66-e158-35d6c374a700", "buildingName": "RGCI", "polygonType": "Waypoints", "walkableType": "walkable", "visibilityType": "visible", "directionType": "bidirectional", "tactileAvailibity": "not available", "global": false, "name": "undefined", "floor": 0}}, {"building_ID": "65d88662db333f894570bad3", "id": "b704b1-3306-651e-3f45-8106bb7a4f7", "type": "Feature", "geometry": {"coordinates": [[77.1109208793, 28.7161503057], [77.1109265243, 28.7161568603], [77.1109265243, 28.7161568603]], "type": "LineString"}, "properties": {"nodeId": "b704b1-3306-651e-3f45-8106bb7a4f7", "buildingName": "RGCI", "polygonType": "Waypoints", "walkableType": "walkable", "visibilityType": "visible", "directionType": "bidirectional", "tactileAvailibity": "not available", "global": false, "name": "undefined", "floor": 0}}, {"building_ID": "65d88662db333f894570bad3", "id": "21c7e8-67b-aae7-576d-fb3b571c25", "type": "Feature", "geometry": {"coordinates": [[77.1110354775, 28.7160743941], [77.1110411226, 28.7160809487], [77.1110411226, 28.7160809487]], "type": "LineString"}, "properties": {"nodeId": "21c7e8-67b-aae7-576d-fb3b571c25", "buildingName": "RGCI", "polygonType": "Waypoints", "walkableType": "walkable", "visibilityType": "visible", "directionType": "bidirectional", "tactileAvailibity": "not available", "global": false, "name": "undefined", "floor": 0}}, {"building_ID": "65d88662db333f894570bad3", "id": "f561b8b-eba-01ab-0a3-b480023d860", "type": "Feature", "geometry": {"coordinates": [[77.1111077243, 28.7160265367], [77.1111735829, 28.7161030073], [77.1111735829, 28.7161030073]], "type": "LineString"}, "properties": {"nodeId": "f561b8b-eba-01ab-0a3-b480023d860", "buildingName": "RGCI", "polygonType": "Waypoints", "walkableType": "walkable", "visibilityType": "visible", "directionType": "bidirectional", "tactileAvailibity": "not available", "global": false, "name": "undefined", "floor": 0}}, {"building_ID": "65d88662db333f894570bad3", "id": "d5ecc8c-ba04-58df-2c72-1ea44561b052", "type": "Feature", "geometry": {"coordinates": [[77.1111227777, 28.7160440157], [77.1111177951, 28.7160473162], [77.1111177951, 28.7160473162]], "type": "LineString"}, "properties": {"nodeId": "d5ecc8c-ba04-58df-2c72-1ea44561b052", "buildingName": "RGCI", "polygonType": "Waypoints", "walkableType": "walkable", "visibilityType": "visible", "directionType": "bidirectional", "tactileAvailibity": "not available", "global": false, "name": "undefined", "floor": 0}}, {"building_ID": "65d88662db333f894570bad3", "id": "8a2b4fa-d3ac-17a0-422-33fb037615a", "type": "Feature", "geometry": {"coordinates": [[77.1110080711, 28.7164150928], [77.1110230187, 28.7164051912], [77.1110230187, 28.7164051912]], "type": "LineString"}, "properties": {"nodeId": "8a2b4fa-d3ac-17a0-422-33fb037615a", "buildingName": "RGCI", "polygonType": "Waypoints", "walkableType": "walkable", "visibilityType": "visible", "directionType": "bidirectional", "tactileAvailibity": "not available", "global": false, "name": "undefined", "floor": 0}}, {"building_ID": "65d88662db333f894570bad3", "id": "b015f3a-6645-788-7ba8-65a22556bcd7", "type": "Feature", "geometry": {"coordinates": [[77.110871054, 28.7161833107], [77.110876699, 28.7161898654], [77.110876699, 28.7161898654]], "type": "LineString"}, "properties": {"nodeId": "b015f3a-6645-788-7ba8-65a22556bcd7", "buildingName": "RGCI", "polygonType": "Waypoints", "walkableType": "walkable", "visibilityType": "visible", "directionType": "bidirectional", "tactileAvailibity": "not available", "global": false, "name": "undefined", "floor": 0}}, {"building_ID": "65d88662db333f894570bad3", "id": "d7e0e2a-cc03-d731-7b1b-cc0c5e82b5", "type": "Feature", "geometry": {"coordinates": [[77.1108984579, 28.716165158], [77.1108928129, 28.7161586033], [77.1108928129, 28.7161586033]], "type": "LineString"}, "properties": {"nodeId": "d7e0e2a-cc03-d731-7b1b-cc0c5e82b5", "buildingName": "RGCI", "polygonType": "Waypoints", "walkableType": "walkable", "visibilityType": "visible", "directionType": "bidirectional", "tactileAvailibity": "not available", "global": false, "name": "undefined", "floor": 0}}, {"building_ID": "65d88662db333f894570bad3", "id": "04de018-f842-d086-b7eb-b1d038c0f16c", "type": "Feature", "geometry": {"coordinates": [[77.1109109142, 28.7161569067], [77.1109165593, 28.7161634613], [77.1109165593, 28.7161634613]], "type": "LineString"}, "properties": {"nodeId": "04de018-f842-d086-b7eb-b1d038c0f16c", "buildingName": "RGCI", "polygonType": "Waypoints", "walkableType": "walkable", "visibilityType": "visible", "directionType": "bidirectional", "tactileAvailibity": "not available", "global": false, "name": "undefined", "floor": 0}}, {"building_ID": "65d88662db333f894570bad3", "id": "a1c31d-38b6-db7-63c7-6e0a5e5a6c", "type": "Feature", "geometry": {"coordinates": [[77.1110155474, 28.7160875961], [77.1110099024, 28.7160810415], [77.1110099024, 28.7160810415]], "type": "LineString"}, "properties": {"nodeId": "a1c31d-38b6-db7-63c7-6e0a5e5a6c", "buildingName": "RGCI", "polygonType": "Waypoints", "walkableType": "walkable", "visibilityType": "visible", "directionType": "bidirectional", "tactileAvailibity": "not available", "global": false, "name": "undefined", "floor": 0}}, {"building_ID": "65d88662db333f894570bad3", "id": "8e58b-615c-eee3-466b-a4b040fe65f0", "type": "Feature", "geometry": {"coordinates": [[77.1110728465, 28.7160496403], [77.1110672015, 28.7160430857], [77.1110672015, 28.7160430857]], "type": "LineString"}, "properties": {"nodeId": "8e58b-615c-eee3-466b-a4b040fe65f0", "buildingName": "RGCI", "polygonType": "Waypoints", "walkableType": "walkable", "visibilityType": "visible", "directionType": "bidirectional", "tactileAvailibity": "not available", "global": false, "name": "undefined", "floor": 0}}, {"building_ID": "65d88662db333f894570bad3", "id": "88dc0b-5765-bcf6-2e01-47c4ad82f521", "type": "Feature", "geometry": {"coordinates": [[77.1110906028, 28.71612023], [77.1110849578, 28.7161136754], [77.1110849578, 28.7161136754]], "type": "LineString"}, "properties": {"nodeId": "88dc0b-5765-bcf6-2e01-47c4ad82f521", "buildingName": "RGCI", "polygonType": "Waypoints", "walkableType": "walkable", "visibilityType": "visible", "directionType": "bidirectional", "tactileAvailibity": "not available", "global": false, "name": "undefined", "floor": 0}}, {"building_ID": "65d88662db333f894570bad3", "id": "bd07753-2f2e-5a65-32c0-8a100c073c58", "type": "Feature", "geometry": {"coordinates": [[77.1111155155, 28.7161037274], [77.1111098704, 28.7160971728], [77.1111098704, 28.7160971728]], "type": "LineString"}, "properties": {"nodeId": "bd07753-2f2e-5a65-32c0-8a100c073c58", "buildingName": "RGCI", "polygonType": "Waypoints", "walkableType": "walkable", "visibilityType": "visible", "directionType": "bidirectional", "tactileAvailibity": "not available", "global": false, "name": "undefined", "floor": 0}}, {"building_ID": "65d88662db333f894570bad3", "id": "3711172-a4a3-4574-37db-882ed61aa", "type": "Feature", "geometry": {"coordinates": [[77.1113107286, 28.7168528338], [77.1113281675, 28.716841282], [77.1113281675, 28.716841282]], "type": "LineString"}, "properties": {"nodeId": "3711172-a4a3-4574-37db-882ed61aa", "buildingName": "RGCI", "polygonType": "Waypoints", "walkableType": "walkable", "visibilityType": "visible", "directionType": "bidirectional", "tactileAvailibity": "not available", "global": false, "name": "undefined", "floor": 0}}, {"building_ID": "65d88662db333f894570bad3", "id": "10cad03-f80b-ebe1-7c1e-58f03b66ca8f", "type": "Feature", "geometry": {"coordinates": [[77.1110955853, 28.7161169295], [77.1111275738, 28.7161540723], [77.1111275738, 28.7161540723]], "type": "LineString"}, "properties": {"nodeId": "10cad03-f80b-ebe1-7c1e-58f03b66ca8f", "buildingName": "RGCI", "polygonType": "Waypoints", "walkableType": "walkable", "visibilityType": "visible", "directionType": "bidirectional", "tactileAvailibity": "not available", "global": false, "name": "undefined", "floor": 0}}, {"building_ID": "65d88662db333f894570bad3", "id": "42fdb-a72b-867f-faf-af46a75d40", "type": "Feature", "geometry": {"coordinates": [[77.1109760046, 28.7161961416], [77.1109722412, 28.7161917719], [77.1109722412, 28.7161917719]], "type": "LineString"}, "properties": {"nodeId": "42fdb-a72b-867f-faf-af46a75d40", "buildingName": "RGCI", "polygonType": "Waypoints", "walkableType": "walkable", "visibilityType": "visible", "directionType": "bidirectional", "tactileAvailibity": "not available", "global": false, "name": "undefined", "floor": 0}}, {"building_ID": "65d88662db333f894570bad3", "id": "b1e4a77-0aa2-e746-667-4f42726465", "type": "Feature", "geometry": {"coordinates": [[77.1111851073, 28.7166615415], [77.111186989, 28.7166637263], [77.111186989, 28.7166637263]], "type": "LineString"}, "properties": {"nodeId": "b1e4a77-0aa2-e746-667-4f42726465", "buildingName": "RGCI", "polygonType": "Waypoints", "walkableType": "walkable", "visibilityType": "visible", "directionType": "bidirectional", "tactileAvailibity": "not available", "global": false, "name": "undefined", "floor": 0}}, {"building_ID": "65d88662db333f894570bad3", "id": "c15785-3c37-6488-a82-d81801ef", "type": "Feature", "geometry": {"coordinates": [[77.1113808544, 28.7169024584], [77.1113908195, 28.7168958574], [77.1114082583, 28.7168843056], [77.1114082583, 28.7168843056]], "type": "LineString"}, "properties": {"nodeId": "c15785-3c37-6488-a82-d81801ef", "buildingName": "RGCI", "polygonType": "Waypoints", "walkableType": "walkable", "visibilityType": "visible", "directionType": "bidirectional", "tactileAvailibity": "not available", "global": false, "name": "undefined", "floor": 0}}, {"building_ID": "65d88662db333f894570bad3", "id": "2cf01ed-3cd5-f8f1-4725-c5a7e2bf2a5", "type": "Feature", "geometry": {"coordinates": [[77.1111397127, 28.7160636796], [77.1111347302, 28.7160669801], [77.1111347302, 28.7160669801]], "type": "LineString"}, "properties": {"nodeId": "2cf01ed-3cd5-f8f1-4725-c5a7e2bf2a5", "buildingName": "RGCI", "polygonType": "Waypoints", "walkableType": "walkable", "visibilityType": "visible", "directionType": "bidirectional", "tactileAvailibity": "not available", "global": false, "name": "undefined", "floor": 0}}, {"building_ID": "65d88662db333f894570bad3", "id": "f4a4c2-3dc6-2cd6-b74-1b1ab278c2e", "type": "Feature", "geometry": {"coordinates": [[77.1111585295, 28.7160855283], [77.1111660033, 28.7160805775], [77.1111660033, 28.7160805775]], "type": "LineString"}, "properties": {"nodeId": "f4a4c2-3dc6-2cd6-b74-1b1ab278c2e", "buildingName": "RGCI", "polygonType": "Waypoints", "walkableType": "walkable", "visibilityType": "visible", "directionType": "bidirectional", "tactileAvailibity": "not available", "global": false, "name": "undefined", "floor": 0}}, {"building_ID": "65d88662db333f894570bad3", "id": "d0373c-8d7d-b265-82ce-227275b7ce0", "type": "Feature", "geometry": {"coordinates": [[77.1111679379, 28.7160964526], [77.1111729204, 28.7160931521], [77.1111729204, 28.7160931521]], "type": "LineString"}, "properties": {"nodeId": "d0373c-8d7d-b265-82ce-227275b7ce0", "buildingName": "RGCI", "polygonType": "Waypoints", "walkableType": "walkable", "visibilityType": "visible", "directionType": "bidirectional", "tactileAvailibity": "not available", "global": false, "name": "undefined", "floor": 0}}, {"building_ID": "65d88662db333f894570bad3", "id": "63227e3-c1be-e3a3-c2fe-50d03377f1", "type": "Feature", "geometry": {"coordinates": [[77.1109781784, 28.7161123499], [77.1110233386, 28.7161647868], [77.1110233386, 28.7161647868]], "type": "LineString"}, "properties": {"nodeId": "63227e3-c1be-e3a3-c2fe-50d03377f1", "buildingName": "RGCI", "polygonType": "Waypoints", "walkableType": "walkable", "visibilityType": "visible", "directionType": "bidirectional", "tactileAvailibity": "not available", "global": false, "name": "undefined", "floor": 0}}, {"building_ID": "65d88662db333f894570bad3", "id": "7381b3b-5d05-1b5c-08a-6c02f06bf2", "type": "Feature", "geometry": {"coordinates": [[77.1110045219, 28.7161429381], [77.1110119957, 28.7161379873], [77.1110119957, 28.7161379873]], "type": "LineString"}, "properties": {"nodeId": "7381b3b-5d05-1b5c-08a-6c02f06bf2", "buildingName": "RGCI", "polygonType": "Waypoints", "walkableType": "walkable", "visibilityType": "visible", "directionType": "bidirectional", "tactileAvailibity": "not available", "global": false, "name": "undefined", "floor": 0}}, {"building_ID": "65d88662db333f894570bad3", "id": "cbfb123-da73-bf8b-1d3b-fc24a2edabb6", "type": "Feature", "geometry": {"coordinates": [[77.1110706727, 28.716133432], [77.1110650277, 28.7161268774], [77.1110650277, 28.7161268774]], "type": "LineString"}, "properties": {"nodeId": "cbfb123-da73-bf8b-1d3b-fc24a2edabb6", "buildingName": "RGCI", "polygonType": "Waypoints", "walkableType": "walkable", "visibilityType": "visible", "directionType": "bidirectional", "tactileAvailibity": "not available", "global": false, "name": "undefined", "floor": 0}}, {"building_ID": "65d88662db333f894570bad3", "id": "de70fd4-5ee7-0bb-e64d-ada43b6eed35", "type": "Feature", "geometry": {"coordinates": [[77.1110080711, 28.7164150928], [77.1109948994, 28.7163997986], [77.1109948994, 28.7163997986]], "type": "LineString"}, "properties": {"nodeId": "de70fd4-5ee7-0bb-e64d-ada43b6eed35", "buildingName": "RGCI", "polygonType": "Waypoints", "walkableType": "walkable", "visibilityType": "visible", "directionType": "bidirectional", "tactileAvailibity": "not available", "global": false, "name": "undefined", "floor": 0}}, {"building_ID": "65d88662db333f894570bad3", "id": "e5ed0da-a8d7-f2c4-320d-71805ccd688", "type": "Feature", "geometry": {"coordinates": [[77.1112482102, 28.716671211], [77.1112425651, 28.7166646564], [77.1112425651, 28.7166646564]], "type": "LineString"}, "properties": {"nodeId": "e5ed0da-a8d7-f2c4-320d-71805ccd688", "buildingName": "RGCI", "polygonType": "Waypoints", "walkableType": "walkable", "visibilityType": "visible", "directionType": "bidirectional", "tactileAvailibity": "not available", "global": false, "name": "undefined", "floor": 0}}, {"building_ID": "65d88662db333f894570bad3", "id": "70ec03-02ed-b3a0-647d-68a7a38f2c", "type": "Feature", "geometry": {"coordinates": [[77.1110350771, 28.7164555361], [77.1110369588, 28.716457721], [77.1110463671, 28.7164686453], [77.1110463671, 28.7164686453]], "type": "LineString"}, "properties": {"nodeId": "70ec03-02ed-b3a0-647d-68a7a38f2c", "buildingName": "RGCI", "polygonType": "Waypoints", "walkableType": "walkable", "visibilityType": "visible", "directionType": "bidirectional", "tactileAvailibity": "not available", "global": false, "name": "undefined", "floor": 0}}, {"building_ID": "65d88662db333f894570bad3", "id": "3584e17-42-3584-aee8-fd21411a2", "type": "Feature", "geometry": {"coordinates": [[77.1113805874, 28.7171565531], [77.1113382359, 28.7171846074], [77.1113382359, 28.7171846074]], "type": "LineString"}, "properties": {"nodeId": "3584e17-42-3584-aee8-fd21411a2", "buildingName": "RGCI", "polygonType": "Waypoints", "walkableType": "walkable", "visibilityType": "visible", "directionType": "bidirectional", "tactileAvailibity": "not available", "global": false, "name": "undefined", "floor": 0}}, {"building_ID": "65d88662db333f894570bad3", "id": "4dd275-766d-2170-13e6-3e7b6643d5a", "type": "Feature", "geometry": {"coordinates": [[77.1114294882, 28.7167226958], [77.1114163165, 28.7167074017], [77.1114163165, 28.7167074017]], "type": "LineString"}, "properties": {"nodeId": "4dd275-766d-2170-13e6-3e7b6643d5a", "buildingName": "RGCI", "polygonType": "Waypoints", "walkableType": "walkable", "visibilityType": "visible", "directionType": "bidirectional", "tactileAvailibity": "not available", "global": false, "name": "undefined", "floor": 0}}, {"building_ID": "65d88662db333f894570bad3", "id": "f6f5a3a-d11-7fc-00a8-876e520c31c", "type": "Feature", "geometry": {"coordinates": [[77.1110607076, 28.716140033], [77.1110926961, 28.7161771758], [77.1110926961, 28.7161771758]], "type": "LineString"}, "properties": {"nodeId": "f6f5a3a-d11-7fc-00a8-876e520c31c", "buildingName": "RGCI", "polygonType": "Waypoints", "walkableType": "walkable", "visibilityType": "visible", "directionType": "bidirectional", "tactileAvailibity": "not available", "global": false, "name": "undefined", "floor": 0}}, {"building_ID": "65d88662db333f894570bad3", "id": "67c30e-78da-2ed0-e6d7-5336537d5fb", "type": "Feature", "geometry": {"coordinates": [[77.1111568594, 28.7161381044], [77.111161842, 28.7161348039], [77.111161842, 28.7161348039]], "type": "LineString"}, "properties": {"nodeId": "67c30e-78da-2ed0-e6d7-5336537d5fb", "buildingName": "RGCI", "polygonType": "Waypoints", "walkableType": "walkable", "visibilityType": "visible", "directionType": "bidirectional", "tactileAvailibity": "not available", "global": false, "name": "undefined", "floor": 0}}, {"building_ID": "65d88662db333f894570bad3", "id": "43d343-54f-1bc-82ae-88d833cfaa3", "type": "Feature", "geometry": {"coordinates": [[77.1108421916, 28.7163088006], [77.1108322265, 28.7163154016], [77.1108322265, 28.7163154016]], "type": "LineString"}, "properties": {"nodeId": "43d343-54f-1bc-82ae-88d833cfaa3", "buildingName": "RGCI", "polygonType": "Waypoints", "walkableType": "walkable", "visibilityType": "visible", "directionType": "bidirectional", "tactileAvailibity": "not available", "global": false, "name": "undefined", "floor": 0}}, {"building_ID": "65d88662db333f894570bad3", "id": "61310af-a11d-1f16-f28d-c2a54d857d5", "type": "Feature", "geometry": {"coordinates": [[77.1110774009, 28.7165819096], [77.1110674359, 28.7165885106], [77.1110674359, 28.7165885106]], "type": "LineString"}, "properties": {"nodeId": "61310af-a11d-1f16-f28d-c2a54d857d5", "buildingName": "RGCI", "polygonType": "Waypoints", "walkableType": "walkable", "visibilityType": "visible", "directionType": "bidirectional", "tactileAvailibity": "not available", "global": false, "name": "undefined", "floor": 0}}, {"building_ID": "65d88662db333f894570bad3", "id": "8512c7-ae6b-5cc5-fddb-0f4074c6bc45", "type": "Feature", "geometry": {"coordinates": [[77.1111601946, 28.716678044], [77.1111851073, 28.7166615415], [77.1112025462, 28.7166499897], [77.1112025462, 28.7166499897]], "type": "LineString"}, "properties": {"nodeId": "8512c7-ae6b-5cc5-fddb-0f4074c6bc45", "buildingName": "RGCI", "polygonType": "Waypoints", "walkableType": "walkable", "visibilityType": "visible", "directionType": "bidirectional", "tactileAvailibity": "not available", "global": false, "name": "undefined", "floor": 0}}, {"building_ID": "65d88662db333f894570bad3", "id": "bd2a886-d5b-4cca-4d5d-422612f6ee", "type": "Feature", "geometry": {"coordinates": [[77.1111246015, 28.7166776022], [77.1111321282, 28.7166863416], [77.1111321282, 28.7166863416]], "type": "LineString"}, "properties": {"nodeId": "bd2a886-d5b-4cca-4d5d-422612f6ee", "buildingName": "RGCI", "polygonType": "Waypoints", "walkableType": "walkable", "visibilityType": "visible", "directionType": "bidirectional", "tactileAvailibity": "not available", "global": false, "name": "undefined", "floor": 0}}, {"building_ID": "65d88662db333f894570bad3", "id": "1be3-3e47-6ca-52d-73f81bb076d0", "type": "Feature", "geometry": {"coordinates": [[77.1112025462, 28.7166499897], [77.1112044278, 28.7166521746], [77.1112044278, 28.7166521746]], "type": "LineString"}, "properties": {"nodeId": "1be3-3e47-6ca-52d-73f81bb076d0", "buildingName": "RGCI", "polygonType": "Waypoints", "walkableType": "walkable", "visibilityType": "visible", "directionType": "bidirectional", "tactileAvailibity": "not available", "global": false, "name": "undefined", "floor": 0}}, {"building_ID": "65d88662db333f894570bad3", "id": "55c6afc-865-881c-1cac-3d76af5dc3a4", "type": "Feature", "geometry": {"coordinates": [[77.1117300549, 28.716780945], [77.1117375816, 28.7167896845], [77.1117545167, 28.7168093483], [77.1117545167, 28.7168093483]], "type": "LineString"}, "properties": {"nodeId": "55c6afc-865-881c-1cac-3d76af5dc3a4", "buildingName": "RGCI", "polygonType": "Waypoints", "walkableType": "walkable", "visibilityType": "visible", "directionType": "bidirectional", "tactileAvailibity": "not available", "global": false, "name": "undefined", "floor": 0}}, {"building_ID": "65d88662db333f894570bad3", "id": "c65e1fd-2480-aa5-aac-38e3e1f18a6", "type": "Feature", "geometry": {"coordinates": [[77.1112108412, 28.7166959648], [77.1112277762, 28.7167156286], [77.1112277762, 28.7167156286]], "type": "LineString"}, "properties": {"nodeId": "c65e1fd-2480-aa5-aac-38e3e1f18a6", "buildingName": "RGCI", "polygonType": "Waypoints", "walkableType": "walkable", "visibilityType": "visible", "directionType": "bidirectional", "tactileAvailibity": "not available", "global": false, "name": "undefined", "floor": 0}}, {"building_ID": "65d88662db333f894570bad3", "id": "a5a0a33-e05a-6a07-42b3-3e50d3eedcc", "type": "Feature", "geometry": {"coordinates": [[77.1112277762, 28.7167156286], [77.111225285, 28.7167172789], [77.111225285, 28.7167172789]], "type": "LineString"}, "properties": {"nodeId": "a5a0a33-e05a-6a07-42b3-3e50d3eedcc", "buildingName": "RGCI", "polygonType": "Waypoints", "walkableType": "walkable", "visibilityType": "visible", "directionType": "bidirectional", "tactileAvailibity": "not available", "global": false, "name": "undefined", "floor": 0}}, {"building_ID": "65d88662db333f894570bad3", "id": "587e5d-66e-dd63-f16-3cc6ace8fb", "type": "Feature", "geometry": {"coordinates": [[77.1117350903, 28.7167913347], [77.1117375816, 28.7167896845], [77.1117400729, 28.7167880342], [77.1117400729, 28.7167880342]], "type": "LineString"}, "properties": {"nodeId": "587e5d-66e-dd63-f16-3cc6ace8fb", "buildingName": "RGCI", "polygonType": "Waypoints", "walkableType": "walkable", "visibilityType": "visible", "directionType": "bidirectional", "tactileAvailibity": "not available", "global": false, "name": "undefined", "floor": 0}}, {"building_ID": "65d88662db333f894570bad3", "id": "ccdd37-cb5a-ed07-3ff6-d8d1aba6a85", "type": "Feature", "geometry": {"coordinates": [[77.1115858788, 28.7169588011], [77.1115952872, 28.7169697255], [77.1115952872, 28.7169697255]], "type": "LineString"}, "properties": {"nodeId": "ccdd37-cb5a-ed07-3ff6-d8d1aba6a85", "buildingName": "RGCI", "polygonType": "Waypoints", "walkableType": "walkable", "visibilityType": "visible", "directionType": "bidirectional", "tactileAvailibity": "not available", "global": false, "name": "undefined", "floor": 0}}, {"building_ID": "65d88662db333f894570bad3", "id": "1f8152-ee64-40d4-1ff5-eb53a13523", "type": "Feature", "geometry": {"coordinates": [[77.1116631081, 28.7169076433], [77.1116668715, 28.716912013], [77.1116668715, 28.716912013]], "type": "LineString"}, "properties": {"nodeId": "1f8152-ee64-40d4-1ff5-eb53a13523", "buildingName": "RGCI", "polygonType": "Waypoints", "walkableType": "walkable", "visibilityType": "visible", "directionType": "bidirectional", "tactileAvailibity": "not available", "global": false, "name": "undefined", "floor": 0}}, {"building_ID": "65d88662db333f894570bad3", "id": "3eb73b2-6663-0403-be3b-274fde1a374a", "type": "Feature", "geometry": {"coordinates": [[77.1114246896, 28.7169351851], [77.1114421285, 28.7169236333], [77.1114421285, 28.7169236333]], "type": "LineString"}, "properties": {"nodeId": "3eb73b2-6663-0403-be3b-274fde1a374a", "buildingName": "RGCI", "polygonType": "Waypoints", "walkableType": "walkable", "visibilityType": "visible", "directionType": "bidirectional", "tactileAvailibity": "not available", "global": false, "name": "undefined", "floor": 0}}, {"building_ID": "65d88662db333f894570bad3", "id": "4e44f3-86da-b40c-7c35-b80e7eb0bf7", "type": "Feature", "geometry": {"coordinates": [[77.1113536621, 28.7169753722], [77.1113312407, 28.7169902244], [77.1113312407, 28.7169902244]], "type": "LineString"}, "properties": {"nodeId": "4e44f3-86da-b40c-7c35-b80e7eb0bf7", "buildingName": "RGCI", "polygonType": "Waypoints", "walkableType": "walkable", "visibilityType": "visible", "directionType": "bidirectional", "tactileAvailibity": "not available", "global": false, "name": "undefined", "floor": 0}}, {"building_ID": "65d88662db333f894570bad3", "id": "a2056e-13e5-6484-cf62-0c78cc32c6fe", "type": "Feature", "geometry": {"coordinates": [[77.1113404903, 28.7169600781], [77.1113180689, 28.7169749303], [77.1113180689, 28.7169749303]], "type": "LineString"}, "properties": {"nodeId": "a2056e-13e5-6484-cf62-0c78cc32c6fe", "buildingName": "RGCI", "polygonType": "Waypoints", "walkableType": "walkable", "visibilityType": "visible", "directionType": "bidirectional", "tactileAvailibity": "not available", "global": false, "name": "undefined", "floor": 0}}, {"building_ID": "65d88662db333f894570bad3", "id": "ae2b4cc-fc57-b28-b5b1-d3804bb635", "type": "Feature", "geometry": {"coordinates": [[77.1113133509, 28.7170466821], [77.111399908, 28.7171471862], [77.111399908, 28.7171471862]], "type": "LineString"}, "properties": {"nodeId": "ae2b4cc-fc57-b28-b5b1-d3804bb635", "buildingName": "RGCI", "polygonType": "Waypoints", "walkableType": "walkable", "visibilityType": "visible", "directionType": "bidirectional", "tactileAvailibity": "not available", "global": false, "name": "undefined", "floor": 0}}, {"building_ID": "65d88662db333f894570bad3", "id": "431c0db-287a-e8d3-66fa-e00415845fe", "type": "Feature", "geometry": {"coordinates": [[77.1112025462, 28.7166499897], [77.1112006645, 28.7166478048], [77.1112006645, 28.7166478048]], "type": "LineString"}, "properties": {"nodeId": "431c0db-287a-e8d3-66fa-e00415845fe", "buildingName": "RGCI", "polygonType": "Waypoints", "walkableType": "walkable", "visibilityType": "visible", "directionType": "bidirectional", "tactileAvailibity": "not available", "global": false, "name": "undefined", "floor": 0}}, {"building_ID": "65d88662db333f894570bad3", "id": "464da2e-f6d1-d8c1-aa6d-3a40287f78e", "type": "Feature", "geometry": {"coordinates": [[77.1115998465, 28.716856903], [77.1116167816, 28.7168765669], [77.1116167816, 28.7168765669]], "type": "LineString"}, "properties": {"nodeId": "464da2e-f6d1-d8c1-aa6d-3a40287f78e", "buildingName": "RGCI", "polygonType": "Waypoints", "walkableType": "walkable", "visibilityType": "visible", "directionType": "bidirectional", "tactileAvailibity": "not available", "global": false, "name": "undefined", "floor": 0}}, {"building_ID": "65d88662db333f894570bad3", "id": "74af1f5-ec3f-45c0-0aef-f6d8f13b107", "type": "Feature", "geometry": {"coordinates": [[77.1116172854, 28.7168453512], [77.1116342205, 28.7168650151], [77.1116342205, 28.7168650151]], "type": "LineString"}, "properties": {"nodeId": "74af1f5-ec3f-45c0-0aef-f6d8f13b107", "buildingName": "RGCI", "polygonType": "Waypoints", "walkableType": "walkable", "visibilityType": "visible", "directionType": "bidirectional", "tactileAvailibity": "not available", "global": false, "name": "undefined", "floor": 0}}, {"building_ID": "65d88662db333f894570bad3", "id": "803f80c-57b-878b-a2ca-b28c4aec1c3d", "type": "Feature", "geometry": {"coordinates": [[77.1114130016, 28.716980672], [77.1114073565, 28.7169741174], [77.1114073565, 28.7169741174]], "type": "LineString"}, "properties": {"nodeId": "803f80c-57b-878b-a2ca-b28c4aec1c3d", "buildingName": "RGCI", "polygonType": "Waypoints", "walkableType": "walkable", "visibilityType": "visible", "directionType": "bidirectional", "tactileAvailibity": "not available", "global": false, "name": "undefined", "floor": 0}}, {"building_ID": "65d88662db333f894570bad3", "id": "a3e18d6-5be7-dc1a-c421-80432dcd4b4", "type": "Feature", "geometry": {"coordinates": [[77.1113133509, 28.7170466821], [77.1113077059, 28.7170401275], [77.1113077059, 28.7170401275]], "type": "LineString"}, "properties": {"nodeId": "a3e18d6-5be7-dc1a-c421-80432dcd4b4", "buildingName": "RGCI", "polygonType": "Waypoints", "walkableType": "walkable", "visibilityType": "visible", "directionType": "bidirectional", "tactileAvailibity": "not available", "global": false, "name": "undefined", "floor": 0}}, {"building_ID": "65d88662db333f894570bad3", "id": "872f01-53fe-5aa1-e017-83a3aace2e", "type": "Feature", "geometry": {"coordinates": [[77.1117175986, 28.7167891963], [77.1117300549, 28.716780945], [77.1117300549, 28.716780945]], "type": "LineString"}, "properties": {"nodeId": "872f01-53fe-5aa1-e017-83a3aace2e", "buildingName": "RGCI", "polygonType": "Waypoints", "walkableType": "walkable", "visibilityType": "visible", "directionType": "bidirectional", "tactileAvailibity": "not available", "global": false, "name": "undefined", "floor": 0}}, {"building_ID": "65d88662db333f894570bad3", "id": "31eed52-176c-cbb0-4cdb-c33d8547d4a", "type": "Feature", "geometry": {"coordinates": [[77.1110847413, 28.7167040062], [77.1110960313, 28.7167171154], [77.1110960313, 28.7167171154]], "type": "LineString"}, "properties": {"nodeId": "31eed52-176c-cbb0-4cdb-c33d8547d4a", "buildingName": "RGCI", "polygonType": "Waypoints", "walkableType": "walkable", "visibilityType": "visible", "directionType": "bidirectional", "tactileAvailibity": "not available", "global": false, "name": "undefined", "floor": 0}}, {"building_ID": "65d88662db333f894570bad3", "id": "13187d5-32b-021a-18a5-a4228a477c", "type": "Feature", "geometry": {"coordinates": [[77.1114985812, 28.7166666336], [77.111506055, 28.7166616828], [77.111506055, 28.7166616828]], "type": "LineString"}, "properties": {"nodeId": "13187d5-32b-021a-18a5-a4228a477c", "buildingName": "RGCI", "polygonType": "Waypoints", "walkableType": "walkable", "visibilityType": "visible", "directionType": "bidirectional", "tactileAvailibity": "not available", "global": false, "name": "undefined", "floor": 0}}, {"building_ID": "65d88662db333f894570bad3", "id": "c2d0d2b-507d-32c-8dde-6f1f4cd6ed", "type": "Feature", "geometry": {"coordinates": [[77.1113963864, 28.7167206037], [77.1114163165, 28.7167074017], [77.1114163165, 28.7167074017]], "type": "LineString"}, "properties": {"nodeId": "c2d0d2b-507d-32c-8dde-6f1f4cd6ed", "buildingName": "RGCI", "polygonType": "Waypoints", "walkableType": "walkable", "visibilityType": "visible", "directionType": "bidirectional", "tactileAvailibity": "not available", "global": false, "name": "undefined", "floor": 0}}, {"building_ID": "65d88662db333f894570bad3", "id": "6e8aaa-0618-efa1-b56a-dd68158850", "type": "Feature", "geometry": {"coordinates": [[77.1114932536, 28.7167422204], [77.1114669101, 28.7167116322], [77.1114669101, 28.7167116322]], "type": "LineString"}, "properties": {"nodeId": "6e8aaa-0618-efa1-b56a-dd68158850", "buildingName": "RGCI", "polygonType": "Waypoints", "walkableType": "walkable", "visibilityType": "visible", "directionType": "bidirectional", "tactileAvailibity": "not available", "global": false, "name": "undefined", "floor": 0}}, {"building_ID": "65d88662db333f894570bad3", "id": "d8fc0aa-5424-3d2d-08-3756cff3ce", "type": "Feature", "geometry": {"coordinates": [[77.1111884198, 28.7167108171], [77.1112108412, 28.7166959648], [77.1112332626, 28.7166811125], [77.1112482102, 28.716671211], [77.1112681403, 28.716658009], [77.1112681403, 28.716658009]], "type": "LineString"}, "properties": {"nodeId": "d8fc0aa-5424-3d2d-08-3756cff3ce", "buildingName": "RGCI", "polygonType": "Waypoints", "walkableType": "walkable", "visibilityType": "visible", "directionType": "bidirectional", "tactileAvailibity": "not available", "global": false, "name": "undefined", "floor": 0}}, {"building_ID": "65d88662db333f894570bad3", "id": "271eea-28a2-4e15-26d-fa03ed03e21", "type": "Feature", "geometry": {"coordinates": [[77.1114932536, 28.7167422204], [77.1115380964, 28.7167125159], [77.1115380964, 28.7167125159]], "type": "LineString"}, "properties": {"nodeId": "271eea-28a2-4e15-26d-fa03ed03e21", "buildingName": "RGCI", "polygonType": "Waypoints", "walkableType": "walkable", "visibilityType": "visible", "directionType": "bidirectional", "tactileAvailibity": "not available", "global": false, "name": "undefined", "floor": 0}}, {"building_ID": "65d88662db333f894570bad3", "id": "4ac5404-cff7-44c6-4f46-a35880d2fb6", "type": "Feature", "geometry": {"coordinates": [[77.1115858788, 28.7169588011], [77.1115783521, 28.7169500616], [77.1115783521, 28.7169500616]], "type": "LineString"}, "properties": {"nodeId": "4ac5404-cff7-44c6-4f46-a35880d2fb6", "buildingName": "RGCI", "polygonType": "Waypoints", "walkableType": "walkable", "visibilityType": "visible", "directionType": "bidirectional", "tactileAvailibity": "not available", "global": false, "name": "undefined", "floor": 0}}, {"building_ID": "65d88662db333f894570bad3", "id": "bd5e35-add8-432d-b53e-302efecaf758", "type": "Feature", "geometry": {"coordinates": [[77.1115883172, 28.7169434606], [77.1115958439, 28.7169522001], [77.111607134, 28.7169653094], [77.111607134, 28.7169653094]], "type": "LineString"}, "properties": {"nodeId": "bd5e35-add8-432d-b53e-302efecaf758", "buildingName": "RGCI", "polygonType": "Waypoints", "walkableType": "walkable", "visibilityType": "visible", "directionType": "bidirectional", "tactileAvailibity": "not available", "global": false, "name": "undefined", "floor": 0}}, {"building_ID": "65d88662db333f894570bad3", "id": "ba8e1-6541-df12-3fac-6c6736720e", "type": "Feature", "geometry": {"coordinates": [[77.1116132299, 28.7169269581], [77.1116207566, 28.7169356976], [77.1116245199, 28.7169400673], [77.1116245199, 28.7169400673]], "type": "LineString"}, "properties": {"nodeId": "ba8e1-6541-df12-3fac-6c6736720e", "buildingName": "RGCI", "polygonType": "Waypoints", "walkableType": "walkable", "visibilityType": "visible", "directionType": "bidirectional", "tactileAvailibity": "not available", "global": false, "name": "undefined", "floor": 0}}, {"building_ID": "65d88662db333f894570bad3", "id": "c5c7dfb-2151-620f-68f6-3b2c8647cd70", "type": "Feature", "geometry": {"coordinates": [[77.1115235972, 28.7170000574], [77.1115858788, 28.7169588011], [77.1115958439, 28.7169522001], [77.1116207566, 28.7169356976], [77.1116631081, 28.7169076433], [77.1116855295, 28.716892791], [77.1116979858, 28.7168845398], [77.1116979858, 28.7168845398]], "type": "LineString"}, "properties": {"nodeId": "c5c7dfb-2151-620f-68f6-3b2c8647cd70", "buildingName": "RGCI", "polygonType": "Waypoints", "walkableType": "walkable", "visibilityType": "visible", "directionType": "bidirectional", "tactileAvailibity": "not available", "global": false, "name": "undefined", "floor": 0}}, {"building_ID": "65d88662db333f894570bad3", "id": "f8f8681-a44d-1a28-085-dff10eb4bfc6", "type": "Feature", "geometry": {"coordinates": [[77.111472792, 28.7169410659], [77.1114972537, 28.7169694692], [77.1115235972, 28.7170000574], [77.1115235972, 28.7170000574]], "type": "LineString"}, "properties": {"nodeId": "f8f8681-a44d-1a28-085-dff10eb4bfc6", "buildingName": "RGCI", "polygonType": "Waypoints", "walkableType": "walkable", "visibilityType": "visible", "directionType": "bidirectional", "tactileAvailibity": "not available", "global": false, "name": "undefined", "floor": 0}}, {"building_ID": "65d88662db333f894570bad3", "id": "af2d7-0ee-e58c-b428-45d1f1e3f8d", "type": "Feature", "geometry": {"coordinates": [[77.1115512681, 28.71672781], [77.1115587419, 28.7167228592], [77.1115587419, 28.7167228592]], "type": "LineString"}, "properties": {"nodeId": "af2d7-0ee-e58c-b428-45d1f1e3f8d", "buildingName": "RGCI", "polygonType": "Waypoints", "walkableType": "walkable", "visibilityType": "visible", "directionType": "bidirectional", "tactileAvailibity": "not available", "global": false, "name": "undefined", "floor": 0}}, {"building_ID": "65d88662db333f894570bad3", "id": "fd63f8-051-4aef-60c1-deefec7e02c1", "type": "Feature", "geometry": {"coordinates": [[77.111673577, 28.7168698267], [77.1117059634, 28.7168483734], [77.1117059634, 28.7168483734]], "type": "LineString"}, "properties": {"nodeId": "fd63f8-051-4aef-60c1-deefec7e02c1", "buildingName": "RGCI", "polygonType": "Waypoints", "walkableType": "walkable", "visibilityType": "visible", "directionType": "bidirectional", "tactileAvailibity": "not available", "global": false, "name": "undefined", "floor": 0}}, {"building_ID": "65d88662db333f894570bad3", "id": "2113ab8-8d76-c47-3442-820cb1bcc446", "type": "Feature", "geometry": {"coordinates": [[77.1111784319, 28.7162267541], [77.1111934853, 28.7162442331], [77.1111934853, 28.7162442331]], "type": "LineString"}, "properties": {"nodeId": "2113ab8-8d76-c47-3442-820cb1bcc446", "buildingName": "RGCI", "polygonType": "Waypoints", "walkableType": "walkable", "visibilityType": "visible", "directionType": "bidirectional", "tactileAvailibity": "not available", "global": false, "name": "undefined", "floor": 0}}, {"building_ID": "65d88662db333f894570bad3", "id": "20fa5b-3ebf-f747-8f7a-faa48e4d44ce", "type": "Feature", "geometry": {"coordinates": [[77.1111379369, 28.7160888752], [77.1111528845, 28.7160789737], [77.1111528845, 28.7160789737]], "type": "LineString"}, "properties": {"nodeId": "20fa5b-3ebf-f747-8f7a-faa48e4d44ce", "buildingName": "RGCI", "polygonType": "Waypoints", "walkableType": "walkable", "visibilityType": "visible", "directionType": "bidirectional", "tactileAvailibity": "not available", "global": false, "name": "undefined", "floor": 0}}, {"building_ID": "65d88662db333f894570bad3", "id": "0be03fb-f5b-b8a7-01-6bc4f45fde82", "type": "Feature", "geometry": {"coordinates": [[77.111217073, 28.7162080203], [77.1112320206, 28.7161981188], [77.1112320206, 28.7161981188]], "type": "LineString"}, "properties": {"nodeId": "0be03fb-f5b-b8a7-01-6bc4f45fde82", "buildingName": "RGCI", "polygonType": "Waypoints", "walkableType": "walkable", "visibilityType": "visible", "directionType": "bidirectional", "tactileAvailibity": "not available", "global": false, "name": "undefined", "floor": 0}}, {"building_ID": "65d88662db333f894570bad3", "id": "d6f6380-66e3-e4fa-728-3e2cb40c8456", "type": "Feature", "geometry": {"coordinates": [[77.111189722, 28.7162398633], [77.1111673006, 28.7162547156], [77.1111673006, 28.7162547156]], "type": "LineString"}, "properties": {"nodeId": "d6f6380-66e3-e4fa-728-3e2cb40c8456", "buildingName": "RGCI", "polygonType": "Waypoints", "walkableType": "walkable", "visibilityType": "visible", "directionType": "bidirectional", "tactileAvailibity": "not available", "global": false, "name": "undefined", "floor": 0}}, {"building_ID": "65d88662db333f894570bad3", "id": "c8614d-7ac1-65b3-b1da-61fc8e0da6a", "type": "Feature", "geometry": {"coordinates": [[77.1111764974, 28.716210879], [77.1111416196, 28.7162339825], [77.1111416196, 28.7162339825]], "type": "LineString"}, "properties": {"nodeId": "c8614d-7ac1-65b3-b1da-61fc8e0da6a", "buildingName": "RGCI", "polygonType": "Waypoints", "walkableType": "walkable", "visibilityType": "visible", "directionType": "bidirectional", "tactileAvailibity": "not available", "global": false, "name": "undefined", "floor": 0}}, {"building_ID": "65d88662db333f894570bad3", "id": "863ac5d-8f38-dbfe-3b62-34c5de3a01aa", "type": "Feature", "geometry": {"coordinates": [[77.1111229893, 28.7160987767], [77.1111379369, 28.7160888752], [77.1111379369, 28.7160888752]], "type": "LineString"}, "properties": {"nodeId": "863ac5d-8f38-dbfe-3b62-34c5de3a01aa", "buildingName": "RGCI", "polygonType": "Waypoints", "walkableType": "walkable", "visibilityType": "visible", "directionType": "bidirectional", "tactileAvailibity": "not available", "global": false, "name": "undefined", "floor": 0}}, {"building_ID": "65d88662db333f894570bad3", "id": "84ca55-8506-332-0f6b-3f7c01447114", "type": "Feature", "geometry": {"coordinates": [[77.1111379369, 28.7160888752], [77.1111454636, 28.7160976147], [77.1111454636, 28.7160976147]], "type": "LineString"}, "properties": {"nodeId": "84ca55-8506-332-0f6b-3f7c01447114", "buildingName": "RGCI", "polygonType": "Waypoints", "walkableType": "walkable", "visibilityType": "visible", "directionType": "bidirectional", "tactileAvailibity": "not available", "global": false, "name": "undefined", "floor": 0}}, {"building_ID": "65d88662db333f894570bad3", "id": "2725623-8e1-51a5-4a13-f440a7e57e7", "type": "Feature", "geometry": {"coordinates": [[77.1111280475, 28.7165998304], [77.1111305387, 28.7165981802], [77.1111305387, 28.7165981802]], "type": "LineString"}, "properties": {"nodeId": "2725623-8e1-51a5-4a13-f440a7e57e7", "buildingName": "RGCI", "polygonType": "Waypoints", "walkableType": "walkable", "visibilityType": "visible", "directionType": "bidirectional", "tactileAvailibity": "not available", "global": false, "name": "undefined", "floor": 0}}, {"building_ID": "65d88662db333f894570bad3", "id": "7201cc3-c8fc-5b35-f562-737455aad81c", "type": "Feature", "geometry": {"coordinates": [[77.1111397127, 28.7160636796], [77.1111671167, 28.7160455268], [77.1111671167, 28.7160455268]], "type": "LineString"}, "properties": {"nodeId": "7201cc3-c8fc-5b35-f562-737455aad81c", "buildingName": "RGCI", "polygonType": "Waypoints", "walkableType": "walkable", "visibilityType": "visible", "directionType": "bidirectional", "tactileAvailibity": "not available", "global": false, "name": "undefined", "floor": 0}}, {"building_ID": "65d88662db333f894570bad3", "id": "0bd68e6-0d4-8f56-310-001775781c", "type": "Feature", "geometry": {"coordinates": [[77.1111859057, 28.7162218033], [77.1111708523, 28.7162043244], [77.1111708523, 28.7162043244]], "type": "LineString"}, "properties": {"nodeId": "0bd68e6-0d4-8f56-310-001775781c", "buildingName": "RGCI", "polygonType": "Waypoints", "walkableType": "walkable", "visibilityType": "visible", "directionType": "bidirectional", "tactileAvailibity": "not available", "global": false, "name": "undefined", "floor": 0}}, {"building_ID": "65d88662db333f894570bad3", "id": "1b6dc06-f4fe-774d-d0a4-f0e6eef4c6a", "type": "Feature", "geometry": {"coordinates": [[77.1111673006, 28.7162547156], [77.1111710639, 28.7162590853], [77.1111710639, 28.7162590853]], "type": "LineString"}, "properties": {"nodeId": "1b6dc06-f4fe-774d-d0a4-f0e6eef4c6a", "buildingName": "RGCI", "polygonType": "Waypoints", "walkableType": "walkable", "visibilityType": "visible", "directionType": "bidirectional", "tactileAvailibity": "not available", "global": false, "name": "undefined", "floor": 0}}, {"building_ID": "65d88662db333f894570bad3", "id": "5c40f65-675b-82f6-ca2a-6c61aa24460", "type": "Feature", "geometry": {"coordinates": [[77.1111416196, 28.7162339825], [77.1111359746, 28.7162274279], [77.1111359746, 28.7162274279]], "type": "LineString"}, "properties": {"nodeId": "5c40f65-675b-82f6-ca2a-6c61aa24460", "buildingName": "RGCI", "polygonType": "Waypoints", "walkableType": "walkable", "visibilityType": "visible", "directionType": "bidirectional", "tactileAvailibity": "not available", "global": false, "name": "undefined", "floor": 0}}, {"building_ID": "65d88662db333f894570bad3", "id": "60b34b-abf-cb1b-c01-045ab372d6b2", "type": "Feature", "geometry": {"coordinates": [[77.1111282062, 28.7166409012], [77.1111207324, 28.7166458519], [77.1111207324, 28.7166458519]], "type": "LineString"}, "properties": {"nodeId": "60b34b-abf-cb1b-c01-045ab372d6b2", "buildingName": "RGCI", "polygonType": "Waypoints", "walkableType": "walkable", "visibilityType": "visible", "directionType": "bidirectional", "tactileAvailibity": "not available", "global": false, "name": "undefined", "floor": 0}}, {"building_ID": "65d88662db333f894570bad3", "id": "6ae3a11-e804-5a2-2b68-24872087ba2", "type": "Feature", "geometry": {"coordinates": [[77.1113781238, 28.7170037755], [77.1113705971, 28.716995036], [77.1113536621, 28.7169753722], [77.1113404903, 28.7169600781], [77.1113348453, 28.7169535234], [77.1113254369, 28.7169425991], [77.1113254369, 28.7169425991]], "type": "LineString"}, "properties": {"nodeId": "6ae3a11-e804-5a2-2b68-24872087ba2", "buildingName": "RGCI", "polygonType": "Waypoints", "walkableType": "walkable", "visibilityType": "visible", "directionType": "bidirectional", "tactileAvailibity": "not available", "global": false, "name": "undefined", "floor": 0}}, {"building_ID": "65d88662db333f894570bad3", "id": "a48eee-8324-3057-af30-74c81fa7c71", "type": "Feature", "geometry": {"coordinates": [[77.1114891728, 28.7166557092], [77.1114985812, 28.7166666336], [77.1115098712, 28.7166797428], [77.1115512681, 28.71672781], [77.1115512681, 28.71672781]], "type": "LineString"}, "properties": {"nodeId": "a48eee-8324-3057-af30-74c81fa7c71", "buildingName": "RGCI", "polygonType": "Waypoints", "walkableType": "walkable", "visibilityType": "visible", "directionType": "bidirectional", "tactileAvailibity": "not available", "global": false, "name": "undefined", "floor": 0}}, {"building_ID": "65d88662db333f894570bad3", "id": "1865d3-ae33-abef-ca08-d2607a47be40", "type": "Feature", "geometry": {"coordinates": [[77.1108162461, 28.7162196163], [77.1108087723, 28.7162245671], [77.1108087723, 28.7162245671]], "type": "LineString"}, "properties": {"nodeId": "1865d3-ae33-abef-ca08-d2607a47be40", "buildingName": "RGCI", "polygonType": "Waypoints", "walkableType": "walkable", "visibilityType": "visible", "directionType": "bidirectional", "tactileAvailibity": "not available", "global": false, "name": "undefined", "floor": 0}}, {"building_ID": "65d88662db333f894570bad3", "id": "53c8bd-cde6-6e4c-f7c8-a312b3112f6a", "type": "Feature", "geometry": {"coordinates": [[77.1108162461, 28.7162196163], [77.1108425896, 28.7162502045], [77.1108425896, 28.7162502045]], "type": "LineString"}, "properties": {"nodeId": "53c8bd-cde6-6e4c-f7c8-a312b3112f6a", "buildingName": "RGCI", "polygonType": "Waypoints", "walkableType": "walkable", "visibilityType": "visible", "directionType": "bidirectional", "tactileAvailibity": "not available", "global": false, "name": "undefined", "floor": 0}}, {"building_ID": "65d88662db333f894570bad3", "id": "a082d46-c673-eb84-cec0-21bad24c22e", "type": "Feature", "geometry": {"coordinates": [[77.1108425896, 28.7162502045], [77.1108052206, 28.7162749583], [77.1108052206, 28.7162749583]], "type": "LineString"}, "properties": {"nodeId": "a082d46-c673-eb84-cec0-21bad24c22e", "buildingName": "RGCI", "polygonType": "Waypoints", "walkableType": "walkable", "visibilityType": "visible", "directionType": "bidirectional", "tactileAvailibity": "not available", "global": false, "name": "undefined", "floor": 0}}, {"building_ID": "65d88662db333f894570bad3", "id": "d3a3b7-ab-4260-ca41-77b2051eca", "type": "Feature", "geometry": {"coordinates": [[77.1108052206, 28.7162749583], [77.1107753254, 28.7162947613], [77.1107753254, 28.7162947613]], "type": "LineString"}, "properties": {"nodeId": "d3a3b7-ab-4260-ca41-77b2051eca", "buildingName": "RGCI", "polygonType": "Waypoints", "walkableType": "walkable", "visibilityType": "visible", "directionType": "bidirectional", "tactileAvailibity": "not available", "global": false, "name": "undefined", "floor": 0}}, {"building_ID": "65d88662db333f894570bad3", "id": "aef3a7-6a67-7f41-6cd0-a855bfc483b3", "type": "Feature", "geometry": {"coordinates": [[77.1115739011, 28.7167677187], [77.1115763924, 28.7167660684], [77.1116137613, 28.7167413147], [77.1116137613, 28.7167413147]], "type": "LineString"}, "properties": {"nodeId": "aef3a7-6a67-7f41-6cd0-a855bfc483b3", "buildingName": "RGCI", "polygonType": "Waypoints", "walkableType": "walkable", "visibilityType": "visible", "directionType": "bidirectional", "tactileAvailibity": "not available", "global": false, "name": "undefined", "floor": 0}}, {"building_ID": "65d88662db333f894570bad3", "id": "3352633-655d-b017-40ee-17aeac438170", "type": "Feature", "geometry": {"coordinates": [[77.1116985173, 28.7166988963], [77.1116646472, 28.7166595686], [77.1116646472, 28.7166595686]], "type": "LineString"}, "properties": {"nodeId": "3352633-655d-b017-40ee-17aeac438170", "buildingName": "RGCI", "polygonType": "Waypoints", "walkableType": "walkable", "visibilityType": "visible", "directionType": "bidirectional", "tactileAvailibity": "not available", "global": false, "name": "undefined", "floor": 0}}, {"building_ID": "65d88662db333f894570bad3", "id": "df622db-544-232f-eff2-781433e4a850", "type": "Feature", "geometry": {"coordinates": [[77.1117036585, 28.7167366665], [77.1117149486, 28.7167497758], [77.1117149486, 28.7167497758]], "type": "LineString"}, "properties": {"nodeId": "df622db-544-232f-eff2-781433e4a850", "buildingName": "RGCI", "polygonType": "Waypoints", "walkableType": "walkable", "visibilityType": "visible", "directionType": "bidirectional", "tactileAvailibity": "not available", "global": false, "name": "undefined", "floor": 0}}, {"building_ID": "65d88662db333f894570bad3", "id": "f623430-c804-e38c-bb77-a4ec21d54cc6", "type": "Feature", "geometry": {"coordinates": [[77.111374494, 28.7168723584], [77.1114478793, 28.7169575684], [77.1114478793, 28.7169575684]], "type": "LineString"}, "properties": {"nodeId": "f623430-c804-e38c-bb77-a4ec21d54cc6", "buildingName": "RGCI", "polygonType": "Waypoints", "walkableType": "walkable", "visibilityType": "visible", "directionType": "bidirectional", "tactileAvailibity": "not available", "global": false, "name": "undefined", "floor": 0}}, {"building_ID": "65d88662db333f894570bad3", "id": "4d0585f-3461-353f-655c-71f22e7b38d", "type": "Feature", "geometry": {"coordinates": [[77.1116171267, 28.7168042805], [77.1116021791, 28.716814182], [77.1116021791, 28.716814182]], "type": "LineString"}, "properties": {"nodeId": "4d0585f-3461-353f-655c-71f22e7b38d", "buildingName": "RGCI", "polygonType": "Waypoints", "walkableType": "walkable", "visibilityType": "visible", "directionType": "bidirectional", "tactileAvailibity": "not available", "global": false, "name": "undefined", "floor": 0}}, {"building_ID": "65d88662db333f894570bad3", "id": "cf27e5a-63a-3581-fcfb-1355cc2d7e76", "type": "Feature", "geometry": {"coordinates": [[77.1116246534, 28.71681302], [77.1116969001, 28.7167651627], [77.1116969001, 28.7167651627]], "type": "LineString"}, "properties": {"nodeId": "cf27e5a-63a-3581-fcfb-1355cc2d7e76", "buildingName": "RGCI", "polygonType": "Waypoints", "walkableType": "walkable", "visibilityType": "visible", "directionType": "bidirectional", "tactileAvailibity": "not available", "global": false, "name": "undefined", "floor": 0}}, {"building_ID": "65d88662db333f894570bad3", "id": "cb40c1a-e7b1-8f48-762-1cfc3430cead", "type": "Feature", "geometry": {"coordinates": [[77.1116744787, 28.7167800149], [77.1116782421, 28.7167843847], [77.1116782421, 28.7167843847]], "type": "LineString"}, "properties": {"nodeId": "cb40c1a-e7b1-8f48-762-1cfc3430cead", "buildingName": "RGCI", "polygonType": "Waypoints", "walkableType": "walkable", "visibilityType": "visible", "directionType": "bidirectional", "tactileAvailibity": "not available", "global": false, "name": "undefined", "floor": 0}}, {"building_ID": "65d88662db333f894570bad3", "id": "62837-8eda-e8b6-5181-08007ed7d4c5", "type": "Feature", "geometry": {"coordinates": [[77.1116545486, 28.716793217], [77.1116489036, 28.7167866623], [77.1116489036, 28.7167866623]], "type": "LineString"}, "properties": {"nodeId": "62837-8eda-e8b6-5181-08007ed7d4c5", "buildingName": "RGCI", "polygonType": "Waypoints", "walkableType": "walkable", "visibilityType": "visible", "directionType": "bidirectional", "tactileAvailibity": "not available", "global": false, "name": "undefined", "floor": 0}}, {"building_ID": "65d88662db333f894570bad3", "id": "28cee5-4d4b-5c0d-5e0-277f368fe6e", "type": "Feature", "geometry": {"coordinates": [[77.1116670049, 28.7167849657], [77.1116613599, 28.7167784111], [77.1116613599, 28.7167784111]], "type": "LineString"}, "properties": {"nodeId": "28cee5-4d4b-5c0d-5e0-277f368fe6e", "buildingName": "RGCI", "polygonType": "Waypoints", "walkableType": "walkable", "visibilityType": "visible", "directionType": "bidirectional", "tactileAvailibity": "not available", "global": false, "name": "undefined", "floor": 0}}, {"building_ID": "65d88662db333f894570bad3", "id": "b2fc5b5-1bf7-ffa8-b46b-2b73ce0a627", "type": "Feature", "geometry": {"coordinates": [[77.1115926649, 28.7167758772], [77.1116001387, 28.7167709264], [77.1116001387, 28.7167709264]], "type": "LineString"}, "properties": {"nodeId": "b2fc5b5-1bf7-ffa8-b46b-2b73ce0a627", "buildingName": "RGCI", "polygonType": "Waypoints", "walkableType": "walkable", "visibilityType": "visible", "directionType": "bidirectional", "tactileAvailibity": "not available", "global": false, "name": "undefined", "floor": 0}}, {"building_ID": "65d88662db333f894570bad3", "id": "8a8042c-a0ad-d0a7-da14-c70d223fbd1c", "type": "Feature", "geometry": {"coordinates": [[77.1117394356, 28.7169462972], [77.1117469094, 28.7169413464], [77.1117469094, 28.7169413464]], "type": "LineString"}, "properties": {"nodeId": "8a8042c-a0ad-d0a7-da14-c70d223fbd1c", "buildingName": "RGCI", "polygonType": "Waypoints", "walkableType": "walkable", "visibilityType": "visible", "directionType": "bidirectional", "tactileAvailibity": "not available", "global": false, "name": "undefined", "floor": 0}}, {"building_ID": "65d88662db333f894570bad3", "id": "b84e8f3-dfbc-b54f-4f04-cdce04464511", "type": "Feature", "geometry": {"coordinates": [[77.1114183569, 28.7167506573], [77.1113784966, 28.7167770613], [77.1113784966, 28.7167770613]], "type": "LineString"}, "properties": {"nodeId": "b84e8f3-dfbc-b54f-4f04-cdce04464511", "buildingName": "RGCI", "polygonType": "Waypoints", "walkableType": "walkable", "visibilityType": "visible", "directionType": "bidirectional", "tactileAvailibity": "not available", "global": false, "name": "undefined", "floor": 0}}, {"building_ID": "65d88662db333f894570bad3", "id": "f108736-735e-1ef4-af7f-6c5631db0d0", "type": "Feature", "geometry": {"coordinates": [[77.1115199673, 28.7168686404], [77.1115100023, 28.7168752414], [77.1115100023, 28.7168752414]], "type": "LineString"}, "properties": {"nodeId": "f108736-735e-1ef4-af7f-6c5631db0d0", "buildingName": "RGCI", "polygonType": "Waypoints", "walkableType": "walkable", "visibilityType": "visible", "directionType": "bidirectional", "tactileAvailibity": "not available", "global": false, "name": "undefined", "floor": 0}}, {"building_ID": "65d88662db333f894570bad3", "id": "8afee14-c7fb-44c2-2bf0-b88244cf6777", "type": "Feature", "geometry": {"coordinates": [[77.1114823338, 28.7168249429], [77.11147486, 28.7168298937], [77.11147486, 28.7168298937]], "type": "LineString"}, "properties": {"nodeId": "8afee14-c7fb-44c2-2bf0-b88244cf6777", "buildingName": "RGCI", "polygonType": "Waypoints", "walkableType": "walkable", "visibilityType": "visible", "directionType": "bidirectional", "tactileAvailibity": "not available", "global": false, "name": "undefined", "floor": 0}}, {"building_ID": "65d88662db333f894570bad3", "id": "3fe3f6-7504-7cda-078-4ffadaa61dc", "type": "Feature", "geometry": {"coordinates": [[77.1114653987, 28.7168052791], [77.1114579249, 28.7168102298], [77.1114579249, 28.7168102298]], "type": "LineString"}, "properties": {"nodeId": "3fe3f6-7504-7cda-078-4ffadaa61dc", "buildingName": "RGCI", "polygonType": "Waypoints", "walkableType": "walkable", "visibilityType": "visible", "directionType": "bidirectional", "tactileAvailibity": "not available", "global": false, "name": "undefined", "floor": 0}}, {"building_ID": "65d88662db333f894570bad3", "id": "65a016f-e6ce-0c3d-d3fe-36d5ce6075d", "type": "Feature", "geometry": {"coordinates": [[77.1114932536, 28.7167422204], [77.111440937, 28.7167768757], [77.111440937, 28.7167768757]], "type": "LineString"}, "properties": {"nodeId": "65a016f-e6ce-0c3d-d3fe-36d5ce6075d", "buildingName": "RGCI", "polygonType": "Waypoints", "walkableType": "walkable", "visibilityType": "visible", "directionType": "bidirectional", "tactileAvailibity": "not available", "global": false, "name": "undefined", "floor": 0}}, {"building_ID": "65d88662db333f894570bad3", "id": "5e7243f-f28d-fe82-04af-ec04aef380d", "type": "Feature", "geometry": {"coordinates": [[77.111489727, 28.7169607298], [77.1114124978, 28.7170118876], [77.1114124978, 28.7170118876]], "type": "LineString"}, "properties": {"nodeId": "5e7243f-f28d-fe82-04af-ec04aef380d", "buildingName": "RGCI", "polygonType": "Waypoints", "walkableType": "walkable", "visibilityType": "visible", "directionType": "bidirectional", "tactileAvailibity": "not available", "global": false, "name": "undefined", "floor": 0}}, {"building_ID": "65d88662db333f894570bad3", "id": "ace3c-c70b-bcb0-3cca-a511223eef5", "type": "Feature", "geometry": {"coordinates": [[77.1109861812, 28.7162443016], [77.1109560744, 28.7162093436], [77.1109560744, 28.7162093436]], "type": "LineString"}, "properties": {"nodeId": "ace3c-c70b-bcb0-3cca-a511223eef5", "buildingName": "RGCI", "polygonType": "Waypoints", "walkableType": "walkable", "visibilityType": "visible", "directionType": "bidirectional", "tactileAvailibity": "not available", "global": false, "name": "undefined", "floor": 0}}, {"building_ID": "65d88662db333f894570bad3", "id": "bf27424-db6-dd40-1726-40b1f036aa5", "type": "Feature", "geometry": {"coordinates": [[77.1117093288, 28.7169113392], [77.1117168026, 28.7169063885], [77.1117168026, 28.7169063885]], "type": "LineString"}, "properties": {"nodeId": "bf27424-db6-dd40-1726-40b1f036aa5", "buildingName": "RGCI", "polygonType": "Waypoints", "walkableType": "walkable", "visibilityType": "visible", "directionType": "bidirectional", "tactileAvailibity": "not available", "global": false, "name": "undefined", "floor": 0}}, {"building_ID": "65d88662db333f894570bad3", "id": "6dcf4-7b2-3fe-0803-efd5f3671e", "type": "Feature", "geometry": {"coordinates": [[77.1112884383, 28.7170631846], [77.1112959121, 28.7170582338], [77.1113133509, 28.7170466821], [77.1113258072, 28.7170384308], [77.1113656675, 28.7170120268], [77.1113781238, 28.7170037755], [77.1114130016, 28.716980672], [77.111445388, 28.7169592187], [77.111445388, 28.7169592187]], "type": "LineString"}, "properties": {"nodeId": "6dcf4-7b2-3fe-0803-efd5f3671e", "buildingName": "RGCI", "polygonType": "Waypoints", "walkableType": "walkable", "visibilityType": "visible", "directionType": "bidirectional", "tactileAvailibity": "not available", "global": false, "name": "undefined", "floor": 0}}, {"building_ID": "65d88662db333f894570bad3", "id": "ed21718-23c7-6ebf-e147-f1a2a080f2c", "type": "Feature", "geometry": {"coordinates": [[77.111445388, 28.7169592187], [77.111472792, 28.7169410659], [77.1115450387, 28.7168932086], [77.1115848989, 28.7168668045], [77.1115998465, 28.716856903], [77.1116172854, 28.7168453512], [77.111632233, 28.7168354497], [77.1116397068, 28.716830499], [77.1116397068, 28.716830499]], "type": "LineString"}, "properties": {"nodeId": "ed21718-23c7-6ebf-e147-f1a2a080f2c", "buildingName": "RGCI", "polygonType": "Waypoints", "walkableType": "walkable", "visibilityType": "visible", "directionType": "bidirectional", "tactileAvailibity": "not available", "global": false, "name": "undefined", "floor": 0}}, {"building_ID": "65d88662db333f894570bad3", "id": "af0acb3-8b03-ca88-132a-ce113568cc28", "type": "Feature", "geometry": {"coordinates": [[77.1110947063, 28.7166974052], [77.1110847413, 28.7167040062], [77.1110847413, 28.7167040062]], "type": "LineString"}, "properties": {"nodeId": "af0acb3-8b03-ca88-132a-ce113568cc28", "buildingName": "RGCI", "polygonType": "Waypoints", "walkableType": "walkable", "visibilityType": "visible", "directionType": "bidirectional", "tactileAvailibity": "not available", "global": false, "name": "undefined", "floor": 0}}, {"building_ID": "65d88662db333f894570bad3", "id": "ba51bee-cede-51ec-6fc2-602ceac7d70", "type": "Feature", "geometry": {"coordinates": [[77.1111246015, 28.7166776022], [77.1110947063, 28.7166974052], [77.1110947063, 28.7166974052]], "type": "LineString"}, "properties": {"nodeId": "ba51bee-cede-51ec-6fc2-602ceac7d70", "buildingName": "RGCI", "polygonType": "Waypoints", "walkableType": "walkable", "visibilityType": "visible", "directionType": "bidirectional", "tactileAvailibity": "not available", "global": false, "name": "undefined", "floor": 0}}, {"building_ID": "65d88662db333f894570bad3", "id": "221851-035-d334-a5da-af82c2cef16", "type": "Feature", "geometry": {"coordinates": [[[77.1107039804, 28.7162528069], [77.1107264018, 28.7162379547], [77.1107471002, 28.7162619882], [77.1107246788, 28.7162768405], [77.1107039804, 28.7162528069]]], "type": "Polygon"}, "properties": {"name": "Lift-9", "buildingName": "RGCI", "nodeId": "221851-035-d334-a5da-af82c2cef16", "polygonType": "Cubicle", "type": "Lift", "walkableType": "non-walkable", "visibilityType": "visible", "directionType": "bidirectional", "tactileAvailibity": "not available", "fillColor": "undefined", "height": "undefined", "global": false, "floor": 0}}, {"building_ID": "65d88662db333f894570bad3", "id": "b638a7f-2fb-4c4-b16-2d84f44d11c", "type": "Feature", "geometry": {"coordinates": [[[77.1112099418, 28.7164632306], [77.1112361795, 28.7164664383], [77.1112367891, 28.7164626032], [77.1112105514, 28.7164593955], [77.1112099418, 28.7164632306]]], "type": "Polygon"}, "properties": {"name": "undefined", "buildingName": "RGCI", "nodeId": "b638a7f-2fb-4c4-b16-2d84f44d11c", "polygonType": "Cubicle", "type": "Wall", "walkableType": "non-walkable", "visibilityType": "visible", "directionType": "bidirectional", "tactileAvailibity": "not available", "fillColor": "undefined", "height": "undefined", "global": false, "floor": 0}}, {"building_ID": "65d88662db333f894570bad3", "id": "48001d0-b42b-43f3-1eb3-2875a6b30f8", "type": "Feature", "geometry": {"coordinates": [[77.110962115, 28.716479848], [77.1109795538, 28.7164682963], [77.1109795538, 28.7164682963]], "type": "LineString"}, "properties": {"nodeId": "48001d0-b42b-43f3-1eb3-2875a6b30f8", "buildingName": "RGCI", "polygonType": "Waypoints", "walkableType": "walkable", "visibilityType": "visible", "directionType": "bidirectional", "tactileAvailibity": "not available", "global": false, "name": "undefined", "floor": 0}}, {"building_ID": "65d88662db333f894570bad3", "id": "874aa63-575f-eced-ed5-ef32817bd", "type": "Feature", "geometry": {"coordinates": [[77.1109856498, 28.716429945], [77.1109607371, 28.7164464476], [77.1109607371, 28.7164464476]], "type": "LineString"}, "properties": {"nodeId": "874aa63-575f-eced-ed5-ef32817bd", "buildingName": "RGCI", "polygonType": "Waypoints", "walkableType": "walkable", "visibilityType": "visible", "directionType": "bidirectional", "tactileAvailibity": "not available", "global": false, "name": "undefined", "floor": 0}}, {"building_ID": "65d88662db333f894570bad3", "id": "f8b6c51-f221-e852-0c61-b5f34677f0a", "type": "Feature", "geometry": {"coordinates": [[77.1107427802, 28.7162751439], [77.1107527453, 28.7162685429], [77.1107527453, 28.7162685429]], "type": "LineString"}, "properties": {"nodeId": "f8b6c51-f221-e852-0c61-b5f34677f0a", "buildingName": "RGCI", "polygonType": "Waypoints", "walkableType": "walkable", "visibilityType": "visible", "directionType": "bidirectional", "tactileAvailibity": "not available", "global": false, "name": "undefined", "floor": 0}}, {"building_ID": "65d88662db333f894570bad3", "id": "6ee373f-5b5a-a6ae-45f-cd56cbe37f12", "type": "Feature", "geometry": {"coordinates": [[77.1107527453, 28.7162685429], [77.1107627103, 28.7162619419], [77.1107627103, 28.7162619419]], "type": "LineString"}, "properties": {"nodeId": "6ee373f-5b5a-a6ae-45f-cd56cbe37f12", "buildingName": "RGCI", "polygonType": "Waypoints", "walkableType": "walkable", "visibilityType": "visible", "directionType": "bidirectional", "tactileAvailibity": "not available", "global": false, "name": "undefined", "floor": 0}}, {"building_ID": "65d88662db333f894570bad3", "id": "74823d-3ff-2576-b01-72ed70c70f", "type": "Feature", "geometry": {"coordinates": [[77.11087418, 28.7163459434], [77.110864215, 28.7163525445], [77.110864215, 28.7163525445]], "type": "LineString"}, "properties": {"nodeId": "74823d-3ff-2576-b01-72ed70c70f", "buildingName": "RGCI", "polygonType": "Waypoints", "walkableType": "walkable", "visibilityType": "visible", "directionType": "bidirectional", "tactileAvailibity": "not available", "global": false, "name": "undefined", "floor": 0}}, {"building_ID": "65d88662db333f894570bad3", "id": "c11ba-f856-38e2-57a0-77d881d7b11", "type": "Feature", "geometry": {"coordinates": [[[77.1112104456, 28.716432015], [77.1112366833, 28.7164352227], [77.1112372929, 28.7164313876], [77.1112110552, 28.7164281799], [77.1112104456, 28.716432015]]], "type": "Polygon"}, "properties": {"name": "undefined", "buildingName": "RGCI", "nodeId": "c11ba-f856-38e2-57a0-77d881d7b11", "polygonType": "Cubicle", "type": "Wall", "walkableType": "non-walkable", "visibilityType": "visible", "directionType": "bidirectional", "tactileAvailibity": "not available", "fillColor": "undefined", "height": "undefined", "global": false, "floor": 0}}, {"building_ID": "65d88662db333f894570bad3", "id": "b1a8530-30f-bda2-8dd0-efae510bdd4b", "type": "Feature", "geometry": {"coordinates": [[77.1109856498, 28.716429945], [77.1110080711, 28.7164150928], [77.1110080711, 28.7164150928]], "type": "LineString"}, "properties": {"nodeId": "b1a8530-30f-bda2-8dd0-efae510bdd4b", "buildingName": "RGCI", "polygonType": "Waypoints", "walkableType": "walkable", "visibilityType": "visible", "directionType": "bidirectional", "tactileAvailibity": "not available", "global": false, "name": "undefined", "floor": 0}}, {"building_ID": "65d88662db333f894570bad3", "id": "8571286-85a1-12f0-8eac-eb53444348d", "type": "Feature", "geometry": {"coordinates": [[77.1116133381, 28.7166317927], [77.1116810784, 28.7167104481], [77.1116810784, 28.7167104481]], "type": "LineString"}, "properties": {"nodeId": "8571286-85a1-12f0-8eac-eb53444348d", "buildingName": "RGCI", "polygonType": "Waypoints", "walkableType": "walkable", "visibilityType": "visible", "directionType": "bidirectional", "tactileAvailibity": "not available", "global": false, "name": "undefined", "floor": 0}}, {"building_ID": "65d88662db333f894570bad3", "id": "c47aa47-e064-8bd6-60b4-74cbbf1bfb2e", "type": "Feature", "geometry": {"coordinates": [[[77.1107264018, 28.7162379547], [77.1107438407, 28.7162264029], [77.1107645391, 28.7162504365], [77.1107471002, 28.7162619882], [77.1107264018, 28.7162379547]]], "type": "Polygon"}, "properties": {"name": "Lift-10", "buildingName": "RGCI", "nodeId": "c47aa47-e064-8bd6-60b4-74cbbf1bfb2e", "polygonType": "Cubicle", "type": "Lift", "walkableType": "non-walkable", "visibilityType": "visible", "directionType": "bidirectional", "tactileAvailibity": "not available", "fillColor": "undefined", "height": "undefined", "global": false, "floor": 0}}, {"building_ID": "65d88662db333f894570bad3", "id": "0668ea7-c4d6-d2fd-2b2c-834e281f4", "type": "Feature", "geometry": {"coordinates": [[77.1109861812, 28.7162443016], [77.1109488122, 28.7162690554], [77.1109488122, 28.7162690554]], "type": "LineString"}, "properties": {"nodeId": "0668ea7-c4d6-d2fd-2b2c-834e281f4", "buildingName": "RGCI", "polygonType": "Waypoints", "walkableType": "walkable", "visibilityType": "visible", "directionType": "bidirectional", "tactileAvailibity": "not available", "global": false, "name": "undefined", "floor": 0}}, {"building_ID": "65d88662db333f894570bad3", "id": "061f32e-f225-cb81-8718-5f01e5a7f02", "type": "Feature", "geometry": {"coordinates": [[77.1109488122, 28.7162690554], [77.1108591266, 28.7163284645], [77.1108591266, 28.7163284645]], "type": "LineString"}, "properties": {"nodeId": "061f32e-f225-cb81-8718-5f01e5a7f02", "buildingName": "RGCI", "polygonType": "Waypoints", "walkableType": "walkable", "visibilityType": "visible", "directionType": "bidirectional", "tactileAvailibity": "not available", "global": false, "name": "undefined", "floor": 0}}, {"building_ID": "65d88662db333f894570bad3", "id": "3054153-3d1e-27bd-46ec-0fd7651baf", "type": "Feature", "geometry": {"coordinates": [[77.1109061685, 28.7163830863], [77.1108962035, 28.7163896873], [77.1108962035, 28.7163896873]], "type": "LineString"}, "properties": {"nodeId": "3054153-3d1e-27bd-46ec-0fd7651baf", "buildingName": "RGCI", "polygonType": "Waypoints", "walkableType": "walkable", "visibilityType": "visible", "directionType": "bidirectional", "tactileAvailibity": "not available", "global": false, "name": "undefined", "floor": 0}}, {"building_ID": "65d88662db333f894570bad3", "id": "61d7aef-7df-0ab4-0023-4b37f7538e7", "type": "Feature", "geometry": {"coordinates": [[77.1112545454, 28.7165331929], [77.1112620192, 28.7165282422], [77.1112620192, 28.7165282422]], "type": "LineString"}, "properties": {"nodeId": "61d7aef-7df-0ab4-0023-4b37f7538e7", "buildingName": "RGCI", "polygonType": "Waypoints", "walkableType": "walkable", "visibilityType": "visible", "directionType": "bidirectional", "tactileAvailibity": "not available", "global": false, "name": "undefined", "floor": 0}}, {"building_ID": "65d88662db333f894570bad3", "id": "02c80ba-1368-61e-618b-8d28b4f701b", "type": "Feature", "geometry": {"coordinates": [[77.1109432982, 28.7164579993], [77.1109607371, 28.7164464476], [77.1109607371, 28.7164464476]], "type": "LineString"}, "properties": {"nodeId": "02c80ba-1368-61e-618b-8d28b4f701b", "buildingName": "RGCI", "polygonType": "Waypoints", "walkableType": "walkable", "visibilityType": "visible", "directionType": "bidirectional", "tactileAvailibity": "not available", "global": false, "name": "undefined", "floor": 0}}, {"building_ID": "65d88662db333f894570bad3", "id": "dba0525-4d81-5a0-3c5e-3a3f843441", "type": "Feature", "geometry": {"coordinates": [[77.1107753254, 28.7162947613], [77.1107527453, 28.7162685429], [77.1107527453, 28.7162685429]], "type": "LineString"}, "properties": {"nodeId": "dba0525-4d81-5a0-3c5e-3a3f843441", "buildingName": "RGCI", "polygonType": "Waypoints", "walkableType": "walkable", "visibilityType": "visible", "directionType": "bidirectional", "tactileAvailibity": "not available", "global": false, "name": "undefined", "floor": 0}}, {"building_ID": "65d88662db333f894570bad3", "id": "df5023f-e4d2-ab63-a15c-4e0743b864d", "type": "Feature", "geometry": {"coordinates": [[[77.111380668, 28.7170158155], [77.1114105632, 28.7169960125], [77.1114124449, 28.7169981973], [77.1113825497, 28.7170180004], [77.111380668, 28.7170158155]]], "type": "Polygon"}, "properties": {"name": "undefined", "buildingName": "RGCI", "nodeId": "df5023f-e4d2-ab63-a15c-4e0743b864d", "polygonType": "Cubicle", "type": "Wall", "walkableType": "walkable", "visibilityType": "visible", "directionType": "bidirectional", "tactileAvailibity": "not available", "fillColor": "undefined", "height": "undefined", "global": false, "floor": 0}}, {"building_ID": "65d88662db333f894570bad3", "id": "dfc5e1d-7d43-20c2-80a-256850e3f85", "type": "Feature", "geometry": {"coordinates": [[77.1110918976, 28.716616914], [77.1111018627, 28.716610313], [77.1111018627, 28.716610313]], "type": "LineString"}, "properties": {"nodeId": "dfc5e1d-7d43-20c2-80a-256850e3f85", "buildingName": "RGCI", "polygonType": "Waypoints", "walkableType": "walkable", "visibilityType": "visible", "directionType": "bidirectional", "tactileAvailibity": "not available", "global": false, "name": "undefined", "floor": 0}}, {"building_ID": "65d88662db333f894570bad3", "id": "b247ef-b2b2-d2e4-2785-73ab42266da", "type": "Feature", "geometry": {"coordinates": [[77.1110642292, 28.7165666155], [77.1110567025, 28.716557876], [77.1110567025, 28.716557876]], "type": "LineString"}, "properties": {"nodeId": "b247ef-b2b2-d2e4-2785-73ab42266da", "buildingName": "RGCI", "polygonType": "Waypoints", "walkableType": "walkable", "visibilityType": "visible", "directionType": "bidirectional", "tactileAvailibity": "not available", "global": false, "name": "undefined", "floor": 0}}, {"building_ID": "65d88662db333f894570bad3", "id": "a17e52a-67ff-73a-5d75-e6c60ee64d", "type": "Feature", "geometry": {"coordinates": [[77.1111018627, 28.716610313], [77.1111282062, 28.7166409012], [77.1111282062, 28.7166409012]], "type": "LineString"}, "properties": {"nodeId": "a17e52a-67ff-73a-5d75-e6c60ee64d", "buildingName": "RGCI", "polygonType": "Waypoints", "walkableType": "walkable", "visibilityType": "visible", "directionType": "bidirectional", "tactileAvailibity": "not available", "global": false, "name": "undefined", "floor": 0}}, {"building_ID": "65d88662db333f894570bad3", "id": "78e4a-1768-aca8-dd07-1ec74d46ddd", "type": "Feature", "geometry": {"coordinates": [[77.11087418, 28.7163459434], [77.1108591266, 28.7163284645], [77.1108591266, 28.7163284645]], "type": "LineString"}, "properties": {"nodeId": "78e4a-1768-aca8-dd07-1ec74d46ddd", "buildingName": "RGCI", "polygonType": "Waypoints", "walkableType": "walkable", "visibilityType": "visible", "directionType": "bidirectional", "tactileAvailibity": "not available", "global": false, "name": "undefined", "floor": 0}}, {"building_ID": "65d88662db333f894570bad3", "id": "0285265-d837-25c-a225-6b643b8e4068", "type": "Feature", "geometry": {"coordinates": [[77.1115425474, 28.7168948588], [77.1115199673, 28.7168686404], [77.1115105589, 28.716857716], [77.1115011506, 28.7168467916], [77.1114823338, 28.7168249429], [77.1114653987, 28.7168052791], [77.111440937, 28.7167768757], [77.1114183569, 28.7167506573], [77.1114070668, 28.716737548], [77.1114070668, 28.716737548]], "type": "LineString"}, "properties": {"nodeId": "0285265-d837-25c-a225-6b643b8e4068", "buildingName": "RGCI", "polygonType": "Waypoints", "walkableType": "walkable", "visibilityType": "visible", "directionType": "bidirectional", "tactileAvailibity": "not available", "global": false, "name": "undefined", "floor": 0}}, {"building_ID": "65d88662db333f894570bad3", "id": "a5551-cbcb-2fcb-341c-a0d1ad6f1c1", "type": "Feature", "geometry": {"coordinates": [[77.1114020843, 28.7167408485], [77.1114070668, 28.716737548], [77.1114294882, 28.7167226958], [77.1114294882, 28.7167226958]], "type": "LineString"}, "properties": {"nodeId": "a5551-cbcb-2fcb-341c-a0d1ad6f1c1", "buildingName": "RGCI", "polygonType": "Waypoints", "walkableType": "walkable", "visibilityType": "visible", "directionType": "bidirectional", "tactileAvailibity": "not available", "global": false, "name": "undefined", "floor": 0}}, {"building_ID": "65d88662db333f894570bad3", "id": "02a4f-3bf-4032-e7c4-244f67e8042d", "type": "Feature", "geometry": {"coordinates": [[77.111440937, 28.7167768757], [77.1114359544, 28.7167801762], [77.1114359544, 28.7167801762]], "type": "LineString"}, "properties": {"nodeId": "02a4f-3bf-4032-e7c4-244f67e8042d", "buildingName": "RGCI", "polygonType": "Waypoints", "walkableType": "walkable", "visibilityType": "visible", "directionType": "bidirectional", "tactileAvailibity": "not available", "global": false, "name": "undefined", "floor": 0}}, {"building_ID": "65d88662db333f894570bad3", "id": "83ece30-45a4-edf-a6e-0341fd50040e", "type": "Feature", "geometry": {"coordinates": [[77.1110195199, 28.7164692727], [77.1109856498, 28.716429945], [77.1109856498, 28.716429945]], "type": "LineString"}, "properties": {"nodeId": "83ece30-45a4-edf-a6e-0341fd50040e", "buildingName": "RGCI", "polygonType": "Waypoints", "walkableType": "walkable", "visibilityType": "visible", "directionType": "bidirectional", "tactileAvailibity": "not available", "global": false, "name": "undefined", "floor": 0}}, {"building_ID": "65d88662db333f894570bad3", "id": "cfd5401-772-1762-c42-20213d63435", "type": "Feature", "geometry": {"coordinates": [[77.1111041953, 28.716567592], [77.1111192487, 28.7165850709], [77.1111192487, 28.7165850709]], "type": "LineString"}, "properties": {"nodeId": "cfd5401-772-1762-c42-20213d63435", "buildingName": "RGCI", "polygonType": "Waypoints", "walkableType": "walkable", "visibilityType": "visible", "directionType": "bidirectional", "tactileAvailibity": "not available", "global": false, "name": "undefined", "floor": 0}}, {"building_ID": "65d88662db333f894570bad3", "id": "fa42600-685a-5dd7-ed67-6a10bf205b60", "type": "Feature", "geometry": {"coordinates": [[77.1110506872, 28.7164554897], [77.1110563322, 28.7164620443], [77.1110563322, 28.7164620443]], "type": "LineString"}, "properties": {"nodeId": "fa42600-685a-5dd7-ed67-6a10bf205b60", "buildingName": "RGCI", "polygonType": "Waypoints", "walkableType": "walkable", "visibilityType": "visible", "directionType": "bidirectional", "tactileAvailibity": "not available", "global": false, "name": "undefined", "floor": 0}}, {"building_ID": "65d88662db333f894570bad3", "id": "87d00-1aed-23bf-04b4-fbabaff513d", "type": "Feature", "geometry": {"coordinates": [[77.1110774009, 28.7165819096], [77.1110642292, 28.7165666155], [77.1110642292, 28.7165666155]], "type": "LineString"}, "properties": {"nodeId": "87d00-1aed-23bf-04b4-fbabaff513d", "buildingName": "RGCI", "polygonType": "Waypoints", "walkableType": "walkable", "visibilityType": "visible", "directionType": "bidirectional", "tactileAvailibity": "not available", "global": false, "name": "undefined", "floor": 0}}, {"building_ID": "65d88662db333f894570bad3", "id": "8ba6f50-835f-f150-d88-5cafcedecb15", "type": "Feature", "geometry": {"coordinates": [[77.1110567025, 28.716557876], [77.1110397674, 28.7165382122], [77.1110397674, 28.7165382122]], "type": "LineString"}, "properties": {"nodeId": "8ba6f50-835f-f150-d88-5cafcedecb15", "buildingName": "RGCI", "polygonType": "Waypoints", "walkableType": "walkable", "visibilityType": "visible", "directionType": "bidirectional", "tactileAvailibity": "not available", "global": false, "name": "undefined", "floor": 0}}, {"building_ID": "65d88662db333f894570bad3", "id": "6f426a4-7dca-1e2c-e0f2-53bcbe271cc4", "type": "Feature", "geometry": {"coordinates": [[77.1110397674, 28.7165382122], [77.1110228324, 28.7165185483], [77.1110228324, 28.7165185483]], "type": "LineString"}, "properties": {"nodeId": "6f426a4-7dca-1e2c-e0f2-53bcbe271cc4", "buildingName": "RGCI", "polygonType": "Waypoints", "walkableType": "walkable", "visibilityType": "visible", "directionType": "bidirectional", "tactileAvailibity": "not available", "global": false, "name": "undefined", "floor": 0}}, {"building_ID": "65d88662db333f894570bad3", "id": "4efba0e-02ce-7b43-1fbc-a2e4ff860b5", "type": "Feature", "geometry": {"coordinates": [[77.1111282062, 28.7166409012], [77.1111470229, 28.7166627499], [77.1111470229, 28.7166627499]], "type": "LineString"}, "properties": {"nodeId": "4efba0e-02ce-7b43-1fbc-a2e4ff860b5", "buildingName": "RGCI", "polygonType": "Waypoints", "walkableType": "walkable", "visibilityType": "visible", "directionType": "bidirectional", "tactileAvailibity": "not available", "global": false, "name": "undefined", "floor": 0}}, {"building_ID": "65d88662db333f894570bad3", "id": "1b8b65-dc5-ceb6-2a77-38e86dd815e6", "type": "Feature", "geometry": {"coordinates": [[77.1109061685, 28.7163830863], [77.11087418, 28.7163459434], [77.11087418, 28.7163459434]], "type": "LineString"}, "properties": {"nodeId": "1b8b65-dc5-ceb6-2a77-38e86dd815e6", "buildingName": "RGCI", "polygonType": "Waypoints", "walkableType": "walkable", "visibilityType": "visible", "directionType": "bidirectional", "tactileAvailibity": "not available", "global": false, "name": "undefined", "floor": 0}}, {"building_ID": "65d88662db333f894570bad3", "id": "15104-5af7-4402-4748-2a56ebaafa01", "type": "Feature", "geometry": {"coordinates": [[77.1108591266, 28.7163284645], [77.1108421916, 28.7163088006], [77.1108421916, 28.7163088006]], "type": "LineString"}, "properties": {"nodeId": "15104-5af7-4402-4748-2a56ebaafa01", "buildingName": "RGCI", "polygonType": "Waypoints", "walkableType": "walkable", "visibilityType": "visible", "directionType": "bidirectional", "tactileAvailibity": "not available", "global": false, "name": "undefined", "floor": 0}}, {"building_ID": "65d88662db333f894570bad3", "id": "d6ed3-e363-af0-ca5b-2cf382b56c", "type": "Feature", "geometry": {"coordinates": [[77.1108421916, 28.7163088006], [77.1108102031, 28.7162716578], [77.1108102031, 28.7162716578]], "type": "LineString"}, "properties": {"nodeId": "d6ed3-e363-af0-ca5b-2cf382b56c", "buildingName": "RGCI", "polygonType": "Waypoints", "walkableType": "walkable", "visibilityType": "visible", "directionType": "bidirectional", "tactileAvailibity": "not available", "global": false, "name": "undefined", "floor": 0}}, {"building_ID": "65d88662db333f894570bad3", "id": "2ad38b1-25b4-d658-e3a1-d831b50561eb", "type": "Feature", "geometry": {"coordinates": [[77.1110552717, 28.7165107853], [77.1110195199, 28.7164692727], [77.1110195199, 28.7164692727]], "type": "LineString"}, "properties": {"nodeId": "2ad38b1-25b4-d658-e3a1-d831b50561eb", "buildingName": "RGCI", "polygonType": "Waypoints", "walkableType": "walkable", "visibilityType": "visible", "directionType": "bidirectional", "tactileAvailibity": "not available", "global": false, "name": "undefined", "floor": 0}}, {"building_ID": "65d88662db333f894570bad3", "id": "30078a0-2522-ffc5-e01-cd72813003a4", "type": "Feature", "geometry": {"coordinates": [[77.1109795538, 28.7164682963], [77.1109983706, 28.716490145], [77.1109983706, 28.716490145]], "type": "LineString"}, "properties": {"nodeId": "30078a0-2522-ffc5-e01-cd72813003a4", "buildingName": "RGCI", "polygonType": "Waypoints", "walkableType": "walkable", "visibilityType": "visible", "directionType": "bidirectional", "tactileAvailibity": "not available", "global": false, "name": "undefined", "floor": 0}}, {"building_ID": "65d88662db333f894570bad3", "id": "722b12d-c4ac-46b4-76a-0dc0dd3aa7b", "type": "Feature", "geometry": {"coordinates": [[77.1110774009, 28.7165819096], [77.111094336, 28.7166015735], [77.111094336, 28.7166015735]], "type": "LineString"}, "properties": {"nodeId": "722b12d-c4ac-46b4-76a-0dc0dd3aa7b", "buildingName": "RGCI", "polygonType": "Waypoints", "walkableType": "walkable", "visibilityType": "visible", "directionType": "bidirectional", "tactileAvailibity": "not available", "global": false, "name": "undefined", "floor": 0}}, {"building_ID": "65d88662db333f894570bad3", "id": "3fedf0-e76a-2b-0240-5805c650cda", "type": "Feature", "geometry": {"coordinates": [[77.1111601946, 28.716678044], [77.1111884198, 28.7167108171], [77.1111884198, 28.7167108171]], "type": "LineString"}, "properties": {"nodeId": "3fedf0-e76a-2b-0240-5805c650cda", "buildingName": "RGCI", "polygonType": "Waypoints", "walkableType": "walkable", "visibilityType": "visible", "directionType": "bidirectional", "tactileAvailibity": "not available", "global": false, "name": "undefined", "floor": 0}}, {"building_ID": "65d88662db333f894570bad3", "id": "051031-f3a7-dda4-016c-668df6a55226", "type": "Feature", "geometry": {"coordinates": [[77.111094336, 28.7166015735], [77.1111018627, 28.716610313], [77.1111018627, 28.716610313]], "type": "LineString"}, "properties": {"nodeId": "051031-f3a7-dda4-016c-668df6a55226", "buildingName": "RGCI", "polygonType": "Waypoints", "walkableType": "walkable", "visibilityType": "visible", "directionType": "bidirectional", "tactileAvailibity": "not available", "global": false, "name": "undefined", "floor": 0}}, {"building_ID": "65d88662db333f894570bad3", "id": "353f35a-4db-8d64-2147-0ad55f3310b", "type": "Feature", "geometry": {"coordinates": [[77.1111470229, 28.7166627499], [77.1111601946, 28.716678044], [77.1111601946, 28.716678044]], "type": "LineString"}, "properties": {"nodeId": "353f35a-4db-8d64-2147-0ad55f3310b", "buildingName": "RGCI", "polygonType": "Waypoints", "walkableType": "walkable", "visibilityType": "visible", "directionType": "bidirectional", "tactileAvailibity": "not available", "global": false, "name": "undefined", "floor": 0}}, {"building_ID": "65d88662db333f894570bad3", "id": "47184d7-e426-f460-d6c7-edfd6c52dcdc", "type": "Feature", "geometry": {"coordinates": [[77.1110397674, 28.7165382122], [77.1110646801, 28.7165217097], [77.1110646801, 28.7165217097]], "type": "LineString"}, "properties": {"nodeId": "47184d7-e426-f460-d6c7-edfd6c52dcdc", "buildingName": "RGCI", "polygonType": "Waypoints", "walkableType": "walkable", "visibilityType": "visible", "directionType": "bidirectional", "tactileAvailibity": "not available", "global": false, "name": "undefined", "floor": 0}}, {"building_ID": "65d88662db333f894570bad3", "id": "40072e3-0c0f-0ba-ab3-441f202ebe5", "type": "Feature", "geometry": {"coordinates": [[77.1110967215, 28.7165725427], [77.1111041953, 28.716567592], [77.1111041953, 28.716567592]], "type": "LineString"}, "properties": {"nodeId": "40072e3-0c0f-0ba-ab3-441f202ebe5", "buildingName": "RGCI", "polygonType": "Waypoints", "walkableType": "walkable", "visibilityType": "visible", "directionType": "bidirectional", "tactileAvailibity": "not available", "global": false, "name": "wp-help", "floor": 0}}, {"building_ID": "65d88662db333f894570bad3", "id": "26032b7-d6c2-015f-f0b-c627e71c04e", "type": "Feature", "geometry": {"coordinates": [[77.1117009809, 28.7168516739], [77.1116990992, 28.716849489], [77.1116990992, 28.716849489]], "type": "LineString"}, "properties": {"nodeId": "26032b7-d6c2-015f-f0b-c627e71c04e", "buildingName": "RGCI", "polygonType": "Waypoints", "walkableType": "walkable", "visibilityType": "visible", "directionType": "bidirectional", "tactileAvailibity": "not available", "global": false, "name": "undefined", "floor": 0}}, {"building_ID": "65d88662db333f894570bad3", "id": "e18f50-efd6-4b3a-aa83-5882ddc566e", "type": "Feature", "geometry": {"coordinates": [[77.1116985173, 28.7166988963], [77.1116810784, 28.7167104481], [77.1116810784, 28.7167104481]], "type": "LineString"}, "properties": {"nodeId": "e18f50-efd6-4b3a-aa83-5882ddc566e", "buildingName": "RGCI", "polygonType": "Waypoints", "walkableType": "walkable", "visibilityType": "visible", "directionType": "bidirectional", "tactileAvailibity": "not available", "global": false, "name": "undefined", "floor": 0}}, {"building_ID": "65d88662db333f894570bad3", "id": "80bbba1-2c61-8357-ca7-de23e866378", "type": "Feature", "geometry": {"coordinates": [[77.1115105589, 28.716857716], [77.1115005939, 28.716864317], [77.1115005939, 28.716864317]], "type": "LineString"}, "properties": {"nodeId": "80bbba1-2c61-8357-ca7-de23e866378", "buildingName": "RGCI", "polygonType": "Waypoints", "walkableType": "walkable", "visibilityType": "visible", "directionType": "bidirectional", "tactileAvailibity": "not available", "global": false, "name": "undefined", "floor": 0}}, {"building_ID": "65d88662db333f894570bad3", "id": "41444b-7852-0463-342e-1835602c", "type": "Feature", "geometry": {"coordinates": [[77.1115011506, 28.7168467916], [77.1114911855, 28.7168533927], [77.1114911855, 28.7168533927]], "type": "LineString"}, "properties": {"nodeId": "41444b-7852-0463-342e-1835602c", "buildingName": "RGCI", "polygonType": "Waypoints", "walkableType": "walkable", "visibilityType": "visible", "directionType": "bidirectional", "tactileAvailibity": "not available", "global": false, "name": "undefined", "floor": 0}}, {"building_ID": "65d88662db333f894570bad3", "id": "4e6a332-0a05-8cc3-4fd5-01ceebbe6b3", "type": "Feature", "geometry": {"coordinates": [[77.1109560744, 28.7162093436], [77.1109760046, 28.7161961416], [77.1110233386, 28.7161647868], [77.1110607076, 28.716140033], [77.1110706727, 28.716133432], [77.1110906028, 28.71612023], [77.1110955853, 28.7161169295], [77.1111155155, 28.7161037274], [77.1111229893, 28.7160987767], [77.1111229893, 28.7160987767]], "type": "LineString"}, "properties": {"nodeId": "4e6a332-0a05-8cc3-4fd5-01ceebbe6b3", "buildingName": "RGCI", "polygonType": "Waypoints", "walkableType": "walkable", "visibilityType": "visible", "directionType": "bidirectional", "tactileAvailibity": "not available", "global": false, "name": "undefined", "floor": 0}}, {"building_ID": "65d88662db333f894570bad3", "id": "7ed326e-78bd-dfd-5a16-8604a47e3c0", "type": "Feature", "geometry": {"coordinates": [[77.1111229893, 28.7160987767], [77.1111568594, 28.7161381044], [77.1112133097, 28.7162036506], [77.111217073, 28.7162080203], [77.111217073, 28.7162080203]], "type": "LineString"}, "properties": {"nodeId": "7ed326e-78bd-dfd-5a16-8604a47e3c0", "buildingName": "RGCI", "polygonType": "Waypoints", "walkableType": "walkable", "visibilityType": "visible", "directionType": "bidirectional", "tactileAvailibity": "not available", "global": false, "name": "undefined", "floor": 0}}, {"building_ID": "65d88662db333f894570bad3", "id": "060c203-ea5c-aa8a-db8-b48021143bdc", "type": "Feature", "geometry": {"coordinates": [[77.1112133097, 28.7162036506], [77.1112008533, 28.7162119018], [77.1111933795, 28.7162168526], [77.1111859057, 28.7162218033], [77.1111784319, 28.7162267541], [77.1111784319, 28.7162267541]], "type": "LineString"}, "properties": {"nodeId": "060c203-ea5c-aa8a-db8-b48021143bdc", "buildingName": "RGCI", "polygonType": "Waypoints", "walkableType": "walkable", "visibilityType": "visible", "directionType": "bidirectional", "tactileAvailibity": "not available", "global": false, "name": "undefined", "floor": 0}}, {"building_ID": "65d88662db333f894570bad3", "id": "47702fe-5157-2b23-6e57-33a463dffda", "type": "Feature", "geometry": {"coordinates": [[77.1114070668, 28.716737548], [77.1113938951, 28.7167222539], [77.1113938951, 28.7167222539]], "type": "LineString"}, "properties": {"nodeId": "47702fe-5157-2b23-6e57-33a463dffda", "buildingName": "RGCI", "polygonType": "Waypoints", "walkableType": "walkable", "visibilityType": "visible", "directionType": "bidirectional", "tactileAvailibity": "not available", "global": false, "name": "undefined", "floor": 0}}, {"building_ID": "65d88662db333f894570bad3", "id": "246e644-0721-8be3-2f3b-de6520ef7d52", "type": "Feature", "geometry": {"coordinates": [[77.1111192487, 28.7165850709], [77.1112338469, 28.7165091593], [77.1112338469, 28.7165091593]], "type": "LineString"}, "properties": {"nodeId": "246e644-0721-8be3-2f3b-de6520ef7d52", "buildingName": "RGCI", "polygonType": "Waypoints", "walkableType": "walkable", "visibilityType": "visible", "directionType": "bidirectional", "tactileAvailibity": "not available", "global": false, "name": "undefined", "floor": 0}}, {"building_ID": "65d88662db333f894570bad3", "id": "bd1466-7270-3f6c-d3a-c22b17c5e37", "type": "Feature", "geometry": {"coordinates": [[77.1111532523, 28.7164973513], [77.1111946492, 28.7165454185], [77.1111946492, 28.7165454185]], "type": "LineString"}, "properties": {"nodeId": "bd1466-7270-3f6c-d3a-c22b17c5e37", "buildingName": "RGCI", "polygonType": "Waypoints", "walkableType": "walkable", "visibilityType": "visible", "directionType": "bidirectional", "tactileAvailibity": "not available", "global": false, "name": "undefined", "floor": 0}}, {"building_ID": "65d88662db333f894570bad3", "id": "60374a1-8a2e-ff66-68af-77fbbbd20e", "type": "Feature", "geometry": {"coordinates": [[77.1112562683, 28.716494307], [77.1112338469, 28.7165091593], [77.1112338469, 28.7165091593]], "type": "LineString"}, "properties": {"nodeId": "60374a1-8a2e-ff66-68af-77fbbbd20e", "buildingName": "RGCI", "polygonType": "Waypoints", "walkableType": "walkable", "visibilityType": "visible", "directionType": "bidirectional", "tactileAvailibity": "not available", "global": false, "name": "undefined", "floor": 0}}, {"building_ID": "65d88662db333f894570bad3", "id": "7bdb100-4550-dafe-47f0-0476236b6f17", "type": "Feature", "geometry": {"coordinates": [[77.1109856498, 28.716429945], [77.1108840393, 28.7163119619], [77.1108840393, 28.7163119619]], "type": "LineString"}, "properties": {"nodeId": "7bdb100-4550-dafe-47f0-0476236b6f17", "buildingName": "RGCI", "polygonType": "Waypoints", "walkableType": "walkable", "visibilityType": "visible", "directionType": "bidirectional", "tactileAvailibity": "not available", "global": false, "name": "undefined", "floor": 0}}, {"building_ID": "65d88662db333f894570bad3", "id": "78b1731-d62-0c5-8048-4433a7eb3a1", "type": "Feature", "geometry": {"coordinates": [[77.111374494, 28.7168723584], [77.1113220187, 28.716865943], [77.1113220187, 28.716865943]], "type": "LineString"}, "properties": {"nodeId": "78b1731-d62-0c5-8048-4433a7eb3a1", "buildingName": "RGCI", "polygonType": "Waypoints", "walkableType": "walkable", "visibilityType": "visible", "directionType": "bidirectional", "tactileAvailibity": "not available", "global": false, "name": "undefined", "floor": 0}}, {"building_ID": "65d88662db333f894570bad3", "id": "0d1eb42-65a7-278e-0e7-d5efdec45e6d", "type": "Feature", "geometry": {"coordinates": [[77.1112768585, 28.7168135061], [77.1113107286, 28.7168528338], [77.1113220187, 28.716865943], [77.1113220187, 28.716865943]], "type": "LineString"}, "properties": {"nodeId": "0d1eb42-65a7-278e-0e7-d5efdec45e6d", "buildingName": "RGCI", "polygonType": "Waypoints", "walkableType": "walkable", "visibilityType": "visible", "directionType": "bidirectional", "tactileAvailibity": "not available", "global": false, "name": "undefined", "floor": 0}}, {"building_ID": "65d88662db333f894570bad3", "id": "4a3f1c-a77a-131-328c-10227571", "type": "Feature", "geometry": {"coordinates": [[77.1116837284, 28.7167498686], [77.1117111323, 28.7167317158], [77.1117111323, 28.7167317158]], "type": "LineString"}, "properties": {"nodeId": "4a3f1c-a77a-131-328c-10227571", "buildingName": "RGCI", "polygonType": "Waypoints", "walkableType": "walkable", "visibilityType": "visible", "directionType": "bidirectional", "tactileAvailibity": "not available", "global": false, "name": "undefined", "floor": 0}}, {"building_ID": "65d88662db333f894570bad3", "id": "dfdc284-d58-ae66-3df6-ea2e6a86cba", "type": "Feature", "geometry": {"coordinates": [[[77.1117091978, 28.7167158407], [77.1117042152, 28.7167191412], [77.1117060969, 28.716721326], [77.1117110794, 28.7167180255], [77.1117091978, 28.7167158407]]], "type": "Polygon"}, "properties": {"name": "undefined", "buildingName": "RGCI", "nodeId": "dfdc284-d58-ae66-3df6-ea2e6a86cba", "polygonType": "Cubicle", "type": "Wall", "walkableType": "non-walkable", "visibilityType": "visible", "directionType": "bidirectional", "tactileAvailibity": "not available", "fillColor": "undefined", "height": "undefined", "global": false, "floor": 0}}, {"building_ID": "65d88662db333f894570bad3", "id": "aa048a-c72f-0874-bd74-e5e2f5f16875", "type": "Feature", "geometry": {"coordinates": [[[77.110935905, 28.7163222125], [77.1109980003, 28.7163943133], [77.1110029828, 28.7163910128], [77.1109408875, 28.716318912], [77.110935905, 28.7163222125]]], "type": "Polygon"}, "properties": {"name": "undefined", "buildingName": "RGCI", "nodeId": "aa048a-c72f-0874-bd74-e5e2f5f16875", "polygonType": "Cubicle", "type": "Wall", "walkableType": "non-walkable", "visibilityType": "visible", "directionType": "bidirectional", "tactileAvailibity": "not available", "fillColor": "undefined", "height": "undefined", "global": false, "floor": 0}}, {"building_ID": "65d88662db333f894570bad3", "id": "b7670cf-4751-443c-852-dd2c115b80a0", "type": "Feature", "geometry": {"coordinates": [[77.1116942502, 28.7167257422], [77.1116810784, 28.7167104481], [77.1116810784, 28.7167104481]], "type": "LineString"}, "properties": {"nodeId": "b7670cf-4751-443c-852-dd2c115b80a0", "buildingName": "RGCI", "polygonType": "Waypoints", "walkableType": "walkable", "visibilityType": "visible", "directionType": "bidirectional", "tactileAvailibity": "not available", "global": false, "name": "undefined", "floor": 0}}, {"building_ID": "65d88662db333f894570bad3", "id": "1124af-62f7-fcc2-f3a5-6a45454f214d", "type": "Feature", "geometry": {"coordinates": [[77.1112128815, 28.7167392204], [77.1112467517, 28.7167785481], [77.1112467517, 28.7167785481]], "type": "LineString"}, "properties": {"nodeId": "1124af-62f7-fcc2-f3a5-6a45454f214d", "buildingName": "RGCI", "polygonType": "Waypoints", "walkableType": "walkable", "visibilityType": "visible", "directionType": "bidirectional", "tactileAvailibity": "not available", "global": false, "name": "undefined", "floor": 0}}, {"building_ID": "65d88662db333f894570bad3", "id": "33074cf-ef7-f01b-df-61d67c68df83", "type": "Feature", "geometry": {"coordinates": [[77.1112468599, 28.7164833827], [77.1112562683, 28.716494307], [77.1112562683, 28.716494307]], "type": "LineString"}, "properties": {"nodeId": "33074cf-ef7-f01b-df-61d67c68df83", "buildingName": "RGCI", "polygonType": "Waypoints", "walkableType": "walkable", "visibilityType": "visible", "directionType": "bidirectional", "tactileAvailibity": "not available", "global": false, "name": "undefined", "floor": 0}}, {"building_ID": "65d88662db333f894570bad3", "id": "3edc41-fbcd-7b52-7811-385d2cbfc5ef", "type": "Feature", "geometry": {"coordinates": [[77.1111859285, 28.7167124673], [77.1111884198, 28.7167108171], [77.1111884198, 28.7167108171]], "type": "LineString"}, "properties": {"nodeId": "3edc41-fbcd-7b52-7811-385d2cbfc5ef", "buildingName": "RGCI", "polygonType": "Waypoints", "walkableType": "walkable", "visibilityType": "visible", "directionType": "bidirectional", "tactileAvailibity": "not available", "global": false, "name": "undefined", "floor": 0}}, {"building_ID": "65d88662db333f894570bad3", "id": "6e1b4b7-3b1c-7bf6-c0d6-21dca4bb4abf", "type": "Feature", "geometry": {"coordinates": [[77.1114582676, 28.7170604894], [77.1114557763, 28.7170621396], [77.1114557763, 28.7170621396]], "type": "LineString"}, "properties": {"nodeId": "6e1b4b7-3b1c-7bf6-c0d6-21dca4bb4abf", "buildingName": "RGCI", "polygonType": "Waypoints", "walkableType": "walkable", "visibilityType": "visible", "directionType": "bidirectional", "tactileAvailibity": "not available", "global": false, "name": "undefined", "floor": 0}}, {"building_ID": "65d88662db333f894570bad3", "id": "78e5d84-24e7-7d3-2a57-7dd6b282ef6", "type": "Feature", "geometry": {"coordinates": [[77.1112056218, 28.7164763862], [77.1112093852, 28.716480756], [77.1112093852, 28.716480756]], "type": "LineString"}, "properties": {"nodeId": "78e5d84-24e7-7d3-2a57-7dd6b282ef6", "buildingName": "RGCI", "polygonType": "Waypoints", "walkableType": "walkable", "visibilityType": "visible", "directionType": "bidirectional", "tactileAvailibity": "not available", "global": false, "name": "undefined", "floor": 0}}, {"building_ID": "65d88662db333f894570bad3", "id": "5e5fb45-a56a-a2c-1cf8-f5c2fc5e2f7d", "type": "Feature", "geometry": {"coordinates": [[77.1113938951, 28.7167222539], [77.1113963864, 28.7167206037], [77.1113963864, 28.7167206037]], "type": "LineString"}, "properties": {"nodeId": "5e5fb45-a56a-a2c-1cf8-f5c2fc5e2f7d", "buildingName": "RGCI", "polygonType": "Waypoints", "walkableType": "walkable", "visibilityType": "visible", "directionType": "bidirectional", "tactileAvailibity": "not available", "global": false, "name": "undefined", "floor": 0}}, {"building_ID": "65d88662db333f894570bad3", "id": "b6217cb-e62a-b77-4cdc-2acbdf371b2", "type": "Feature", "geometry": {"coordinates": [[77.1116942502, 28.7167257422], [77.1117036585, 28.7167366665], [77.1117036585, 28.7167366665]], "type": "LineString"}, "properties": {"nodeId": "b6217cb-e62a-b77-4cdc-2acbdf371b2", "buildingName": "RGCI", "polygonType": "Waypoints", "walkableType": "walkable", "visibilityType": "visible", "directionType": "bidirectional", "tactileAvailibity": "not available", "global": false, "name": "undefined", "floor": 0}}, {"building_ID": "65d88662db333f894570bad3", "id": "db311-f220-14ed-8f0e-2ad85643f6c1", "type": "Feature", "geometry": {"coordinates": [[77.111248316, 28.7166985915], [77.1112332626, 28.7166811125], [77.1112332626, 28.7166811125]], "type": "LineString"}, "properties": {"nodeId": "db311-f220-14ed-8f0e-2ad85643f6c1", "buildingName": "RGCI", "polygonType": "Waypoints", "walkableType": "walkable", "visibilityType": "visible", "directionType": "bidirectional", "tactileAvailibity": "not available", "global": false, "name": "undefined", "floor": 0}}, {"building_ID": "65d88662db333f894570bad3", "id": "78aaf71-08c8-0aea-2a75-241aa3ccd707", "type": "Feature", "geometry": {"coordinates": [[77.1113656675, 28.7170120268], [77.1113713125, 28.7170185814], [77.1113713125, 28.7170185814]], "type": "LineString"}, "properties": {"nodeId": "78aaf71-08c8-0aea-2a75-241aa3ccd707", "buildingName": "RGCI", "polygonType": "Waypoints", "walkableType": "walkable", "visibilityType": "visible", "directionType": "bidirectional", "tactileAvailibity": "not available", "global": false, "name": "undefined", "floor": 0}}, {"building_ID": "65d88662db333f894570bad3", "id": "2e204b-0841-f8b3-e855-4468e51bd6f", "type": "Feature", "geometry": {"coordinates": [[[77.1108047697, 28.7163198642], [77.1107848395, 28.7163330662], [77.1107867212, 28.7163352511], [77.1108066513, 28.716322049], [77.1108047697, 28.7163198642]]], "type": "Polygon"}, "properties": {"name": "undefined", "buildingName": "RGCI", "nodeId": "2e204b-0841-f8b3-e855-4468e51bd6f", "polygonType": "Cubicle", "type": "Non Walkable", "walkableType": "non-walkable", "visibilityType": "visible", "directionType": "bidirectional", "tactileAvailibity": "not available", "fillColor": "undefined", "height": "undefined", "global": false, "floor": 0}}, {"building_ID": "65d88662db333f894570bad3", "id": "2656f7-4563-606-57f-8e563f6a2c20", "type": "Feature", "geometry": {"coordinates": [[[77.1107604307, 28.7163183531], [77.1108052735, 28.7162886485], [77.1108222085, 28.7163083124], [77.1108197173, 28.7163099626], [77.1108046639, 28.7162924837], [77.1107623123, 28.716320538], [77.1107604307, 28.7163183531]]], "type": "Polygon"}, "properties": {"name": "undefined", "buildingName": "RGCI", "nodeId": "2656f7-4563-606-57f-8e563f6a2c20", "polygonType": "Cubicle", "type": "Wall", "walkableType": "non-walkable", "visibilityType": "visible", "directionType": "bidirectional", "tactileAvailibity": "not available", "fillColor": "undefined", "height": "undefined", "global": false, "floor": 0}}, {"building_ID": "65d88662db333f894570bad3", "id": "b31c455-3e06-508c-da0-c47d80d7eeba", "type": "Feature", "geometry": {"coordinates": [[[77.1111365061, 28.7160417844], [77.1111539449, 28.7160302327], [77.1111520633, 28.7160280478], [77.1111346244, 28.7160395996], [77.1111365061, 28.7160417844]]], "type": "Polygon"}, "properties": {"name": "undefined", "buildingName": "RGCI", "nodeId": "b31c455-3e06-508c-da0-c47d80d7eeba", "polygonType": "Cubicle", "type": "Wall", "walkableType": "non-walkable", "visibilityType": "visible", "directionType": "bidirectional", "tactileAvailibity": "not available", "fillColor": "undefined", "height": "undefined", "global": false, "floor": 0}}, {"building_ID": "65d88662db333f894570bad3", "id": "aac643-7ae6-6a22-64a2-b87030e218", "type": "Feature", "geometry": {"coordinates": [[77.1111272035, 28.7160582406], [77.111132186, 28.7160549401], [77.111132186, 28.7160549401]], "type": "LineString"}, "properties": {"nodeId": "aac643-7ae6-6a22-64a2-b87030e218", "buildingName": "RGCI", "polygonType": "Waypoints", "walkableType": "walkable", "visibilityType": "visible", "directionType": "bidirectional", "tactileAvailibity": "not available", "global": false, "name": "undefined", "floor": 0}}, {"building_ID": "65d88662db333f894570bad3", "id": "cf1011-eec7-d3d-eac4-13dc55ecc465", "type": "Feature", "geometry": {"coordinates": [[[77.1114747518, 28.7171250591], [77.1115021557, 28.7171069063], [77.111500274, 28.7171047215], [77.1114728701, 28.7171228742], [77.1114747518, 28.7171250591]]], "type": "Polygon"}, "properties": {"name": "undefined", "buildingName": "RGCI", "nodeId": "cf1011-eec7-d3d-eac4-13dc55ecc465", "polygonType": "Cubicle", "type": "Wall", "walkableType": "non-walkable", "visibilityType": "visible", "directionType": "bidirectional", "tactileAvailibity": "not available", "fillColor": "undefined", "height": "undefined", "global": false, "floor": 0}}, {"building_ID": "65d88662db333f894570bad3", "id": "200e0da-8b-725-5162-8bd23ee74c85", "type": "Feature", "geometry": {"coordinates": [[77.1114124978, 28.7170118876], [77.1114557763, 28.7170621396], [77.1114557763, 28.7170621396]], "type": "LineString"}, "properties": {"nodeId": "200e0da-8b-725-5162-8bd23ee74c85", "buildingName": "RGCI", "polygonType": "Waypoints", "walkableType": "walkable", "visibilityType": "visible", "directionType": "bidirectional", "tactileAvailibity": "not available", "global": false, "name": "undefined", "floor": 0}}, {"building_ID": "65d88662db333f894570bad3", "id": "eb6aa27-d60-b47d-370c-a45d53f8c521", "type": "Feature", "geometry": {"coordinates": [[[77.1114747518, 28.7171250591], [77.1114973319, 28.7171512776], [77.1114499978, 28.7171826324], [77.1114970397, 28.7172372542], [77.1115941991, 28.7171728943], [77.1115245771, 28.717092054], [77.1114747518, 28.7171250591]]], "type": "Polygon"}, "properties": {"name": "PET CT Room", "buildingName": "RGCI", "nodeId": "eb6aa27-d60-b47d-370c-a45d53f8c521", "polygonType": "Room", "type": "Room", "walkableType": "non-walkable", "visibilityType": "visible", "directionType": "bidirectional", "tactileAvailibity": "not available", "fillColor": "undefined", "height": "undefined", "global": false, "floor": 0}}, {"building_ID": "65d88662db333f894570bad3", "id": "3b1bd86-ef55-fb73-fcf0-7fb2ba5fbd35", "type": "Feature", "geometry": {"coordinates": [[[77.111557626, 28.7170804559], [77.1115651527, 28.7170891954], [77.1115975392, 28.7170677421], [77.1115900125, 28.7170590026], [77.111557626, 28.7170804559]]], "type": "Polygon"}, "properties": {"name": "undefined", "buildingName": "RGCI", "nodeId": "3b1bd86-ef55-fb73-fcf0-7fb2ba5fbd35", "polygonType": "Cubicle", "type": "Restricted Area", "walkableType": "non-walkable", "visibilityType": "visible", "directionType": "bidirectional", "tactileAvailibity": "not available", "fillColor": "undefined", "height": "undefined", "global": false, "floor": 0}}, {"building_ID": "65d88662db333f894570bad3", "id": "fa825f-66e3-3623-1e7e-161c3768454", "type": "Feature", "geometry": {"coordinates": [[[77.1115900125, 28.7170590026], [77.1116351727, 28.7171114395], [77.1116825068, 28.7170800847], [77.1116712167, 28.7170669755], [77.1116936381, 28.7170521232], [77.111665413, 28.7170193501], [77.1116454829, 28.7170325522], [77.1116417195, 28.7170281824], [77.1115900125, 28.7170590026]]], "type": "Polygon"}, "properties": {"name": "Radiation Area", "buildingName": "RGCI", "nodeId": "fa825f-66e3-3623-1e7e-161c3768454", "polygonType": "Room", "type": "Room", "walkableType": "non-walkable", "visibilityType": "visible", "directionType": "bidirectional", "tactileAvailibity": "not available", "fillColor": "undefined", "height": "undefined", "global": false, "floor": 0}}, {"building_ID": "65d88662db333f894570bad3", "id": "1fc52d7-40a3-a5b1-def8-75876333733", "type": "Feature", "geometry": {"coordinates": [[77.1114934098, 28.7171058371], [77.1114557763, 28.7170621396], [77.1114557763, 28.7170621396]], "type": "LineString"}, "properties": {"nodeId": "1fc52d7-40a3-a5b1-def8-75876333733", "buildingName": "RGCI", "polygonType": "Waypoints", "walkableType": "walkable", "visibilityType": "visible", "directionType": "bidirectional", "tactileAvailibity": "not available", "global": false, "name": "undefined", "floor": 0}}, {"building_ID": "65d88662db333f894570bad3", "id": "dd17ccc-408-8356-8375-c77ecf282fcd", "type": "Feature", "geometry": {"coordinates": [[77.1109821509, 28.7164940265], [77.1109946072, 28.7164857753], [77.1110195199, 28.7164692727], [77.1110195199, 28.7164692727]], "type": "LineString"}, "properties": {"nodeId": "dd17ccc-408-8356-8375-c77ecf282fcd", "buildingName": "RGCI", "polygonType": "Waypoints", "walkableType": "walkable", "visibilityType": "visible", "directionType": "bidirectional", "tactileAvailibity": "not available", "global": false, "name": "undefined", "floor": 0}}, {"building_ID": "65d88662db333f894570bad3", "id": "74860f7-7da2-3ea-7c-00b1a0f1804", "type": "Feature", "geometry": {"coordinates": [[77.1112093852, 28.716480756], [77.1112131485, 28.7164851257], [77.1112225569, 28.7164960501], [77.1112338469, 28.7165091593], [77.1112545454, 28.7165331929], [77.1112545454, 28.7165331929]], "type": "LineString"}, "properties": {"nodeId": "74860f7-7da2-3ea-7c-00b1a0f1804", "buildingName": "RGCI", "polygonType": "Waypoints", "walkableType": "walkable", "visibilityType": "visible", "directionType": "bidirectional", "tactileAvailibity": "not available", "global": false, "name": "undefined", "floor": 0}}, {"building_ID": "65d88662db333f894570bad3", "id": "e28b643-7f44-257b-afbd-c05d1203f5", "type": "Feature", "geometry": {"coordinates": [[77.1110279207, 28.7165426283], [77.1110378858, 28.7165360273], [77.1110378858, 28.7165360273]], "type": "LineString"}, "properties": {"nodeId": "e28b643-7f44-257b-afbd-c05d1203f5", "buildingName": "RGCI", "polygonType": "Waypoints", "walkableType": "walkable", "visibilityType": "visible", "directionType": "bidirectional", "tactileAvailibity": "not available", "global": false, "name": "undefined", "floor": 0}}, {"building_ID": "65d88662db333f894570bad3", "id": "8e5a4c7-a2d1-3e86-84cd-76c5d7535cbd", "type": "Feature", "geometry": {"coordinates": [[77.1114991354, 28.7169716541], [77.1115190655, 28.7169584521], [77.1115190655, 28.7169584521]], "type": "LineString"}, "properties": {"nodeId": "8e5a4c7-a2d1-3e86-84cd-76c5d7535cbd", "buildingName": "RGCI", "polygonType": "Waypoints", "walkableType": "walkable", "visibilityType": "visible", "directionType": "bidirectional", "tactileAvailibity": "not available", "global": false, "name": "undefined", "floor": 0}}, {"building_ID": "65d88662db333f894570bad3", "id": "caddd2e-5c5-77e1-010-7d30acbc0a", "type": "Feature", "geometry": {"coordinates": [[77.1110128673, 28.7165251493], [77.1110228324, 28.7165185483], [77.1110228324, 28.7165185483]], "type": "LineString"}, "properties": {"nodeId": "caddd2e-5c5-77e1-010-7d30acbc0a", "buildingName": "RGCI", "polygonType": "Waypoints", "walkableType": "walkable", "visibilityType": "visible", "directionType": "bidirectional", "tactileAvailibity": "not available", "global": false, "name": "undefined", "floor": 0}}, {"building_ID": "65d88662db333f894570bad3", "id": "f868cff-85ab-b305-82de-44c1d7a33b2", "type": "Feature", "geometry": {"coordinates": [[[77.1110074339, 28.7165733557], [77.1109904988, 28.7165536919], [77.1110179027, 28.7165355391], [77.1110348378, 28.7165552029], [77.1110074339, 28.7165733557]]], "type": "Polygon"}, "properties": {"name": "Lift-7", "buildingName": "RGCI", "nodeId": "f868cff-85ab-b305-82de-44c1d7a33b2", "polygonType": "Room", "type": "Room", "walkableType": "non-walkable", "visibilityType": "visible", "directionType": "bidirectional", "tactileAvailibity": "not available", "fillColor": "undefined", "height": "undefined", "global": false, "floor": 0}}, {"building_ID": "65d88662db333f894570bad3", "id": "686ea57-325-f32d-de5c-cade8c10d46e", "type": "Feature", "geometry": {"coordinates": [[77.1112545454, 28.7165331929], [77.1112695988, 28.7165506719], [77.111262125, 28.7165556226], [77.111262125, 28.7165556226]], "type": "LineString"}, "properties": {"nodeId": "686ea57-325-f32d-de5c-cade8c10d46e", "buildingName": "RGCI", "polygonType": "Waypoints", "walkableType": "walkable", "visibilityType": "visible", "directionType": "bidirectional", "tactileAvailibity": "not available", "global": false, "name": "undefined", "floor": 0}}, {"building_ID": "65d88662db333f894570bad3", "id": "a82ab03-bfed-3bb-7381-b04db6017a5c", "type": "Feature", "geometry": {"coordinates": [[[77.1109904988, 28.7165536919], [77.1109754454, 28.7165362129], [77.1110028493, 28.7165180601], [77.1110179027, 28.7165355391], [77.1109904988, 28.7165536919]]], "type": "Polygon"}, "properties": {"name": "Lift-8", "buildingName": "RGCI", "nodeId": "a82ab03-bfed-3bb-7381-b04db6017a5c", "polygonType": "Room", "type": "Room", "walkableType": "non-walkable", "visibilityType": "visible", "directionType": "bidirectional", "tactileAvailibity": "not available", "fillColor": "undefined", "height": "undefined", "global": false, "floor": 0}}, {"building_ID": "65d88662db333f894570bad3", "id": "65d88662db333f894570bad3boundary", "type": "Feature", "geometry": {"coordinates": [[[77.11063722, 28.7162661481], [77.1112199297, 28.7169472936], [77.1111352266, 28.7170034022], [77.1114118328, 28.7173245784], [77.1119399284, 28.7169610346], [77.1114964627, 28.7164415696], [77.1113126681, 28.716223617], [77.1113649847, 28.7161889617], [77.1111448288, 28.7159333317], [77.11063722, 28.7162661481]]], "type": "Polygon"}, "properties": {"name": "Boundary Points of RGCI", "buildingName": "RGCI", "polygonType": "Boundary", "type": "Boundary", "floor": 0, "nodeId": "65d88662db333f894570bad3", "visibilityType": "visible", "global": false}}, {"building_ID": "65d88662db333f894570bad3", "id": "6911eae4ba86bf1f03e12f0f", "type": "Feature", "geometry": {"type": "Point", "coordinates": [77.1107857942, 28.7162569447]}, "properties": {"name": "3151", "roomNumber": "3151", "buildingName": "RGCI", "element": {"type": "Rooms", "subType": "room door"}, "floor": 1, "priority": 0, "landmarkId": "6911eae4ba86bf1f03e12f0f", "type": "Centroid", "centroid": [77.11078579421904, 28.716256944699953], "global": false, "latitude": "28.716256944699953", "longitude": "77.11078579421904", "doorLatitude": "28.716272773423658", "doorLongitude": "77.11080333888505", "node": "32622", "nodeId": "e7c1cc7-38e2-55cb-5edd-0478aa1cbd5c", "protocol": "Open Access", "polygonExist": true, "polyId": "4e34a43-b3c4-8f58-dc8d-23eb7ce53b2"}}, {"building_ID": "65d88662db333f894570bad3", "id": "6911eae4ba86bf1f03e12f11", "type": "Feature", "geometry": {"type": "Point", "coordinates": [77.1110954266, 28.7160758587]}, "properties": {"name": "3067 - Medical Oncology Unit 1-Dr. D.C. Doval", "roomNumber": "3067 - Medical Oncology Unit 1-Dr. D.C. Doval", "buildingName": "RGCI", "element": {"type": "Rooms", "subType": "Consultation Room"}, "floor": 0, "priority": 0, "landmarkId": "6911eae4ba86bf1f03e12f11", "type": "Centroid", "centroid": [77.11109542663874, 28.716075858732488], "global": false, "latitude": "28.716075858732488", "longitude": "77.11109542663874", "doorLatitude": "28.71609717283365", "doorLongitude": "77.11110987044701", "node": "89547", "nodeId": "35aa17-de6b-470-a1b-a7637f4f604", "protocol": "Choose ...", "polygonExist": true, "polyId": "3350ec8-2b3-cf14-ac52-38b622ffee5"}}, {"building_ID": "65d88662db333f894570bad3", "id": "6911eae4ba86bf1f03e12f13", "type": "Feature", "geometry": {"type": "Point", "coordinates": [77.1110232064, 28.7161305612]}, "properties": {"name": "3065 - Initial Assessment Room", "roomNumber": "3065 - Initial Assessment Room", "buildingName": "RGCI", "element": {"type": "Rooms", "subType": "Consultation Room"}, "floor": 0, "priority": 0, "landmarkId": "6911eae4ba86bf1f03e12f13", "type": "Centroid", "centroid": [77.11102320636513, 28.716130561184073], "global": false, "latitude": "28.716130561184073", "longitude": "77.11102320636513", "doorLatitude": "28.716137987321243", "doorLongitude": "77.11101199566659", "node": "73934", "nodeId": "a4f3ac-e8d5-4037-5412-80dcf6ba3b7c", "polygonExist": true, "polyId": "8816f2c-614-180c-168d-df7d785aaab"}}, {"building_ID": "65d88662db333f894570bad3", "id": "6911eae4ba86bf1f03e12f15", "type": "Feature", "geometry": {"type": "Point", "coordinates": [77.1116304962, 28.7169515495]}, "properties": {"name": "CT Preparation Area", "roomNumber": "CT Preparation Area", "buildingName": "RGCI", "element": {"type": "Rooms", "subType": "room door"}, "floor": 0, "priority": 0, "landmarkId": "6911eae4ba86bf1f03e12f15", "type": "Centroid", "centroid": [77.11163049619549, 28.71695154951421], "global": false, "latitude": "28.71695154951421", "longitude": "77.11163049619549", "doorLatitude": "28.716940067337276", "doorLongitude": "77.11162451992453", "node": "65106", "nodeId": "456648-278d-5450-01b0-cb825c51cbc6", "protocol": "Staff Only", "polygonExist": true, "polyId": "f5d105-76-fc74-10e8-6360e4e4e8e5"}}, {"building_ID": "65d88662db333f894570bad3", "id": "6911eae4ba86bf1f03e12f17", "type": "Feature", "geometry": {"type": "Point", "coordinates": [77.111125706, 28.7160746735]}, "properties": {"name": "D.U", "roomNumber": "D.U", "buildingName": "RGCI", "element": {"type": "Rooms", "subType": "room door"}, "floor": 0, "priority": 0, "landmarkId": "6911eae4ba86bf1f03e12f17", "type": "Centroid", "centroid": [77.11112570598175, 28.716074673507133], "global": false, "latitude": "28.716074673507133", "longitude": "77.11112570598175", "doorLatitude": "28.71606698006029", "doorLongitude": "77.11113473020966", "node": "95510", "nodeId": "e55bffc-7cda-746c-0ab3-3a4b6b08beea", "protocol": "Open Access", "polygonExist": true, "polyId": "f6420ff-b580-a7a2-a273-3ace0ea21ecf"}}, {"building_ID": "65d88662db333f894570bad3", "id": "6911eae4ba86bf1f03e12f19", "type": "Feature", "geometry": {"type": "Point", "coordinates": [77.1112168753, 28.7160760454]}, "properties": {"name": "3170 - Surgical Oncology Unit 5 A - Dr. Himanshu Rohella", "roomNumber": "3170 - Surgical Oncology Unit 5 A - Dr. Himanshu Rohella", "buildingName": "RGCI", "element": {"type": "Rooms", "subType": "Consultation Room"}, "floor": 1, "priority": 0, "landmarkId": "6911eae4ba86bf1f03e12f19", "type": "Centroid", "centroid": [77.1112168752569, 28.716076045391848], "global": false, "latitude": "28.716076045391848", "longitude": "77.1112168752569", "doorLatitude": "28.71608922421615", "doorLongitude": "77.11120475017127", "node": "98283", "nodeId": "e7c5532-d6ea-caca-8a11-801dff3e864", "polygonExist": true, "polyId": "b43245-0544-fb26-3055-5a0e7d85206b"}}, {"building_ID": "65d88662db333f894570bad3", "id": "6911eae4ba86bf1f03e12f1b", "type": "Feature", "geometry": {"type": "Point", "coordinates": [77.1114127118, 28.7167441027]}, "properties": {"name": "LINAC 1 and 2 Entry", "roomNumber": "LINAC 1 and 2 Entry", "buildingName": "RGCI", "element": {"type": "Rooms", "subType": "room door"}, "floor": 0, "priority": 0, "landmarkId": "6911eae4ba86bf1f03e12f1b", "type": "Rooms", "global": false, "latitude": "28.71674410265603", "longitude": "77.11141271184897", "node": "59959", "nodeId": "85dee58-4db1-ceb8-8b76-2ecdfae21d7", "protocol": "Open Access"}}, {"building_ID": "65d88662db333f894570bad3", "id": "6911eae4ba86bf1f03e12f1d", "type": "Feature", "geometry": {"type": "Point", "coordinates": [77.1111642803, 28.7161194634]}, "properties": {"name": "Injection Room D Block", "roomNumber": "Injection Room D Block", "buildingName": "RGCI", "element": {"type": "Rooms", "subType": "room door"}, "floor": 0, "priority": 0, "landmarkId": "6911eae4ba86bf1f03e12f1d", "type": "Centroid", "centroid": [77.11116428031836, 28.716119463384175], "global": false, "latitude": "28.716119463384175", "longitude": "77.11116428031836", "doorLatitude": "28.7161348038832", "doorLongitude": "77.11116184195282", "node": "91863", "nodeId": "8272e8e-d3f-7a2a-0a1a-bacb1bc2c706", "protocol": "Open Access", "polygonExist": true, "polyId": "cdd8b-75de-6c34-bb-360cc3462a"}}, {"building_ID": "65d88662db333f894570bad3", "id": "6911eae4ba86bf1f03e12f1f", "type": "Feature", "geometry": {"type": "Point", "coordinates": [77.1110406188, 28.7161121643]}, "properties": {"name": "3063 - Medical Oncology Unit 1-Dr. Pankaj Goyal", "roomNumber": "3063 - Medical Oncology Unit 1-Dr. Pankaj Goyal", "buildingName": "RGCI", "element": {"type": "Rooms", "subType": "Consultation Room"}, "floor": 0, "priority": 0, "landmarkId": "6911eae4ba86bf1f03e12f1f", "type": "Centroid", "centroid": [77.11104061877916, 28.716112164291985], "global": false, "latitude": "28.716112164291985", "longitude": "77.11104061877916", "doorLatitude": "28.71612687738233", "doorLongitude": "77.1110650276528", "node": "81285", "nodeId": "58ed83d-fc32-cef5-880a-5b0d536c8b2", "polygonExist": true, "polyId": "84557c-55a-f35f-31a-a1ca7f63770b"}}, {"building_ID": "65d88662db333f894570bad3", "id": "6911eae4ba86bf1f03e12f21", "type": "Feature", "geometry": {"type": "Point", "coordinates": [77.111038022, 28.71660354]}, "properties": {"name": "International Patient Lounge", "roomNumber": "International Patient Lounge", "buildingName": "RGCI", "element": {"type": "Rooms", "subType": "room door"}, "floor": 0, "priority": 0, "landmarkId": "6911eae4ba86bf1f03e12f21", "type": "Centroid", "centroid": [77.11103802202558, 28.716603539982792], "global": false, "latitude": "28.716603539982792", "longitude": "77.11103802202558", "doorLatitude": "28.716588510632356", "doorLongitude": "77.11106743587119", "node": "35061", "nodeId": "afa7526-a75b-3d1-eaa6-1f23dea2c21", "protocol": "Open Access", "polygonExist": true, "polyId": "f807765-b7b-86a7-e063-6728134d8c8c"}}, {"building_ID": "65d88662db333f894570bad3", "id": "6911eae4ba86bf1f03e12f23", "type": "Feature", "geometry": {"type": "Point", "coordinates": [77.1112951059, 28.7167688211]}, "properties": {"name": "TPA Desk", "roomNumber": "TPA Desk", "buildingName": "RGCI", "element": {"type": "Rooms", "subType": "room door"}, "floor": 0, "priority": 0, "landmarkId": "6911eae4ba86bf1f03e12f23", "type": "Centroid", "centroid": [77.1112951059319, 28.716768821110243], "global": false, "assignedTo": "C Block", "latitude": "28.716768821110243", "longitude": "77.1112951059319", "doorLatitude": "28.716698591500275", "doorLongitude": "77.11124831595288", "node": "45226", "nodeId": "e8eb74-f043-68f1-e73b-6efa8fc44ef", "protocol": "Open Access", "polygonExist": true, "polyId": "41d6ffc-f116-7c71-e213-6c7e512fe32b"}}, {"building_ID": "65d88662db333f894570bad3", "id": "6911eae4ba86bf1f03e12f25", "type": "Feature", "geometry": {"type": "Point", "coordinates": [77.1109540743, 28.7160957192]}, "properties": {"name": "3062 - Surgical Oncology Unit 2- H & N- Dr. Mudit Agarwal", "roomNumber": "3062 - Surgical Oncology Unit 2- H & N- Dr. Mudit Agarwal", "buildingName": "RGCI", "element": {"type": "Rooms", "subType": "Consultation Room"}, "floor": 0, "priority": 0, "landmarkId": "6911eae4ba86bf1f03e12f25", "type": "Centroid", "centroid": [77.11095407434021, 28.71609571921792], "global": false, "latitude": "28.71609571921792", "longitude": "77.11095407434021", "doorLatitude": "28.71612064752883", "doorLongitude": "77.11095011199619", "node": "68409", "nodeId": "f744aa1-338c-47b0-72e8-c370b4dff", "polygonExist": true, "polyId": "7f6ff80-b372-387c-6de8-187cbc6735e"}}, {"building_ID": "65d88662db333f894570bad3", "id": "6911eae4ba86bf1f03e12f27", "type": "Feature", "geometry": {"type": "Point", "coordinates": [77.1107677987, 28.7162860218]}, "properties": {"name": "Lift lobby 1", "roomNumber": "Lift lobby 1", "buildingName": "RGCI", "element": {"type": "Rooms", "subType": "room door"}, "floor": 0, "priority": 0, "landmarkId": "6911eae4ba86bf1f03e12f27", "type": "Rooms", "global": false, "latitude": "28.716286021839956", "longitude": "77.11076779866404", "node": "30325", "nodeId": "68b8fa-b5c4-8f5-c26-1380c7c0d", "protocol": "Open Access"}}, {"building_ID": "65d88662db333f894570bad3", "id": "6911eae4ba86bf1f03e12f29", "type": "Feature", "geometry": {"type": "Point", "coordinates": [77.1112620355, 28.7161284823]}, "properties": {"name": "3174 - Gynaecologic Oncology Unit 2 - Dr. Sarika Gupta .", "roomNumber": "3174 - Gynaecologic Oncology Unit 2 - Dr. Sarika Gupta .", "buildingName": "RGCI", "element": {"type": "Rooms"}, "floor": 1, "priority": 0, "landmarkId": "6911eae4ba86bf1f03e12f29", "type": "Centroid", "centroid": [77.11126203545587, 28.71612848232107], "global": false, "contactNo": "null", "daysOpen": "null", "doorMaterial": "null", "doorType": "null", "endTime": "null", "latitude": "28.71612848232107", "longitude": "77.11126203545587", "doorLatitude": "28.716137291401274", "doorLongitude": "77.11124614702032", "motion": "null", "node": "98305", "nodeId": "ebf2543-108e-06fc-5e7f-fcbe1ae3be6e", "openingMechanism": "null", "startTime": "null", "timings": "null", "polygonExist": true, "polyId": "6221b8-d630-32d8-8ca-8a212b8a2e8"}}, {"building_ID": "65d88662db333f894570bad3", "id": "6911eae4ba86bf1f03e12f2b", "type": "Feature", "geometry": {"type": "Point", "coordinates": [77.1112687271, 28.7161635099]}, "properties": {"name": "3176 Examination Room", "roomNumber": "3176 Examination Room", "buildingName": "RGCI", "element": {"type": "Rooms", "subType": "room door"}, "floor": 1, "priority": 0, "landmarkId": "6911eae4ba86bf1f03e12f2b", "type": "Rooms", "global": false, "latitude": "28.716163509865886", "longitude": "77.1112687271198", "node": "98317", "nodeId": "8f42514-bb6-7ca7-b638-450b354eb6f", "protocol": "Open Access"}}, {"building_ID": "65d88662db333f894570bad3", "id": "6911eae4ba86bf1f03e12f31", "type": "Feature", "geometry": {"type": "Point", "coordinates": [77.1108967752, 28.716133675]}, "properties": {"name": "3056/3058 - Medical Oncology Unit-3 Dr. Rajat Saha", "roomNumber": "3056/3058 - Medical Oncology Unit-3 Dr. Rajat Saha", "buildingName": "RGCI", "element": {"type": "Rooms", "subType": "Consultation Room"}, "floor": 0, "priority": 0, "landmarkId": "6911eae4ba86bf1f03e12f31", "type": "Centroid", "centroid": [77.11089677521429, 28.716133675030118], "global": false, "latitude": "28.716133675030118", "longitude": "77.11089677521429", "doorLatitude": "28.71615860334103", "doorLongitude": "77.11089281287026", "node": "57852", "nodeId": "72e254c-7bc7-a7e5-be6-65773b4b0ec5", "polygonExist": true, "polyId": "5671c4-ef6a-2385-8a7-21f074451072"}}, {"building_ID": "65d88662db333f894570bad3", "id": "6911eae4ba86bf1f03e12f33", "type": "Feature", "geometry": {"type": "Point", "coordinates": [77.1114612122, 28.7166913874]}, "properties": {"name": "Change Room - LINAC 1 and 2", "roomNumber": "Change Room - LINAC 1 and 2", "buildingName": "RGCI", "element": {"type": "Rooms", "subType": "room door"}, "floor": 0, "priority": 0, "landmarkId": "6911eae4ba86bf1f03e12f33", "type": "Centroid", "centroid": [77.1114612121915, 28.716691387358818], "global": false, "latitude": "28.716691387358818", "longitude": "77.1114612121915", "doorLatitude": "28.716711632221287", "doorLongitude": "77.11146691011716", "node": "69599", "nodeId": "4b44cdb-75e2-04db-7a1f-a0701c1d1a8b", "protocol": "Open Access", "polygonExist": true, "polyId": "0b7804-576-51fa-3b10-2234ae523fb"}}, {"building_ID": "65d88662db333f894570bad3", "id": "6911eae4ba86bf1f03e12f35", "type": "Feature", "geometry": {"type": "Point", "coordinates": [77.1115098712, 28.7166797428]}, "properties": {"name": "LINAC 3 Entry", "roomNumber": "LINAC 3 Entry", "buildingName": "RGCI", "element": {"type": "Rooms", "subType": "room door"}, "floor": 0, "priority": 0, "landmarkId": "6911eae4ba86bf1f03e12f35", "type": "Rooms", "global": false, "latitude": "28.716679742800558", "longitude": "77.11150987123641", "node": "77860", "nodeId": "8bc16b0-1c4-03f1-54de-485aa232cf", "protocol": "Open Access"}}, {"building_ID": "65d88662db333f894570bad3", "id": "6911eae4ba86bf1f03e12f37", "type": "Feature", "geometry": {"type": "Point", "coordinates": [77.1108618307, 28.7162203022]}, "properties": {"name": "3053 - Dressing Room", "roomNumber": "3053 - Dressing Room", "buildingName": "RGCI", "element": {"type": "Rooms", "subType": "room door"}, "floor": 0, "priority": 0, "landmarkId": "6911eae4ba86bf1f03e12f37", "type": "Centroid", "centroid": [77.11086183074335, 28.71622030223879], "global": false, "latitude": "28.71622030223879", "longitude": "77.11086183074335", "doorLatitude": "28.71620636788013", "doorLongitude": "77.11085178632678", "node": "48219", "nodeId": "dd80f07-3fcf-1e13-4bbc-d8badb2f5fd", "protocol": "Open Access", "polygonExist": true, "polyId": "60ad814-5aa-554-52e-b762428eeffc"}}, {"building_ID": "65d88662db333f894570bad3", "id": "6911eae4ba86bf1f03e12f39", "type": "Feature", "geometry": {"type": "Point", "coordinates": [77.1110633185, 28.7160885493]}, "properties": {"name": "3064 - Re Constructive Surgical Oncology - Dr. Rajan Arora", "roomNumber": "3064 - Re Constructive Surgical Oncology - Dr. Rajan Arora", "buildingName": "RGCI", "element": {"type": "Rooms", "subType": "Consultation Room"}, "floor": 0, "priority": 0, "landmarkId": "6911eae4ba86bf1f03e12f39", "type": "Centroid", "centroid": [77.11106331852154, 28.716088549332106], "global": false, "latitude": "28.716088549332106", "longitude": "77.11106331852154", "doorLatitude": "28.716080948674595", "doorLongitude": "77.11104112256896", "node": "83103", "nodeId": "a63c5f-8ce1-20b2-7a8e-5dddf4fe161", "polygonExist": true, "polyId": "7e2bf20-1b57-275a-8314-288c737f7c21"}}, {"building_ID": "65d88662db333f894570bad3", "id": "6911eae4ba86bf1f03e12f3b", "type": "Feature", "geometry": {"type": "Point", "coordinates": [77.1109474746, 28.7161652861]}, "properties": {"name": "3059 - Tumor Board", "roomNumber": "3059 - Tumor Board", "buildingName": "RGCI", "element": {"type": "Rooms", "subType": "room door"}, "floor": 0, "priority": 0, "landmarkId": "6911eae4ba86bf1f03e12f3b", "type": "Centroid", "centroid": [77.11094747463653, 28.716165286082862], "global": false, "latitude": "28.716165286082862", "longitude": "77.11094747463653", "doorLatitude": "28.716156860298998", "doorLongitude": "77.11092652431711", "node": "61989", "nodeId": "d52c1a8-40e0-1ff1-2b75-06780f445261", "protocol": "Open Access", "polygonExist": true, "polyId": "2571de4-b800-0836-2ed2-2c4e76075d8f"}}, {"building_ID": "65d88662db333f894570bad3", "id": "6911eae4ba86bf1f03e12f3d", "type": "Feature", "geometry": {"type": "Point", "coordinates": [77.1111162976, 28.7160637491]}, "properties": {"name": "C.U", "roomNumber": "C.U", "buildingName": "RGCI", "element": {"type": "Rooms", "subType": "room door"}, "floor": 0, "priority": 0, "landmarkId": "6911eae4ba86bf1f03e12f3d", "type": "Centroid", "centroid": [77.11111629760697, 28.716063749146876], "global": false, "latitude": "28.716063749146876", "longitude": "77.11111629760697", "doorLatitude": "28.716058240572085", "doorLongitude": "77.11112720350982", "node": "95506", "nodeId": "aa1d3c3-2b51-d6bb-a74a-2c63bad28a6", "protocol": "Open Access", "polygonExist": true, "polyId": "870a1b5-f534-bc6b-511-b56faa8fe1c"}}, {"building_ID": "65d88662db333f894570bad3", "id": "6911eae4ba86bf1f03e12f3f", "type": "Feature", "geometry": {"type": "Point", "coordinates": [77.1115371958, 28.7166410547]}, "properties": {"name": "Change Room (LINAC 3)", "roomNumber": "Change Room (LINAC 3)", "buildingName": "RGCI", "element": {"type": "Rooms", "subType": "room door"}, "floor": 0, "priority": 0, "landmarkId": "6911eae4ba86bf1f03e12f3f", "type": "Centroid", "centroid": [77.111537195815, 28.71664105465133], "global": false, "latitude": "28.71664105465133", "longitude": "77.111537195815", "doorLatitude": "28.716661682810138", "doorLongitude": "77.1115060549857", "node": "79231", "nodeId": "8706fae-0831-f8db-decc-affd3f086b3", "protocol": "Open Access", "polygonExist": true, "polyId": "d3038-ee3e-ed6-32bd-88cee8b550ff"}}, {"building_ID": "65d88662db333f894570bad3", "id": "6911eae4ba86bf1f03e12f41", "type": "Feature", "geometry": {"type": "Point", "coordinates": [77.1110783719, 28.7161060283]}, "properties": {"name": "Counter No. B", "roomNumber": "Counter No. B", "buildingName": "RGCI", "element": {"type": "Rooms", "subType": "room door"}, "floor": 0, "priority": 0, "landmarkId": "6911eae4ba86bf1f03e12f41", "type": "Centroid", "centroid": [77.11107837192121, 28.716106028308516], "global": false, "latitude": "28.716106028308516", "longitude": "77.11107837192121", "doorLatitude": "28.716113675360695", "doorLongitude": "77.11108495778356", "node": "84957", "nodeId": "dc5dc58-a344-00f-ecb-c21bda26c2f7", "protocol": "Open Access", "polygonExist": true, "polyId": "db3a7e-411b-710f-d160-fcbfd2d622a"}}, {"building_ID": "65d88662db333f894570bad3", "id": "6911eae4ba86bf1f03e12f43", "type": "Feature", "geometry": {"type": "Point", "coordinates": [77.1109269614, 28.7161891684]}, "properties": {"name": "3057 - Surgical Oncology Unit 1 H & N - Dr. AK. Dewan", "roomNumber": "3057 - Surgical Oncology Unit 1 H & N - Dr. AK. Dewan", "buildingName": "RGCI", "element": {"type": "Rooms", "subType": "Consultation Room"}, "floor": 0, "priority": 0, "landmarkId": "6911eae4ba86bf1f03e12f43", "type": "Centroid", "centroid": [77.11092696136478, 28.71618916835241], "global": false, "latitude": "28.71618916835241", "longitude": "77.11092696136478", "doorLatitude": "28.716163461309815", "doorLongitude": "77.11091655925173", "node": "60153", "nodeId": "4bb02d-47c4-0bc2-8036-b2b6f2d68ade", "polygonExist": true, "polyId": "f12b52-becc-74c7-22ae-cb8e3688d4e8"}}, {"building_ID": "65d88662db333f894570bad3", "id": "6911eae4ba86bf1f03e12f45", "type": "Feature", "geometry": {"type": "Point", "coordinates": [77.1108917259, 28.7162004992]}, "properties": {"name": "3055 - Medical Oncology Unit 3- Dr. Rajat Saha, Dr. Rashmi", "roomNumber": "3055 - Medical Oncology Unit 3- Dr. Rajat Saha, Dr. Rashmi", "buildingName": "RGCI", "element": {"type": "Rooms", "subType": "Consultation Room"}, "floor": 0, "priority": 0, "landmarkId": "6911eae4ba86bf1f03e12f45", "type": "Centroid", "centroid": [77.11089172593948, 28.716200499206334], "global": false, "latitude": "28.716200499206334", "longitude": "77.11089172593948", "doorLatitude": "28.716189865353083", "doorLongitude": "77.11087669899023", "node": "52809", "nodeId": "7ae4fe-868-d18c-6d2-5e8e1de1bff", "polygonExist": true, "polyId": "68eb2b6-84-57d8-b7b2-ebad782be"}}, {"building_ID": "65d88662db333f894570bad3", "id": "6911eae4ba86bf1f03e12f47", "type": "Feature", "geometry": {"type": "Point", "coordinates": [77.1108214793, 28.7163619809]}, "properties": {"name": "IPD Billing Area", "roomNumber": "IPD Billing Area", "buildingName": "RGCI", "element": {"type": "Rooms", "subType": "room door"}, "floor": 0, "priority": 0, "landmarkId": "6911eae4ba86bf1f03e12f47", "type": "Centroid", "centroid": [77.11082147930111, 28.716361980939727], "global": false, "latitude": "28.716361980939727", "longitude": "77.11082147930111", "doorLatitude": "28.71635254445085", "doorLongitude": "77.11086421497585", "node": "34953", "nodeId": "645f723-6fd2-dbb-feca-6342ee2b17e8", "protocol": "Open Access", "polygonExist": true, "polyId": "7cf035a-05e5-8a5b-36e-20808b5063f"}}, {"building_ID": "65d88662db333f894570bad3", "id": "6911eae4ba86bf1f03e12f49", "type": "Feature", "geometry": {"type": "Point", "coordinates": [77.1116006413, 28.7169009838]}, "properties": {"name": "16A - Mammography Room", "roomNumber": "16A - Mammography Room", "buildingName": "RGCI", "element": {"type": "Rooms", "subType": "room door"}, "floor": 0, "priority": 0, "landmarkId": "6911eae4ba86bf1f03e12f49", "type": "Centroid", "centroid": [77.11160064129108, 28.716900983752698], "global": false, "latitude": "28.716900983752698", "longitude": "77.11160064129108", "doorLatitude": "28.71692695810497", "doorLongitude": "77.11161322987479", "node": "65100", "nodeId": "efd7f1d-3240-037-f20-c8da36a62f04", "protocol": "Open Access", "polygonExist": true, "polyId": "da2c123-d0fc-ed41-2737-b4515680757"}}, {"building_ID": "65d88662db333f894570bad3", "id": "6911eae4ba86bf1f03e12f4b", "type": "Feature", "geometry": {"type": "Point", "coordinates": [77.1114801889, 28.7165930339]}, "properties": {"name": "Linear Accelerator 3", "roomNumber": "Linear Accelerator 3", "buildingName": "RGCI", "element": {"type": "Rooms", "subType": "room door"}, "floor": 0, "priority": 0, "landmarkId": "6911eae4ba86bf1f03e12f4b", "type": "Centroid", "centroid": [77.1114801888757, 28.716593033860878], "global": false, "latitude": "28.716593033860878", "longitude": "77.1114801888757", "doorLatitude": "28.716655709207995", "doorLongitude": "77.11148917281187", "node": "77849", "nodeId": "820618d-d34-66a5-2fb-be52235c6418", "protocol": "Open Access", "polygonExist": true, "polyId": "efeb58a-1f5c-c827-712a-c5eccd23105"}}, {"building_ID": "65d88662db333f894570bad3", "id": "6911eae4ba86bf1f03e12f4d", "type": "Feature", "geometry": {"type": "Point", "coordinates": [77.1115757286, 28.7169174863]}, "properties": {"name": "16B - Ultrasound-2", "roomNumber": "16B - Ultrasound-2", "buildingName": "RGCI", "element": {"type": "Rooms", "subType": "room door"}, "floor": 0, "priority": 0, "landmarkId": "6911eae4ba86bf1f03e12f4d", "type": "Centroid", "centroid": [77.11157572862764, 28.716917486279744], "global": false, "latitude": "28.716917486279744", "longitude": "77.11157572862764", "doorLatitude": "28.716943460632013", "doorLongitude": "77.11158831721134", "node": "60510", "nodeId": "00cce87-107-421-7d3-eb52ea1671a", "protocol": "Open Access", "polygonExist": true, "polyId": "d2d1b5a-236e-4f1a-acf4-4ed40d75c"}}, {"building_ID": "65d88662db333f894570bad3", "id": "6911eae4ba86bf1f03e12f4f", "type": "Feature", "geometry": {"type": "Point", "coordinates": [77.111576711, 28.716686937]}, "properties": {"name": "CT Simulator", "roomNumber": "CT Simulator", "buildingName": "RGCI", "element": {"type": "Rooms", "subType": "room door"}, "floor": 0, "priority": 0, "landmarkId": "6911eae4ba86bf1f03e12f4f", "type": "Centroid", "centroid": [77.1115767109891, 28.716686936964404], "global": false, "latitude": "28.716686936964404", "longitude": "77.1115767109891", "doorLatitude": "28.716722859227566", "doorLongitude": "77.1115587418845", "node": "79259", "nodeId": "443b74b-ac81-57b1-3b76-b5a5367c57b8", "protocol": "Open Access", "polygonExist": true, "polyId": "5bddc0-6f4-a2a-2e60-0065fa0e6e22"}}, {"building_ID": "65d88662db333f894570bad3", "id": "6911eae4ba86bf1f03e12f51", "type": "Feature", "geometry": {"type": "Point", "coordinates": [77.1111061726, 28.7161905524]}, "properties": {"name": "3072 - Neuro Oncology Unit 1 - Dr. I.C. Prem Sagar", "roomNumber": "3072 - Neuro Oncology Unit 1 - Dr. I.C. Prem Sagar", "buildingName": "RGCI", "element": {"type": "Rooms", "subType": "Consultation Room"}, "floor": 0, "priority": 0, "landmarkId": "6911eae4ba86bf1f03e12f51", "type": "Centroid", "centroid": [77.11110617260695, 28.716190552376148], "global": false, "latitude": "28.716190552376148", "longitude": "77.11110617260695", "doorLatitude": "28.716177175834165", "doorLongitude": "77.11109269608656", "node": "79469", "nodeId": "787122d-ffa4-7d34-d64a-cea2b68ac04", "polygonExist": true, "polyId": "e1fb438-3b10-8453-3cc4-723506ea7ae"}}, {"building_ID": "65d88662db333f894570bad3", "id": "6911eae4ba86bf1f03e12f53", "type": "Feature", "geometry": {"type": "Point", "coordinates": [77.1117714908, 28.7169199163]}, "properties": {"name": " 20 - X-Ray-1", "roomNumber": " 20 - X-Ray-1", "buildingName": "RGCI", "element": {"type": "Rooms", "subType": "room door"}, "floor": 0, "priority": 0, "landmarkId": "6911eae4ba86bf1f03e12f53", "type": "Centroid", "centroid": [77.11177149079754, 28.71691991634484], "global": false, "latitude": "28.71691991634484", "longitude": "77.11177149079754", "doorLatitude": "28.716941346432662", "doorLongitude": "77.11174690938019", "node": "79359", "nodeId": "267656f-ccaa-0643-bad8-a42eff2240e4", "protocol": "Open Access", "polygonExist": true, "polyId": "fcece0a-12d6-38b2-ecc0-c0bbfca4285c"}}, {"building_ID": "65d88662db333f894570bad3", "id": "6911eae4ba86bf1f03e12f55", "type": "Feature", "geometry": {"type": "Point", "coordinates": [77.1116011835, 28.716993938]}, "properties": {"name": "17 - CT-Scan Room", "roomNumber": "17 - CT-Scan Room", "buildingName": "RGCI", "element": {"type": "Rooms", "subType": "room door"}, "floor": 0, "priority": 0, "landmarkId": "6911eae4ba86bf1f03e12f55", "type": "Centroid", "centroid": [77.11160118349451, 28.716993937958065], "global": false, "latitude": "28.716993937958065", "longitude": "77.11160118349451", "doorLatitude": "28.716965309352524", "doorLongitude": "77.11160713396092", "node": "60520", "nodeId": "31da3b-c752-802c-0ea8-e0e26652e41f", "protocol": "Open Access", "polygonExist": true, "polyId": "ad2d74f-7828-b704-eff7-20a0bcca011"}}, {"building_ID": "65d88662db333f894570bad3", "id": "6911eae4ba86bf1f03e12f57", "type": "Feature", "geometry": {"type": "Point", "coordinates": [77.111632233, 28.7168354497]}, "properties": {"name": "Emergency Lift Lobby", "roomNumber": "Emergency Lift Lobby", "buildingName": "RGCI", "element": {"type": "Rooms", "subType": "room door"}, "floor": 0, "priority": 0, "landmarkId": "6911eae4ba86bf1f03e12f57", "type": "Rooms", "global": false, "latitude": "28.716835449730187", "longitude": "77.1116322330094", "motion": "Choose ...", "node": "76552", "nodeId": "c83e6fa-20b4-0e74-cd6-ecb5cd6c341", "protocol": "Open Access"}}, {"building_ID": "65d88662db333f894570bad3", "id": "6911eae4ba86bf1f03e12f59", "type": "Feature", "geometry": {"type": "Point", "coordinates": [77.1115252685, 28.7167862084]}, "properties": {"name": "Emergency", "roomNumber": "Emergency", "buildingName": "RGCI", "element": {"type": "Rooms", "subType": "room door"}, "floor": 0, "priority": 0, "landmarkId": "6911eae4ba86bf1f03e12f59", "type": "Centroid", "centroid": [77.11152526849122, 28.716786208378025], "global": false, "assignedTo": "A Block", "latitude": "28.716786208378025", "longitude": "77.11152526849122", "doorLatitude": "28.716767718696605", "doorLongitude": "77.11157390108573", "node": "76521", "nodeId": "c25204-206-28f-1bb-6e0b0df61d8a", "protocol": "Open Access", "polygonExist": true, "polyId": "78740eb-865-80cc-f6d2-fac43be6f1"}}, {"building_ID": "65d88662db333f894570bad3", "id": "6911eae4ba86bf1f03e12f5b", "type": "Feature", "geometry": {"type": "Point", "coordinates": [77.1114352252, 28.7168338448]}, "properties": {"name": "07 - Radiation Recovery Room", "roomNumber": "07 - Radiation Recovery Room", "buildingName": "RGCI", "element": {"type": "Rooms", "subType": "room door"}, "floor": 0, "priority": 0, "landmarkId": "6911eae4ba86bf1f03e12f5b", "type": "Centroid", "centroid": [77.11143522520634, 28.716833844791445], "global": false, "latitude": "28.716833844791445", "longitude": "77.11143522520634", "doorLatitude": "28.71681022983157", "doorLongitude": "77.11145792494872", "node": "58610", "nodeId": "acbb1e-ae5b-02ad-0b7d-f8eaf72c15", "protocol": "Open Access", "polygonExist": true, "polyId": "c252e0d-8f2-b44-b68e-8ddc23db7cd5"}}, {"building_ID": "65d88662db333f894570bad3", "id": "6911eae4ba86bf1f03e12f5d", "type": "Feature", "geometry": {"type": "Point", "coordinates": [77.1108447966, 28.7164255662]}, "properties": {"name": "2157", "roomNumber": "2157", "buildingName": "RGCI", "element": {"type": "Rooms", "subType": "room door"}, "floor": 1, "priority": 0, "landmarkId": "6911eae4ba86bf1f03e12f5d", "type": "Centroid", "centroid": [77.1108447965783, 28.716425566216166], "global": false, "latitude": "28.716425566216166", "longitude": "77.1108447965783", "doorLatitude": "28.716413325432924", "doorLongitude": "77.1108656986626", "node": "25790", "nodeId": "e1d3063-2434-d883-5d17-da60f5735b2", "protocol": "Open Access", "polygonExist": true, "polyId": "d1b522e-6f7a-b6ca-50f0-a47ab78a5151"}}, {"building_ID": "65d88662db333f894570bad3", "id": "6911eae4ba86bf1f03e12f5f", "type": "Feature", "geometry": {"type": "Point", "coordinates": [77.1117347981, 28.7168773113]}, "properties": {"name": "21 - X-Ray-2", "roomNumber": "21 - X-Ray-2", "buildingName": "RGCI", "element": {"type": "Rooms", "subType": "room door"}, "floor": 0, "priority": 0, "landmarkId": "6911eae4ba86bf1f03e12f5f", "type": "Centroid", "centroid": [77.11173479813587, 28.716877311339843], "global": false, "latitude": "28.716877311339843", "longitude": "77.11173479813587", "doorLatitude": "28.716906388479845", "doorLongitude": "77.11171680258087", "node": "79343", "nodeId": "a3da222-c735-a44c-086c-4c5141e43a6d", "protocol": "Open Access", "polygonExist": true, "polyId": "00682a-dcf5-4b6b-734b-afc6efbbc76"}}, {"building_ID": "65d88662db333f894570bad3", "id": "6911eae4ba86bf1f03e12f61", "type": "Feature", "geometry": {"type": "Point", "coordinates": [77.1110618348, 28.7160277684]}, "properties": {"name": "3166", "roomNumber": "3166", "buildingName": "RGCI", "element": {"type": "Rooms", "subType": "room door"}, "floor": 1, "priority": 0, "landmarkId": "6911eae4ba86bf1f03e12f61", "type": "Centroid", "centroid": [77.11106183483481, 28.71602776835003], "global": false, "latitude": "28.71602776835003", "longitude": "77.11106183483481", "doorLatitude": "28.71604527052377", "doorLongitude": "77.11106908318934", "node": "86769", "nodeId": "586835-72d-7bac-132b-bc17ff06ddb", "protocol": "Open Access", "polygonExist": true, "polyId": "51a46-8c63-da0-7267-31c47f71536"}}, {"building_ID": "65d88662db333f894570bad3", "id": "6911eae4ba86bf1f03e12f63", "type": "Feature", "geometry": {"type": "Point", "coordinates": [77.1116969783, 28.716946971]}, "properties": {"name": "19 - Reporting Room", "roomNumber": "19 - Reporting Room", "buildingName": "RGCI", "element": {"type": "Rooms", "subType": "room door"}, "floor": 0, "priority": 0, "landmarkId": "6911eae4ba86bf1f03e12f63", "type": "Centroid", "centroid": [77.11169697825171, 28.71694697099412], "global": false, "latitude": "28.71694697099412", "longitude": "77.11169697825171", "doorLatitude": "28.716912013041302", "doorLongitude": "77.11166687145239", "node": "72909", "nodeId": "e8df6bb-5677-de50-b401-0abc75ee12b3", "protocol": "Open Access", "polygonExist": true, "polyId": "188c231-dd71-d184-65d1-0bbfed64eb8c"}}, {"building_ID": "65d88662db333f894570bad3", "id": "6911eae4ba86bf1f03e12f65", "type": "Feature", "geometry": {"type": "Point", "coordinates": [77.1109493641, 28.7164909325]}, "properties": {"name": "2161 - ECG Room", "roomNumber": "2161 - ECG Room", "buildingName": "RGCI", "element": {"type": "Rooms", "subType": "room door"}, "floor": 1, "priority": 0, "landmarkId": "6911eae4ba86bf1f03e12f65", "type": "Centroid", "centroid": [77.1109493640991, 28.71649093247699], "global": false, "latitude": "28.71649093247699", "longitude": "77.1109493640991", "doorLatitude": "28.716476640327738", "doorLongitude": "77.1109358773266", "node": "27658", "nodeId": "070b7dd-0f4f-3db-b5a4-4aa88dde2306", "protocol": "Open Access", "polygonExist": true, "polyId": "23d371c-2e3b-bfcb-8fce-6cfebdf4443"}}, {"building_ID": "65d88662db333f894570bad3", "id": "6911eae4ba86bf1f03e12f67", "type": "Feature", "geometry": {"type": "Point", "coordinates": [77.1115520616, 28.7169331637]}, "properties": {"name": "16C - Ultrasound-1", "roomNumber": "16C - Ultrasound-1", "buildingName": "RGCI", "element": {"type": "Rooms", "subType": "room door"}, "floor": 0, "priority": 0, "landmarkId": "6911eae4ba86bf1f03e12f67", "type": "Centroid", "centroid": [77.11155206159738, 28.716933163680434], "global": false, "latitude": "28.716933163680434", "longitude": "77.11155206159738", "doorLatitude": "28.71695006164283", "doorLongitude": "77.11157835214597", "node": "58674", "nodeId": "75ae22-7cc8-561-25ac-ffdd7afb33c", "protocol": "Open Access", "polygonExist": true, "polyId": "2b6f637-a425-f787-aba5-365b408ebbc3"}}, {"building_ID": "65d88662db333f894570bad3", "id": "6911eae4ba86bf1f03e12f69", "type": "Feature", "geometry": {"type": "Point", "coordinates": [77.11162653, 28.7167815813]}, "properties": {"name": "Emergency Area", "roomNumber": "Emergency Area", "buildingName": "RGCI", "element": {"type": "Rooms", "subType": "room door"}, "floor": 0, "priority": 0, "landmarkId": "6911eae4ba86bf1f03e12f69", "type": "Centroid", "centroid": [77.11162653004011, 28.716781581251606], "global": false, "latitude": "28.716781581251606", "longitude": "77.11162653004011", "doorLatitude": "28.71678403564499", "doorLongitude": "77.11161142878328", "node": "79287", "nodeId": "c124c41-af-7fa-ccd6-b8fb3077d6ea", "protocol": "Open Access", "polygonExist": true, "polyId": "4bdc52c-1ae0-306d-442f-1f3084e6c020"}}, {"building_ID": "65d88662db333f894570bad3", "id": "6911eae4ba86bf1f03e12f6b", "type": "Feature", "geometry": {"type": "Point", "coordinates": [77.1116413769, 28.7167779229]}, "properties": {"name": "EWS OPD 2", "roomNumber": "EWS OPD 2", "buildingName": "RGCI", "element": {"type": "Rooms", "subType": "room door"}, "floor": 0, "priority": 0, "landmarkId": "6911eae4ba86bf1f03e12f6b", "type": "Centroid", "centroid": [77.11164137688021, 28.716777922858856], "global": false, "latitude": "28.716777922858856", "longitude": "77.11164137688021", "doorLatitude": "28.71678666234706", "doorLongitude": "77.11164890358003", "node": "83426", "nodeId": "f3a87d5-1b88-a4c5-621e-b8e8678816a7", "protocol": "Open Access", "polygonExist": true, "polyId": "074b7e3-6f48-ac2-4242-f80ea578682"}}, {"building_ID": "65d88662db333f894570bad3", "id": "6911eae4ba86bf1f03e12f6d", "type": "Feature", "geometry": {"type": "Point", "coordinates": [77.1116646472, 28.7166595686]}, "properties": {"name": "Emergency Entry", "roomNumber": "Emergency Entry", "buildingName": "RGCI", "element": {"type": "Rooms", "subType": "main entry"}, "floor": 0, "priority": 0, "landmarkId": "6911eae4ba86bf1f03e12f6d", "type": "Rooms", "global": false, "latitude": "28.716659568610787", "longitude": "77.11166464715453", "node": "98080", "nodeId": "abd6bf7-5b67-48b-cad2-27b6e78c8d8c", "protocol": "Open Access"}}, {"building_ID": "65d88662db333f894570bad3", "id": "6911eae4ba86bf1f03e12f6f", "type": "Feature", "geometry": {"type": "Point", "coordinates": [77.1113903799, 28.7171860953]}, "properties": {"name": "Observation Room", "roomNumber": "Observation Room", "buildingName": "RGCI", "element": {"type": "Rooms", "subType": "room door"}, "floor": 1, "priority": 0, "landmarkId": "6911eae4ba86bf1f03e12f6f", "type": "Centroid", "centroid": [77.11139037994762, 28.717186095254927], "global": false, "latitude": "28.717186095254927", "longitude": "77.11139037994762", "doorLatitude": "28.717172381811277", "doorLongitude": "77.11139813209195", "node": "11885", "nodeId": "cdcf4a4-6b1b-c2c-bf73-6f812fc87f0f", "protocol": "Open Access", "polygonExist": true, "polyId": "1af52ab-8b16-d4bf-731b-64872bb1be0e"}}, {"building_ID": "65d88662db333f894570bad3", "id": "6911eae4ba86bf1f03e12f71", "type": "Feature", "geometry": {"type": "Point", "coordinates": [77.1113705971, 28.716995036]}, "properties": {"name": "Kitchen Lift Lobby", "roomNumber": "Kitchen Lift Lobby", "buildingName": "RGCI", "element": {"type": "Rooms", "subType": "room door"}, "floor": 0, "priority": 0, "landmarkId": "6911eae4ba86bf1f03e12f71", "type": "Rooms", "global": false, "contactNo": "100", "latitude": "28.71699503601783", "longitude": "77.11137059714243", "node": "29730", "nodeId": "5572221-0dc0-62bf-7a35-c6c4025007c6", "protocol": "Open Access"}}, {"building_ID": "65d88662db333f894570bad3", "id": "6911eae4ba86bf1f03e12f73", "type": "Feature", "geometry": {"type": "Point", "coordinates": [77.1113258072, 28.7170384308]}, "properties": {"name": "Entry to Kitchen", "roomNumber": "Entry to Kitchen", "buildingName": "RGCI", "element": {"type": "Rooms", "subType": "room door"}, "floor": 0, "priority": 0, "landmarkId": "6911eae4ba86bf1f03e12f73", "type": "Rooms", "global": false, "contactNo": "100", "latitude": "28.717038430812828", "longitude": "77.11132580724903", "node": "20095", "nodeId": "34d762c-a44-f202-b08-c3804f823b6", "protocol": "Staff Only"}}, {"building_ID": "65d88662db333f894570bad3", "id": "6911eae4ba86bf1f03e12f75", "type": "Feature", "geometry": {"type": "Point", "coordinates": [77.1111898644, 28.7166806939]}, "properties": {"name": "Patient Welfare Department", "roomNumber": "Patient Welfare Department", "buildingName": "RGCI", "element": {"type": "Rooms", "subType": "room door"}, "floor": 0, "priority": 0, "landmarkId": "6911eae4ba86bf1f03e12f75", "type": "Centroid", "centroid": [77.1111898643863, 28.716680693891185], "global": false, "latitude": "28.716680693891185", "longitude": "77.1111898643863", "doorLatitude": "28.71666372633679", "doorLongitude": "77.11118698897307", "node": "41532", "nodeId": "706480-d55-180-6b73-a8751da33", "protocol": "Open Access", "polygonExist": true, "polyId": "67c341-f8e8-c2c1-77d0-508b717ac11"}}, {"building_ID": "65d88662db333f894570bad3", "id": "6911eae4ba86bf1f03e12f77", "type": "Feature", "geometry": {"type": "Point", "coordinates": [77.1111601058, 28.716626633]}, "properties": {"name": "Admission", "roomNumber": "Admission", "buildingName": "RGCI", "element": {"type": "Rooms", "subType": "room door"}, "floor": 0, "priority": 0, "landmarkId": "6911eae4ba86bf1f03e12f77", "type": "Centroid", "centroid": [77.1111601057973, 28.71662663300673], "global": false, "latitude": "28.71662663300673", "longitude": "77.1111601057973", "doorLatitude": "28.716647804823754", "doorLongitude": "77.11120066448757", "node": "44743", "nodeId": "dd528-4662-5e35-4b6-0e3c36475ddb", "protocol": "Choose ...", "polygonExist": true, "polyId": "65164f-cc31-4ac-78e6-3164d5360824"}}, {"building_ID": "65d88662db333f894570bad3", "id": "6911eae4ba86bf1f03e12f79", "type": "Feature", "geometry": {"type": "Point", "coordinates": [77.1111482055, 28.7162416296]}, "properties": {"name": " 3180 - Internal Medicine, Dermatologist - Dr. Tarun Verma, Dr. Alok Kalyani, Dr. Vidhushi Agarwal changed", "roomNumber": " 3180 - Internal Medicine, Dermatologist - Dr. Tarun Verma, Dr. Alok Kalyani, Dr. Vidhushi Agarwal changed", "buildingName": "RGCI", "element": {"type": "Rooms"}, "floor": 1, "priority": 0, "landmarkId": "6911eae4ba86bf1f03e12f79", "type": "Centroid", "centroid": [77.1111482054978, 28.71624162955967], "global": false, "contactNo": "null", "daysOpen": "null", "doorMaterial": "null", "doorType": "null", "assignedTo": "null", "endTime": "null", "latitude": "28.71624162955967", "longitude": "77.1111482054978", "doorLatitude": "28.716226265863316", "doorLongitude": "77.11115844890847", "motion": "null", "node": "79036", "nodeId": "f01362f-d1f5-4502-1ea3-42bab0c5e4ad", "openingMechanism": "null", "startTime": "null", "timings": "null", "polygonExist": true, "polyId": "0b8fa0c-c056-7a56-4e88-ae048403bd"}}, {"building_ID": "65d88662db333f894570bad3", "id": "6911eae4ba86bf1f03e12f7b", "type": "Feature", "geometry": {"type": "Point", "coordinates": [77.1114122338, 28.7168743194]}, "properties": {"name": "Utility Room 1", "roomNumber": "Utility Room 1", "buildingName": "RGCI", "element": {"type": "Rooms", "subType": "room door"}, "floor": 0, "priority": 0, "landmarkId": "6911eae4ba86bf1f03e12f7b", "type": "Centroid", "centroid": [77.11141223380542, 28.716874319372238], "global": false, "latitude": "28.716874319372238", "longitude": "77.11141223380542", "doorLatitude": "28.716884305624607", "doorLongitude": "77.11140825832422", "node": "45311", "nodeId": "62d1a72-58e-5236-b745-2e2d72b5f45", "protocol": "Open Access", "polygonExist": true, "polyId": "4e466b-a6bd-bf02-8cff-a12d1ec1f03"}}, {"building_ID": "65d88662db333f894570bad3", "id": "6911eae4ba86bf1f03e12f7d", "type": "Feature", "geometry": {"type": "Point", "coordinates": [77.1114521603, 28.7168535086]}, "properties": {"name": "08 - EWS Pharmacy", "roomNumber": "08 - EWS Pharmacy", "buildingName": "RGCI", "element": {"type": "Rooms", "subType": "room door"}, "floor": 0, "priority": 0, "landmarkId": "6911eae4ba86bf1f03e12f7d", "type": "Centroid", "centroid": [77.11145216028095, 28.716853508639904], "global": false, "latitude": "28.716853508639904", "longitude": "77.11145216028095", "doorLatitude": "28.71682989368003", "doorLongitude": "77.11147486002334", "node": "58619", "nodeId": "10f8ba6-3e2-7c22-270-3008e641571", "protocol": "Open Access", "polygonExist": true, "polyId": "4e5202c-388e-83d3-7ef-6cd14436f5"}}, {"building_ID": "65d88662db333f894570bad3", "id": "6911eae4ba86bf1f03e12f7f", "type": "Feature", "geometry": {"type": "Point", "coordinates": [77.1112841622, 28.7165221526]}, "properties": {"name": "International Patient", "roomNumber": "International Patient", "buildingName": "RGCI", "element": {"type": "Rooms", "subType": "room door"}, "floor": 0, "priority": 0, "landmarkId": "6911eae4ba86bf1f03e12f7f", "type": "Centroid", "centroid": [77.11128416220184, 28.716522152564195], "global": false, "latitude": "28.716522152564195", "longitude": "77.11128416220184", "doorLatitude": "28.716528242153", "doorLongitude": "77.11126201915003", "node": "63998", "nodeId": "23625-22f3-808-de71-2d5cd678f813", "protocol": "Choose ...", "polygonExist": true, "polyId": "6a44fd7-e600-6410-c766-5d57a3437f5e"}}, {"building_ID": "65d88662db333f894570bad3", "id": "6911eae4ba86bf1f03e12f81", "type": "Feature", "geometry": {"type": "Point", "coordinates": [77.1113752635, 28.7167483211]}, "properties": {"name": "Chief Radioactive Therapist", "roomNumber": "Chief Radioactive Therapist", "buildingName": "RGCI", "element": {"type": "Rooms", "subType": "room door"}, "floor": 0, "priority": 0, "landmarkId": "6911eae4ba86bf1f03e12f81", "type": "Centroid", "centroid": [77.11137526350262, 28.716748321077116], "global": false, "latitude": "28.716748321077116", "longitude": "77.11137526350262", "doorLatitude": "28.716740848545285", "doorLongitude": "77.11140208429141", "node": "59038", "nodeId": "5e56208-2c01-7075-7cb2-f3cc78efb68f", "protocol": "Emergency Only", "polygonExist": true, "polyId": "32d8bb-e828-08be-ce58-5aa64682b5f"}}, {"building_ID": "65d88662db333f894570bad3", "id": "6911eae4ba86bf1f03e12f83", "type": "Feature", "geometry": {"type": "Point", "coordinates": [77.1112259613, 28.7166499201]}, "properties": {"name": "Report Collection Counter", "roomNumber": "Report Collection Counter", "buildingName": "RGCI", "element": {"type": "Rooms", "subType": "room door"}, "floor": 0, "priority": 0, "landmarkId": "6911eae4ba86bf1f03e12f83", "type": "Centroid", "centroid": [77.1112259612979, 28.71664992010381], "global": false, "latitude": "28.71664992010381", "longitude": "77.1112259612979", "doorLatitude": "28.716664656391487", "doorLongitude": "77.11124256512643", "node": "47969", "nodeId": "2a31cd1-a8fc-c32b-c60e-e1cea0a00012", "protocol": "Open Access", "polygonExist": true, "polyId": "4c41877-832b-eb05-7042-c62d137a661"}}, {"building_ID": "65d88662db333f894570bad3", "id": "6911eae4ba86bf1f03e12f85", "type": "Feature", "geometry": {"type": "Point", "coordinates": [77.1108824637, 28.7161465865]}, "properties": {"name": "3154", "roomNumber": "3154", "buildingName": "RGCI", "element": {"type": "Rooms", "subType": "room door"}, "floor": 1, "priority": 0, "landmarkId": "6911eae4ba86bf1f03e12f85", "type": "Centroid", "centroid": [77.110882463658, 28.71614658654475], "global": false, "latitude": "28.71614658654475", "longitude": "77.110882463658", "doorLatitude": "28.71617894099283", "doorLongitude": "77.11086729061543", "node": "49590", "nodeId": "f718-a382-e2c7-4e4e-f3bfed4cdd71", "protocol": "Open Access", "polygonExist": true, "polyId": "a1aea-d064-4e87-8a05-33c03edddbe0"}}, {"building_ID": "65d88662db333f894570bad3", "id": "6911eae4ba86bf1f03e12f87", "type": "Feature", "geometry": {"type": "Point", "coordinates": [77.1110319396, 28.7160475714]}, "properties": {"name": "3164", "roomNumber": "3164", "buildingName": "RGCI", "element": {"type": "Rooms", "subType": "room door"}, "floor": 1, "priority": 0, "landmarkId": "6911eae4ba86bf1f03e12f87", "type": "Centroid", "centroid": [77.11103193963868, 28.716047571382486], "global": false, "latitude": "28.716047571382486", "longitude": "77.11103193963868", "doorLatitude": "28.716060122798112", "doorLongitude": "77.11104666179224", "node": "82638", "nodeId": "76d40af-d1e1-2f5a-7cba-c676fa0802", "protocol": "Open Access", "polygonExist": true, "polyId": "25fad2e-f13b-2a3-f5e0-db8d0a5ba17"}}, {"building_ID": "65d88662db333f894570bad3", "id": "6911eae4ba86bf1f03e12f89", "type": "Feature", "geometry": {"type": "Point", "coordinates": [77.1109721492, 28.7160871774]}, "properties": {"name": "3160 - Radiation Oncology Unit A - Dr. Anjali Pahuja", "roomNumber": "3160 - Radiation Oncology Unit A - Dr. Anjali Pahuja", "buildingName": "RGCI", "element": {"type": "Rooms", "subType": "Consultation Room"}, "floor": 1, "priority": 0, "landmarkId": "6911eae4ba86bf1f03e12f89", "type": "Centroid", "centroid": [77.11097214924641, 28.716087177447392], "global": false, "latitude": "28.716087177447392", "longitude": "77.11097214924641", "doorLatitude": "28.716103029368426", "doorLongitude": "77.11098188886729", "node": "70704", "nodeId": "82af0a2-d335-8580-ce5d-651f303e53", "polygonExist": true, "polyId": "8b06c37-1804-e7ff-d18-7d5767a84ec6"}}, {"building_ID": "65d88662db333f894570bad3", "id": "6911eae4ba86bf1f03e12f8b", "type": "Feature", "geometry": {"type": "Point", "coordinates": [77.1111889399, 28.7162798416]}, "properties": {"name": "3181 - Dental Surgery - Dr. Puneet Ahuja, Dr. Sheetal Bhalla", "roomNumber": "3181 - Dental Surgery - Dr. Puneet Ahuja, Dr. Sheetal Bhalla", "buildingName": "RGCI", "element": {"type": "Rooms", "subType": "Consultation Room"}, "floor": 1, "priority": 0, "landmarkId": "6911eae4ba86bf1f03e12f8b", "type": "Centroid", "centroid": [77.11118893985467, 28.71627984162323], "global": false, "latitude": "28.71627984162323", "longitude": "77.11118893985467", "doorLatitude": "28.71625738869138", "doorLongitude": "77.11118916529917", "node": "79510", "nodeId": "c2ba8b-30e-ae-64-dc27ed3a25ac", "polygonExist": true, "polyId": "65acf6-d1ef-b5a-2cd-bbdbe66a5d8"}}, {"building_ID": "65d88662db333f894570bad3", "id": "6911eae4ba86bf1f03e12f8d", "type": "Feature", "geometry": {"type": "Point", "coordinates": [77.1111284479, 28.7162186884]}, "properties": {"name": "3179", "roomNumber": "3179", "buildingName": "RGCI", "element": {"type": "Rooms", "subType": "room door"}, "floor": 1, "priority": 0, "landmarkId": "6911eae4ba86bf1f03e12f8d", "type": "Centroid", "centroid": [77.11112844791074, 28.716218688403135], "global": false, "latitude": "28.716218688403135", "longitude": "77.11112844791074", "doorLatitude": "28.716206602014857", "doorLongitude": "77.11114151383386", "node": "79027", "nodeId": "0670f5d-d221-ae2-e60-3f2fa1ac3c", "protocol": "Open Access", "polygonExist": true, "polyId": "a72d386-e283-413-f553-7307730fd877"}}, {"building_ID": "65d88662db333f894570bad3", "id": "6911eae4ba86bf1f03e12f8f", "type": "Feature", "geometry": {"type": "Point", "coordinates": [77.1112063661, 28.7161842308]}, "properties": {"name": "3177 - Urologic Oncology, Gynaecologic Oncology - Dr. Sudhir Kr. Rawal", "roomNumber": "3177 - Urologic Oncology, Gynaecologic Oncology - Dr. Sudhir Kr. Rawal", "buildingName": "RGCI", "element": {"type": "Rooms", "subType": "Consultation Room"}, "floor": 1, "priority": 0, "landmarkId": "6911eae4ba86bf1f03e12f8f", "type": "Centroid", "centroid": [77.11120636611, 28.71618423081402], "global": false, "latitude": "28.71618423081402", "longitude": "77.11120636611", "doorLatitude": "28.71619335359856", "doorLongitude": "77.11117705405486", "node": "84538", "nodeId": "bd06e82-347a-c62a-0e21-81807e2d01e", "polygonExist": true, "polyId": "8a8e0b-aaef-c146-cefa-167c60e8d2f6"}}, {"building_ID": "65d88662db333f894570bad3", "id": "6911eae4ba86bf1f03e12f91", "type": "Feature", "geometry": {"type": "Point", "coordinates": [77.1111103213, 28.716052267]}, "properties": {"name": "Staff Toilet", "roomNumber": "Staff Toilet", "buildingName": "RGCI", "element": {"type": "Rooms", "subType": "room door"}, "floor": 1, "priority": 0, "landmarkId": "6911eae4ba86bf1f03e12f91", "type": "Centroid", "centroid": [77.11111032133601, 28.716052266969946], "global": false, "latitude": "28.716052266969946", "longitude": "77.11111032133601", "doorLatitude": "28.716045665959125", "doorLongitude": "77.11112028640139", "node": "92746", "nodeId": "848226b-0188-e8f0-b73-575420a50ffc", "protocol": "Staff Only", "polygonExist": true, "polyId": "be760f4-8cb-387b-03e4-eda67e81a3cd"}}, {"building_ID": "65d88662db333f894570bad3", "id": "6911eae4ba86bf1f03e12f93", "type": "Feature", "geometry": {"type": "Point", "coordinates": [77.1110982492, 28.716079136]}, "properties": {"name": " 3167- Dressing Room", "roomNumber": " 3167- Dressing Room", "buildingName": "RGCI", "element": {"type": "Rooms", "subType": "room door"}, "floor": 1, "priority": 0, "landmarkId": "6911eae4ba86bf1f03e12f93", "type": "Centroid", "centroid": [77.11109824915117, 28.716079136040566], "global": false, "latitude": "28.716079136040566", "longitude": "77.11109824915117", "doorLatitude": "28.71605177874526", "doorLongitude": "77.11109033830446", "node": "88611", "nodeId": "d85683-e722-0bc2-7375-a51a3ac54", "protocol": "Open Access", "polygonExist": true, "polyId": "4f7230a-cbd2-d4ff-51fd-80bf7a38752"}}, {"building_ID": "65d88662db333f894570bad3", "id": "6911eae4ba86bf1f03e12f95", "type": "Feature", "geometry": {"type": "Point", "coordinates": [77.1110185286, 28.7161319441]}, "properties": {"name": "3161 - Medical Oncology Unit 4 - Dr. Vineet Talwar, Dr. Varun Goel, Dr. Arpit Jain", "roomNumber": "3161 - Medical Oncology Unit 4 - Dr. Vineet Talwar, Dr. Varun Goel, Dr. Arpit Jain", "buildingName": "RGCI", "element": {"type": "Rooms", "subType": "Consultation Room"}, "floor": 1, "priority": 0, "landmarkId": "6911eae4ba86bf1f03e12f95", "type": "Centroid", "centroid": [77.11101852862815, 28.716131944127103], "global": false, "latitude": "28.716131944127103", "longitude": "77.11101852862815", "doorLatitude": "28.71614939990618", "doorLongitude": "77.11104138707293", "node": "73024", "nodeId": "3447a4-3ed7-182-ae3a-07ec6b64717", "polygonExist": true, "polyId": "1c08778-fa47-a06e-c28b-68848fb6a0a"}}, {"building_ID": "65d88662db333f894570bad3", "id": "6911eae4ba86bf1f03e12f97", "type": "Feature", "geometry": {"type": "Point", "coordinates": [77.1111937775, 28.7161582565]}, "properties": {"name": "3175", "roomNumber": "3175", "buildingName": "RGCI", "element": {"type": "Rooms", "subType": "room door"}, "floor": 1, "priority": 0, "landmarkId": "6911eae4ba86bf1f03e12f97", "type": "Centroid", "centroid": [77.1111937775263, 28.71615825646175], "global": false, "latitude": "28.71615825646175", "longitude": "77.1111937775263", "doorLatitude": "28.716140150076665", "doorLongitude": "77.11120557136583", "node": "93249", "nodeId": "53a8578-4d33-fc72-5101-2d025a5f5", "protocol": "Open Access", "polygonExist": true, "polyId": "5b2c50-4a8d-056e-70a4-7281cb71426"}}, {"building_ID": "65d88662db333f894570bad3", "id": "6911eae4ba86bf1f03e12f99", "type": "Feature", "geometry": {"type": "Point", "coordinates": [77.1111661091, 28.716107958]}, "properties": {"name": "3171 - Infectious Disease - Dr. Nitin Bansal", "roomNumber": "3171 - Infectious Disease - Dr. Nitin Bansal", "buildingName": "RGCI", "element": {"type": "Rooms", "subType": "Consultation Room"}, "floor": 1, "priority": 0, "landmarkId": "6911eae4ba86bf1f03e12f99", "type": "Centroid", "centroid": [77.11116610909254, 28.71610795800991], "global": false, "latitude": "28.71610795800991", "longitude": "77.11116610909254", "doorLatitude": "28.716100775985083", "doorLongitude": "77.11118731130686", "node": "95070", "nodeId": "1051b-8be8-6a17-0c28-4051e7588325", "polygonExist": true, "polyId": "636501-7a22-a54e-31dd-a3f58813e57"}}, {"building_ID": "65d88662db333f894570bad3", "id": "6911eae4ba86bf1f03e12f9b", "type": "Feature", "geometry": {"type": "Point", "coordinates": [77.1108465254, 28.7162184311]}, "properties": {"name": "3152 - Medical Oncology Unit 5 - Dr. Ullas Batra, Dr. Mansi, Dr. Amrit, Dr. Abhinav", "roomNumber": "3152 - Medical Oncology Unit 5 - Dr. Ullas Batra, Dr. Mansi, Dr. Amrit, Dr. Abhinav", "buildingName": "RGCI", "element": {"type": "Rooms", "subType": "Consultation Room"}, "floor": 1, "priority": 0, "landmarkId": "6911eae4ba86bf1f03e12f9b", "type": "Centroid", "centroid": [77.11084652544879, 28.716218431071074], "global": false, "latitude": "28.716218431071074", "longitude": "77.11084652544879", "doorLatitude": "28.716209621990874", "doorLongitude": "77.11086241388433", "node": "45926", "nodeId": "a58bf2a-0c17-d7b-ece0-cdaf3d33a15d", "polygonExist": true, "polyId": "5400383-bdea-301c-6b1a-11c3fe04f5a5"}}, {"building_ID": "65d88662db333f894570bad3", "id": "6911eae4ba86bf1f03e12f9d", "type": "Feature", "geometry": {"type": "Point", "coordinates": [77.1111399508, 28.7161252857]}, "properties": {"name": "3178", "roomNumber": "3178", "buildingName": "RGCI", "element": {"type": "Rooms", "subType": "room door"}, "floor": 1, "priority": 0, "landmarkId": "6911eae4ba86bf1f03e12f9d", "type": "Centroid", "centroid": [77.11113995079592, 28.716125285663306], "global": false, "latitude": "28.716125285663306", "longitude": "77.11113995079592", "doorLatitude": "28.71613654692523", "doorLongitude": "77.11112813050597", "node": "84512", "nodeId": "c54f8e7-b860-8888-4fe-624fe38a3588", "protocol": "Open Access", "polygonExist": true, "polyId": "82ffd45-5ec-eed-341f-15206f307168"}}, {"building_ID": "65d88662db333f894570bad3", "id": "6911eae4ba86bf1f03e12f9f", "type": "Feature", "geometry": {"type": "Point", "coordinates": [77.1110390419, 28.7161080619]}, "properties": {"name": "3163", "roomNumber": "3163", "buildingName": "RGCI", "element": {"type": "Rooms", "subType": "room door"}, "floor": 1, "priority": 0, "landmarkId": "6911eae4ba86bf1f03e12f9f", "type": "Centroid", "centroid": [77.1110390418999, 28.716108061857554], "global": false, "latitude": "28.716108061857554", "longitude": "77.1110390418999", "doorLatitude": "28.716097985820983", "doorLongitude": "77.11102058284682", "node": "75759", "nodeId": "721148b-7467-b504-1a4-ad22621bfe88", "protocol": "Open Access", "polygonExist": true, "polyId": "0d224f-e237-880-a1fc-37ac60a305aa"}}, {"building_ID": "65d88662db333f894570bad3", "id": "6911eae4ba86bf1f03e12fa1", "type": "Feature", "geometry": {"type": "Point", "coordinates": [77.1109774227, 28.7161591733]}, "properties": {"name": "Initial Assessment Unit", "roomNumber": "Initial Assessment Unit", "buildingName": "RGCI", "element": {"type": "Rooms", "subType": "room door"}, "floor": 1, "priority": 0, "landmarkId": "6911eae4ba86bf1f03e12fa1", "type": "Centroid", "centroid": [77.11097742273347, 28.716159173296724], "global": false, "latitude": "28.716159173296724", "longitude": "77.11097742273347", "doorLatitude": "28.716152839595583", "doorLongitude": "77.1109895742695", "node": "66589", "nodeId": "f31da8b-45c6-151-e361-7ac1d314782", "protocol": "Open Access", "polygonExist": true, "polyId": "686dbb-b76e-8f07-bdd1-ceb665e533a"}}, {"building_ID": "65d88662db333f894570bad3", "id": "6911eae4ba86bf1f03e12fa3", "type": "Feature", "geometry": {"type": "Point", "coordinates": [77.1109396167, 28.716151619]}, "properties": {"name": "3158 - Audiometry", "roomNumber": "3158 - Audiometry", "buildingName": "RGCI", "element": {"type": "Rooms", "subType": "room door"}, "floor": 1, "priority": 0, "landmarkId": "6911eae4ba86bf1f03e12fa3", "type": "Centroid", "centroid": [77.11093961669062, 28.71615161903388], "global": false, "latitude": "28.71615161903388", "longitude": "77.11093961669062", "doorLatitude": "28.716138172899903", "doorLongitude": "77.1109495553056", "node": "63364", "nodeId": "1a21dcd-462e-471a-afa7-a721f1ac6356", "protocol": "Open Access", "polygonExist": true, "polyId": "be3e48-2d0b-e7d-d2e8-3bc87226c0f"}}, {"building_ID": "65d88662db333f894570bad3", "id": "6911eae4ba86bf1f03e12fa5", "type": "Feature", "geometry": {"type": "Point", "coordinates": [77.1108525685, 28.7161663896]}, "properties": {"name": "3155 - Surgical Oncology Unit 6 - Dr. L.M. Darlong", "roomNumber": "3155 - Surgical Oncology Unit 6 - Dr. L.M. Darlong", "buildingName": "RGCI", "element": {"type": "Rooms", "subType": "Consultation Room"}, "floor": 1, "priority": 0, "landmarkId": "6911eae4ba86bf1f03e12fa5", "type": "Centroid", "centroid": [77.11085256846188, 28.716166389577204], "global": false, "latitude": "28.716166389577204", "longitude": "77.11085256846188", "doorLatitude": "28.716162438465787", "doorLongitude": "77.11089220327888", "node": "54180", "nodeId": "d30333-6757-42bb-3aa-ca508a84ae4", "polygonExist": true, "polyId": "1efe64a-d8a5-6f07-5a07-a02d65a13e7"}}, {"building_ID": "65d88662db333f894570bad3", "id": "6911eae4ba86bf1f03e12fa7", "type": "Feature", "geometry": {"type": "Point", "coordinates": [77.1113631221, 28.7171612597]}, "properties": {"name": "Dr. Manoj Gupta (Sr. Consultant - Nuclear Medicine)", "roomNumber": "Dr. Manoj Gupta (Sr. Consultant - Nuclear Medicine)", "buildingName": "RGCI", "element": {"type": "Rooms", "subType": "Consultation Room"}, "floor": 1, "priority": 0, "landmarkId": "6911eae4ba86bf1f03e12fa7", "type": "Centroid", "centroid": [77.11136312211114, 28.71716125973335], "global": false, "latitude": "28.71716125973335", "longitude": "77.11136312211114", "doorLatitude": "28.71715490283487", "doorLongitude": "77.1113830786923", "node": "11877", "nodeId": "5d4a46-cc5-56-42ca-271dbead27c", "polygonExist": true, "polyId": "c5a8bd-5677-166a-ff01-26781ad1d8ea"}}, {"building_ID": "65d88662db333f894570bad3", "id": "6911eae4ba86bf1f03e12fa9", "type": "Feature", "geometry": {"type": "Point", "coordinates": [77.1113218772, 28.7171441513]}, "properties": {"name": "DEXA Scan", "roomNumber": "DEXA Scan", "buildingName": "RGCI", "element": {"type": "Rooms", "subType": "room door"}, "floor": 1, "priority": 0, "landmarkId": "6911eae4ba86bf1f03e12fa9", "type": "Centroid", "centroid": [77.11132187718759, 28.71714415129201], "global": false, "assignedTo": "B Block", "latitude": "28.71714415129201", "longitude": "77.11132187718759", "doorLatitude": "28.717113390265904", "doorLongitude": "77.11134732686811", "node": "11858", "nodeId": "8af574-418d-10e7-ef87-a887f564e3a", "protocol": "Open Access", "polygonExist": true, "polyId": "df14215-6a0f-a14a-000-bbf8327272"}}, {"building_ID": "65d88662db333f894570bad3", "id": "6911eae4ba86bf1f03e12fab", "type": "Feature", "geometry": {"type": "Point", "coordinates": [77.1116050671, 28.7169152086]}, "properties": {"name": "ICU Waiting Area (Medical)", "roomNumber": "ICU Waiting Area (Medical)", "buildingName": "RGCI", "element": {"type": "Rooms", "subType": "room door"}, "floor": 1, "priority": 0, "landmarkId": "6911eae4ba86bf1f03e12fab", "type": "Centroid", "centroid": [77.11160506713318, 28.716915208618364], "global": false, "latitude": "28.716915208618364", "longitude": "77.11160506713318", "doorLatitude": "28.716893069390846", "doorLongitude": "77.11159186895809", "node": "62790", "nodeId": "bba48a4-5b4c-7eeb-865a-4f105b25de8d", "protocol": "Open Access", "polygonExist": true, "polyId": "af4d111-f6c7-a3d1-5313-d71a5056f37e"}}, {"building_ID": "65d88662db333f894570bad3", "id": "6911eae4ba86bf1f03e12fad", "type": "Feature", "geometry": {"type": "Point", "coordinates": [77.1113489831, 28.7171380281]}, "properties": {"name": "Legal Consultant ", "roomNumber": "Legal Consultant ", "buildingName": "RGCI", "element": {"type": "Rooms", "subType": "room door"}, "floor": 1, "priority": 0, "landmarkId": "6911eae4ba86bf1f03e12fad", "type": "Centroid", "centroid": [77.11134898309857, 28.717138028069808], "global": false, "latitude": "28.717138028069808", "longitude": "77.11134898309857", "doorLatitude": "28.717137423858464", "doorLongitude": "77.11136802529263", "node": "11869", "nodeId": "054476e-a051-c5f2-3256-0df36110d7", "protocol": "Open Access", "polygonExist": true, "polyId": "88eec2c-5068-4d26-f832-bb53f6bb46d"}}, {"building_ID": "65d88662db333f894570bad3", "id": "6911eae4ba86bf1f03e12faf", "type": "Feature", "geometry": {"type": "Point", "coordinates": [77.1117331936, 28.7170276367]}, "properties": {"name": "109 - General Ward", "roomNumber": "109 - General Ward", "buildingName": "RGCI", "element": {"type": "Rooms", "subType": "room door"}, "floor": 1, "priority": 0, "landmarkId": "6911eae4ba86bf1f03e12faf", "type": "Centroid", "centroid": [77.11173319357395, 28.71702763673966], "global": false, "latitude": "28.71702763673966", "longitude": "77.11173319357395", "doorLatitude": "28.71698188255227", "doorLongitude": "77.11174269514126", "node": "71566", "nodeId": "f822dfd-0a75-510c-15d8-36245fa0a7", "protocol": "Open Access", "polygonExist": true, "polyId": "1ab1db8-4d04-ed5-0f16-4442a04b266"}}, {"building_ID": "65d88662db333f894570bad3", "id": "6911eae4ba86bf1f03e12fb1", "type": "Feature", "geometry": {"type": "Point", "coordinates": [77.1115522203, 28.7169742344]}, "properties": {"name": "108", "roomNumber": "108", "buildingName": "RGCI", "element": {"type": "Rooms", "subType": "room door"}, "floor": 1, "priority": 0, "landmarkId": "6911eae4ba86bf1f03e12fb1", "type": "Centroid", "centroid": [77.11155222029976, 28.716974234419386], "global": false, "latitude": "28.716974234419386", "longitude": "77.11155222029976", "doorLatitude": "28.716967005999894", "doorLongitude": "77.11158903260433", "node": "55008", "nodeId": "0e64b6f-5b3b-135d-32bc-43f525863", "protocol": "Open Access", "polygonExist": true, "polyId": "7da41ab-c26c-2416-1b5-4b7be4284727"}}, {"building_ID": "65d88662db333f894570bad3", "id": "6911eae4ba86bf1f03e12fb3", "type": "Feature", "geometry": {"type": "Point", "coordinates": [77.1115252786, 28.7171928133]}, "properties": {"name": "MRI", "roomNumber": "MRI", "buildingName": "RGCI", "element": {"type": "Rooms", "subType": "room door"}, "floor": 1, "priority": 0, "landmarkId": "6911eae4ba86bf1f03e12fb3", "type": "Centroid", "centroid": [77.11152527863578, 28.71719281333311], "global": false, "assignedTo": "B Block", "latitude": "28.71719281333311", "longitude": "77.11152527863578", "doorLatitude": "28.717171034204597", "doorLongitude": "77.11148304675085", "node": "21999", "nodeId": "4565cc-625b-8cce-8316-ea5cbe5fd54", "protocol": "Open Access", "polygonExist": true, "polyId": "b083d32-5801-f306-2737-36c566e446f"}}, {"building_ID": "65d88662db333f894570bad3", "id": "6911eae4ba86bf1f03e12fb5", "type": "Feature", "geometry": {"type": "Point", "coordinates": [77.1112794669, 28.7170845683]}, "properties": {"name": "Dr. PS Chaudhury - Director Nuclear Medicine", "roomNumber": "Dr. PS Chaudhury - Director Nuclear Medicine", "buildingName": "RGCI", "element": {"type": "Rooms", "subType": "room door"}, "floor": 1, "priority": 0, "landmarkId": "6911eae4ba86bf1f03e12fb5", "type": "Centroid", "centroid": [77.11127946692676, 28.717084568296556], "global": false, "latitude": "28.717084568296556", "longitude": "77.11127946692676", "doorLatitude": "28.717069692824882", "doorLongitude": "77.11130969336898", "node": "11838", "nodeId": "ab2f00-6f8d-a383-b54b-63e274035a08", "protocol": "Open Access", "polygonExist": true, "polyId": "128dd4-0c5b-cb2-2018-02a802ce2158"}}, {"building_ID": "65d88662db333f894570bad3", "id": "6911eae4ba86bf1f03e12fb7", "type": "Feature", "geometry": {"type": "Point", "coordinates": [77.1114464334, 28.7171489646]}, "properties": {"name": "CT Scan-1", "roomNumber": "CT Scan-1", "buildingName": "RGCI", "element": {"type": "Rooms", "subType": "room door"}, "floor": 1, "priority": 0, "landmarkId": "6911eae4ba86bf1f03e12fb7", "type": "Centroid", "centroid": [77.11144643344038, 28.717148964569077], "global": false, "latitude": "28.717148964569077", "longitude": "77.11144643344038", "doorLatitude": "28.71717340465531", "doorLongitude": "77.1114224880648", "node": "14644", "nodeId": "3f473-5d38-8a85-bfd4-63f68134cc4d", "protocol": "Open Access", "polygonExist": true, "polyId": "f354b7-25d2-202a-71-45b3b5d6eb"}}, {"building_ID": "65d88662db333f894570bad3", "id": "6911eae4ba86bf1f03e12fb9", "type": "Feature", "geometry": {"type": "Point", "coordinates": [77.1112577483, 28.7170389069]}, "properties": {"name": "Gamma Camera (Examination)/SPECT-CT - Nuclear Medicine", "roomNumber": "Gamma Camera (Examination)/SPECT-CT - Nuclear Medicine", "buildingName": "RGCI", "element": {"type": "Rooms", "subType": "room door"}, "floor": 1, "priority": 0, "landmarkId": "6911eae4ba86bf1f03e12fb9", "type": "Centroid", "centroid": [77.11125774831356, 28.71703890689849], "global": false, "latitude": "28.71703890689849", "longitude": "77.11125774831356", "doorLatitude": "28.717051632834465", "doorLongitude": "77.11130587711827", "node": "13209", "nodeId": "5f86ef-511a-a8c7-d121-1f63a2367d1", "protocol": "Open Access", "polygonExist": true, "polyId": "38f2a1-3bb2-e444-5c8e-1af025bd50ef"}}, {"building_ID": "65d88662db333f894570bad3", "id": "6911eae4ba86bf1f03e12fbb", "type": "Feature", "geometry": {"type": "Point", "coordinates": [77.111302047, 28.7171107868]}, "properties": {"name": " 152 - Radio Pharmacy", "roomNumber": " 152 - Radio Pharmacy", "buildingName": "RGCI", "element": {"type": "Rooms", "subType": "room door"}, "floor": 1, "priority": 0, "landmarkId": "6911eae4ba86bf1f03e12fbb", "type": "Centroid", "centroid": [77.11130204702624, 28.717110786761165], "global": false, "latitude": "28.717110786761165", "longitude": "77.11130204702624", "doorLatitude": "28.717102465905647", "doorLongitude": "77.11133791849333", "node": "11853", "nodeId": "fcc062-2aac-e820-bbf5-515b4c5ff4b4", "protocol": "Open Access", "polygonExist": true, "polyId": "3b30372-a40-62-6f31-b3162cfec6b8"}}, {"building_ID": "65d88662db333f894570bad3", "id": "6911eae4ba86bf1f03e12fbd", "type": "Feature", "geometry": {"type": "Point", "coordinates": [77.1111102106, 28.7166699783]}, "properties": {"name": "Fire Exit", "roomNumber": "Fire Exit", "buildingName": "RGCI", "element": {"type": "Rooms", "subType": "emergency exit"}, "floor": 1, "priority": 0, "landmarkId": "6911eae4ba86bf1f03e12fbd", "type": "Rooms", "global": false, "latitude": "28.716669978306918", "longitude": "77.1111102106054", "node": "28666", "nodeId": "4a44554-a3b1-767d-23ab-253fbe5ebe03", "protocol": "Open Access"}}, {"building_ID": "65d88662db333f894570bad3", "id": "6911eae4ba86bf1f03e12fbf", "type": "Feature", "geometry": {"type": "Point", "coordinates": [77.1113572218, 28.7171893194]}, "properties": {"name": "Prerna Garg, Consultant Radiologist", "roomNumber": "Prerna Garg, Consultant Radiologist", "buildingName": "RGCI", "element": {"type": "Rooms", "subType": "Consultation Room"}, "floor": 1, "priority": 0, "landmarkId": "6911eae4ba86bf1f03e12fbf", "type": "Centroid", "centroid": [77.11135722178427, 28.717189319428567], "global": false, "latitude": "28.717189319428567", "longitude": "77.11135722178427", "doorLatitude": "28.717163642323076", "doorLongitude": "77.11139060539213", "node": "11881", "nodeId": "f30d232-107c-bf76-1a7-314d573f6ca", "polygonExist": true, "polyId": "81a325f-ecc6-67-d6d-7382f810f623"}}, {"building_ID": "65d88662db333f894570bad3", "id": "6911eae4ba86bf1f03e12fc1", "type": "Feature", "geometry": {"type": "Point", "coordinates": [77.1109300093, 28.7161699927]}, "properties": {"name": "Counter A", "roomNumber": "Counter A", "buildingName": "RGCI", "element": {"type": "Rooms", "subType": "room door"}, "floor": 1, "priority": 0, "landmarkId": "6911eae4ba86bf1f03e12fc1", "type": "Centroid", "centroid": [77.11093000932173, 28.716169992728634], "global": false, "latitude": "28.716169992728634", "longitude": "77.11093000932173", "doorLatitude": "28.716176035922775", "doorLongitude": "77.11092347636017", "node": "56485", "nodeId": "dc86e-1fc1-10cf-5e5e-4072a46e275", "protocol": "Open Access", "polygonExist": true, "polyId": "ebc0d5-3bc1-3111-3046-d23b36d3abf"}}, {"building_ID": "65d88662db333f894570bad3", "id": "6911eae4ba86bf1f03e12fc3", "type": "Feature", "geometry": {"type": "Point", "coordinates": [77.1111263156, 28.7160708384]}, "properties": {"name": "Utility Room", "roomNumber": "Utility Room", "buildingName": "RGCI", "element": {"type": "Rooms", "subType": "room door"}, "floor": 1, "priority": 0, "landmarkId": "6911eae4ba86bf1f03e12fc3", "type": "Centroid", "centroid": [77.11112631557315, 28.716070838382375], "global": false, "latitude": "28.716070838382375", "longitude": "77.11112631557315", "doorLatitude": "28.716067514679636", "doorLongitude": "77.11113910315096", "node": "92756", "nodeId": "0708136-0b1b-43b7-50be-cc621b7f7b3", "protocol": "Open Access", "timings": "null", "polygonExist": true, "polyId": "e533e75-f71-3468-7cb8-5ea3042c8d"}}, {"building_ID": "65d88662db333f894570bad3", "id": "6911eae4ba86bf1f03e12fc5", "type": "Feature", "geometry": {"type": "Point", "coordinates": [77.1111792531, 28.7162776799]}, "properties": {"name": "3075 - Dr. Sandeep Jain Sr. Consultant", "roomNumber": "3075 - Dr. Sandeep Jain Sr. Consultant", "buildingName": "RGCI", "element": {"type": "Rooms", "subType": "Consultation Room"}, "floor": 0, "priority": 0, "landmarkId": "6911eae4ba86bf1f03e12fc5", "type": "Centroid", "centroid": [77.1111792531346, 28.71627767994851], "global": false, "latitude": "28.71627767994851", "longitude": "77.1111792531346", "doorLatitude": "28.716259085338745", "doorLongitude": "77.11117106394258", "node": "80426", "nodeId": "1f4d20a-a8b5-c7ce-eb01-638f61f0418", "polygonExist": true, "polyId": "70fd6d8-52eb-1c53-d15-55762030b67e"}}, {"building_ID": "65d88662db333f894570bad3", "id": "6911eae4ba86bf1f03e12fc7", "type": "Feature", "geometry": {"type": "Point", "coordinates": [77.1112899212, 28.7166033748]}, "properties": {"name": "Visitor Cafeteria", "roomNumber": "Visitor Cafeteria", "buildingName": "RGCI", "element": {"type": "Rooms", "subType": "Cafeteria"}, "floor": 0, "priority": 0, "landmarkId": "6911eae4ba86bf1f03e12fc7", "type": "Centroid", "centroid": [77.11128992122686, 28.716603374812657], "global": false, "assignedTo": "C Block", "latitude": "28.716603374812657", "longitude": "77.11128992122686", "doorLatitude": "28.716658008986006", "doorLongitude": "77.11126814028205", "node": "51644", "nodeId": "7fbc6ec-713-f16-7bad-0a5447e5763f", "protocol": "Open Access", "polygonExist": true, "polyId": "fdb7ea-62a-0367-000-2bacd68bb38"}}, {"building_ID": "65d88662db333f894570bad3", "id": "6911eae4ba86bf1f03e12fc9", "type": "Feature", "geometry": {"type": "Point", "coordinates": [77.1110947063, 28.7166974052]}, "properties": {"name": "Emergency Exit-2", "roomNumber": "Emergency Exit-2", "buildingName": "RGCI", "element": {"type": "Rooms", "subType": "emergency exit"}, "floor": 0, "priority": 0, "landmarkId": "6911eae4ba86bf1f03e12fc9", "type": "Rooms", "global": false, "latitude": "28.716697405194218", "longitude": "77.11109470631675", "node": "27295", "nodeId": "51f7f1a-e2bf-b47-54df-65178fbfd17", "protocol": "Emergency Only"}}, {"building_ID": "65d88662db333f894570bad3", "id": "6911eae4ba86bf1f03e12fcb", "type": "Feature", "geometry": {"type": "Point", "coordinates": [77.1110550361, 28.7161266333]}, "properties": {"name": "Counter B", "roomNumber": "Counter B", "buildingName": "RGCI", "element": {"type": "Rooms", "subType": "room door"}, "floor": 1, "priority": 0, "landmarkId": "6911eae4ba86bf1f03e12fcb", "type": "Centroid", "centroid": [77.11105503613703, 28.71612663326999], "global": false, "latitude": "28.71612663326999", "longitude": "77.11105503613703", "doorLatitude": "28.71613454763184", "doorLongitude": "77.11106380847002", "node": "77155", "nodeId": "0be3eb3-3e7c-b4d3-3f86-fca0c0aeedae", "protocol": "Open Access", "polygonExist": true, "polyId": "7c71878-552-0e43-aa54-3c234ea3d2f"}}, {"building_ID": "65d88662db333f894570bad3", "id": "6911eae4ba86bf1f03e12fcd", "type": "Feature", "geometry": {"type": "Point", "coordinates": [77.1111726018, 28.7161722836]}, "properties": {"name": "Counter-C", "roomNumber": "Counter-C", "buildingName": "RGCI", "element": {"type": "Rooms", "subType": "room door"}, "floor": 1, "priority": 0, "landmarkId": "6911eae4ba86bf1f03e12fcd", "type": "Centroid", "centroid": [77.11117260176236, 28.716172283609737], "global": false, "latitude": "28.716172283609737", "longitude": "77.11117260176236", "doorLatitude": "28.716180244366253", "doorLongitude": "77.11116576400512", "node": "84532", "nodeId": "f1ec64-c854-61c-c713-f24788034c2", "protocol": "Open Access", "polygonExist": true, "polyId": "2b7b02-1d1f-b008-0866-af80020e536"}}, {"building_ID": "65d88662db333f894570bad3", "id": "6911eae4ba86bf1f03e12fcf", "type": "Feature", "geometry": {"type": "Point", "coordinates": [77.1109422541, 28.7161069805]}, "properties": {"name": "3159 - Radiation Oncology Unit D - Dr. Jaskaran S. Sethi", "roomNumber": "3159 - Radiation Oncology Unit D - Dr. Jaskaran S. Sethi", "buildingName": "RGCI", "element": {"type": "Rooms", "subType": "Consultation Room"}, "floor": 1, "priority": 0, "landmarkId": "6911eae4ba86bf1f03e12fcf", "type": "Centroid", "centroid": [77.11094225405027, 28.716106980479843], "global": false, "latitude": "28.716106980479843", "longitude": "77.11094225405027", "doorLatitude": "28.716124482653584", "doorLongitude": "77.11094950240481", "node": "64737", "nodeId": "bfc5125-e384-cf0-a61f-5f411e00bf7", "polygonExist": true, "polyId": "1a75384-d515-c540-800-da1e23cb15f"}}, {"building_ID": "65d88662db333f894570bad3", "id": "6911eae4ba86bf1f03e12fd1", "type": "Feature", "geometry": {"type": "Point", "coordinates": [77.1109166903, 28.7163589599]}, "properties": {"name": "Cash Counter", "roomNumber": "Cash Counter", "buildingName": "RGCI", "element": {"type": "Rooms", "subType": "Counter"}, "floor": 1, "priority": 0, "landmarkId": "6911eae4ba86bf1f03e12fd1", "type": "Centroid", "centroid": [77.11091669027147, 28.716358959883006], "global": false, "latitude": "28.716358959883006", "longitude": "77.11091669027147", "doorLatitude": "28.716350220394805", "doorLongitude": "77.11090916357163", "node": "37255", "nodeId": "2ad40d7-bfb-7842-3302-ba3cf20f46b8", "polygonExist": true, "polyId": "ca70e85-08b-ea35-ab4-587e13ddf5"}}, {"building_ID": "65d88662db333f894570bad3", "id": "6911eae4ba86bf1f03e12fd3", "type": "Feature", "geometry": {"type": "Point", "coordinates": [77.1108155559, 28.716364189]}, "properties": {"name": "2154 - Sample Collection", "roomNumber": "2154 - Sample Collection", "buildingName": "RGCI", "element": {"type": "Rooms", "subType": "room door"}, "floor": 1, "priority": 0, "landmarkId": "6911eae4ba86bf1f03e12fd3", "type": "Centroid", "centroid": [77.11081555593094, 28.71636418900911], "global": false, "latitude": "28.71636418900911", "longitude": "77.11081555593094", "doorLatitude": "28.716347640087402", "doorLongitude": "77.11085607868463", "node": "31277", "nodeId": "a174ccf-112e-f547-0db4-24b78df22a13", "protocol": "Open Access", "polygonExist": true, "polyId": "2d56521-687-a4b-7551-67b0ee48d22e"}}, {"building_ID": "65d88662db333f894570bad3", "id": "6911eae4ba86bf1f03e12fd5", "type": "Feature", "geometry": {"type": "Point", "coordinates": [77.1109955884, 28.7164164989]}, "properties": {"name": "2153/D - OPG", "roomNumber": "2153/D - OPG", "buildingName": "RGCI", "element": {"type": "Rooms", "subType": "room door"}, "floor": 1, "priority": 0, "landmarkId": "6911eae4ba86bf1f03e12fd5", "type": "Centroid", "centroid": [77.11099558836767, 28.71641649889336], "global": false, "latitude": "28.71641649889336", "longitude": "77.11099558836767", "doorLatitude": "28.716434268376773", "doorLongitude": "77.11100502319285", "node": "40052", "nodeId": "7c1440-217f-bb0-376b-48bf70fe813", "protocol": "Open Access", "polygonExist": true, "polyId": "a83f0bc-6b08-711e-d22b-2f50a02bcfac"}}, {"building_ID": "65d88662db333f894570bad3", "id": "6911eae4ba86bf1f03e12fd7", "type": "Feature", "geometry": {"type": "Point", "coordinates": [77.1110167641, 28.7164024717]}, "properties": {"name": "2153/C", "roomNumber": "2153/C", "buildingName": "RGCI", "element": {"type": "Rooms", "subType": "room door"}, "floor": 1, "priority": 0, "landmarkId": "6911eae4ba86bf1f03e12fd7", "type": "Centroid", "centroid": [77.1110167641316, 28.71640247174537], "global": false, "latitude": "28.71640247174537", "longitude": "77.1110167641316", "doorLatitude": "28.716421066355135", "doorLongitude": "77.11102495332361", "node": "43724", "nodeId": "35df24-73a-1fb-e35-41c8eaa06dd1", "protocol": "Open Access", "polygonExist": true, "polyId": "aea325c-db7c-63-8a0-c10d71ef14"}}, {"building_ID": "65d88662db333f894570bad3", "id": "6911eae4ba86bf1f03e12fd9", "type": "Feature", "geometry": {"type": "Point", "coordinates": [77.1109788913, 28.7164584412]}, "properties": {"name": "2153A-E - Cath Lab/Interventional Oncology", "roomNumber": "2153A-E - Cath Lab/Interventional Oncology", "buildingName": "RGCI", "element": {"type": "Rooms", "subType": "room door"}, "floor": 1, "priority": 0, "landmarkId": "6911eae4ba86bf1f03e12fd9", "type": "Rooms", "global": false, "latitude": "28.716458441153325", "longitude": "77.11097889134663", "node": "34546", "nodeId": "71d18d-02bf-f00b-4506-8e1cb14a3e", "protocol": "Open Access"}}, {"building_ID": "65d88662db333f894570bad3", "id": "6911eae4ba86bf1f03e12fdb", "type": "Feature", "geometry": {"type": "Point", "coordinates": [77.1108692895, 28.7164538384]}, "properties": {"name": "2158 - Cardiologist - Dr. C.R. Jain, Dr. Suneet Gupta, Dr. Nitin Aggarwal, Dr. Aakash Yadav, Dr. Prakhar", "roomNumber": "2158 - Cardiologist - Dr. C.R. Jain, Dr. Suneet Gupta, Dr. Nitin Aggarwal, Dr. Aakash Yadav, Dr. Prakhar", "buildingName": "RGCI", "element": {"type": "Rooms", "subType": "Consultation Room"}, "floor": 1, "priority": 0, "landmarkId": "6911eae4ba86bf1f03e12fdb", "type": "Centroid", "centroid": [77.1108692894688, 28.716453838355196], "global": false, "latitude": "28.716453838355196", "longitude": "77.1108692894688", "doorLatitude": "28.716439543897536", "doorLongitude": "77.11088827876208", "node": "25802", "nodeId": "cbeac6-5da-de3-23fa-bef5d0cc6b8c", "polygonExist": true, "polyId": "b42d1-e6e-8adc-0016-37aff05dc163"}}, {"building_ID": "65d88662db333f894570bad3", "id": "6911eae4ba86bf1f03e12fdd", "type": "Feature", "geometry": {"type": "Point", "coordinates": [77.110916968, 28.7165082502]}, "properties": {"name": "2160 - PFT Room", "roomNumber": "2160 - PFT Room", "buildingName": "RGCI", "element": {"type": "Rooms", "subType": "room door"}, "floor": 1, "priority": 0, "landmarkId": "6911eae4ba86bf1f03e12fdd", "type": "Centroid", "centroid": [77.11091696798862, 28.71650825018081], "global": false, "latitude": "28.71650825018081", "longitude": "77.11091696798862", "doorLatitude": "28.71647722134175", "doorLongitude": "77.11092464017764", "node": "26279", "nodeId": "45b3dc7-02e-8f45-4f61-f3d8bbbcb2", "protocol": "Open Access", "polygonExist": true, "polyId": "dd28340-011b-16d-cdb-304b57ebf548"}}, {"building_ID": "65d88662db333f894570bad3", "id": "6911eae4ba86bf1f03e12fdf", "type": "Feature", "geometry": {"type": "Point", "coordinates": [77.110973167, 28.7164313512]}, "properties": {"name": "2153/E - Change Room", "roomNumber": "2153/E - Change Room", "buildingName": "RGCI", "element": {"type": "Rooms", "subType": "room door"}, "floor": 1, "priority": 0, "landmarkId": "6911eae4ba86bf1f03e12fdf", "type": "Centroid", "centroid": [77.11097316697057, 28.716431351167696], "global": false, "latitude": "28.716431351167696", "longitude": "77.11097316697057", "doorLatitude": "28.716444169893", "doorLongitude": "77.11099007559478", "node": "37298", "nodeId": "b057-f2b5-3cda-e577-0602f8820b2", "protocol": "Open Access", "polygonExist": true, "polyId": "ceb012c-361f-8b47-76a5-307ff1eef60d"}}, {"building_ID": "65d88662db333f894570bad3", "id": "6911eae4ba86bf1f03e12f2d", "type": "Feature", "geometry": {"type": "Point", "coordinates": [77.1110711639, 28.7160181573]}, "properties": {"name": "3068 - Surgical Oncology Unit Breast - Dr. Rajeev Kumar", "roomNumber": "3068 - Surgical Oncology Unit Breast - Dr. Rajeev Kumar", "buildingName": "RGCI", "element": {"type": "Rooms", "subType": "Consultation Room"}, "floor": 0, "priority": 0, "landmarkId": "6911eae4ba86bf1f03e12f2d", "type": "Centroid", "centroid": [77.1110711638584, 28.716018157340812], "global": false, "latitude": "28.716018157340812", "longitude": "77.1110711638584", "doorLatitude": "28.716043085651723", "doorLongitude": "77.11106720151439", "node": "89982", "nodeId": "35845b-e2f3-640-d143-147b4f40765", "polygonExist": true, "polyId": "a371286-5618-b51c-185-2d530717444"}}, {"building_ID": "65d88662db333f894570bad3", "id": "6911eae4ba86bf1f03e12fe3", "type": "Feature", "geometry": {"type": "Point", "coordinates": [77.1110616057, 28.7165340402]}, "properties": {"name": "2151 - Interventional Oncology OPD", "roomNumber": "2151 - Interventional Oncology OPD", "buildingName": "RGCI", "element": {"type": "Rooms", "subType": "room door"}, "floor": 1, "priority": 0, "landmarkId": "6911eae4ba86bf1f03e12fe3", "type": "Centroid", "centroid": [77.11106160569354, 28.716534040154094], "global": false, "latitude": "28.716534040154094", "longitude": "77.11106160569354", "doorLatitude": "28.716536561927814", "doorLongitude": "77.11104225870378", "node": "34122", "nodeId": "67f44fb-5430-d0c8-cf4-83de1e65582b", "protocol": "Open Access", "polygonExist": true, "polyId": "4328-05ce-06aa-6731-ce3a8b40612"}}, {"building_ID": "65d88662db333f894570bad3", "id": "6911eae4ba86bf1f03e12fe5", "type": "Feature", "geometry": {"type": "Point", "coordinates": [77.110822652, 28.7163987369]}, "properties": {"name": "2156 - Pain Clinic - Dr. Kinshuki Jain", "roomNumber": "2156 - Pain Clinic - Dr. Kinshuki Jain", "buildingName": "RGCI", "element": {"type": "Rooms", "subType": "room door"}, "floor": 1, "priority": 0, "landmarkId": "6911eae4ba86bf1f03e12fe5", "type": "Centroid", "centroid": [77.11082265200295, 28.71639873691961], "global": false, "latitude": "28.71639873691961", "longitude": "77.11082265200295", "doorLatitude": "28.716398565947916", "doorLongitude": "77.1108568998792", "node": "26243", "nodeId": "80cb645-ba36-b5f2-1b17-547343f706", "protocol": "Open Access", "polygonExist": true, "polyId": "0c0a66-3dca-f0f7-e31e-65842234d17"}}, {"building_ID": "65d88662db333f894570bad3", "id": "6911eae4ba86bf1f03e12fe7", "type": "Feature", "geometry": {"type": "Point", "coordinates": [77.1110805181, 28.7161766644]}, "properties": {"name": "Charging Points", "roomNumber": "Charging Points", "buildingName": "RGCI", "element": {"type": "Rooms", "subType": "room door"}, "floor": 1, "priority": 0, "landmarkId": "6911eae4ba86bf1f03e12fe7", "type": "Centroid", "centroid": [77.11108051810014, 28.71617666441215], "global": false, "latitude": "28.71617666441215", "longitude": "77.11108051810014", "doorLatitude": "28.71615809299972", "doorLongitude": "77.111064523863", "node": "74867", "nodeId": "a71d7f4-751c-be7c-8627-0f0ba71118", "protocol": "Open Access", "polygonExist": true, "polyId": "c3b7b2-ab15-4b72-bf30-6a751a64a"}}, {"building_ID": "65d88662db333f894570bad3", "id": "6911eae4ba86bf1f03e12fe9", "type": "Feature", "geometry": {"type": "Point", "coordinates": [77.1113568435, 28.7168291492]}, "properties": {"name": "ATM Axis Bank", "roomNumber": "ATM Axis Bank", "buildingName": "RGCI", "element": {"type": "Rooms", "subType": "ATM"}, "floor": 0, "priority": 0, "landmarkId": "6911eae4ba86bf1f03e12fe9", "type": "Centroid", "centroid": [77.111356843509, 28.716829149203985], "global": false, "latitude": "28.716829149203985", "longitude": "77.111356843509", "doorLatitude": "28.71684128198693", "doorLongitude": "77.11132816749564", "node": "40234", "nodeId": "1da535c-0a62-bdfa-8d5d-bce8b1b8e142", "polygonExist": true, "polyId": "6ae26d5-eff-db5c-0ab-f54cf51dee6"}}, {"building_ID": "65d88662db333f894570bad3", "id": "6911eae4ba86bf1f03e12feb", "type": "Feature", "geometry": {"type": "Point", "coordinates": [77.1114054509, 28.7166425414]}, "properties": {"name": "Linear Accelerator 1", "roomNumber": "Linear Accelerator 1", "buildingName": "RGCI", "element": {"type": "Rooms", "subType": "room door"}, "floor": 0, "priority": 0, "landmarkId": "6911eae4ba86bf1f03e12feb", "type": "Centroid", "centroid": [77.11140545088537, 28.716642541442006], "global": false, "latitude": "28.716642541442006", "longitude": "77.11140545088537", "doorLatitude": "28.71670740166118", "doorLongitude": "77.1114163164965", "node": "64080", "nodeId": "5b8be40-fe8-65a2-f844-dcc3724571", "protocol": "Open Access", "polygonExist": true, "polyId": "77f5416-03c6-3232-26b0-33442bfdc7c"}}, {"building_ID": "65d88662db333f894570bad3", "id": "6911eae4ba86bf1f03e12fed", "type": "Feature", "geometry": {"type": "Point", "coordinates": [77.1111583167, 28.7161920402]}, "properties": {"name": "3077 - Pediatric Consultant", "roomNumber": "3077 - Pediatric Consultant", "buildingName": "RGCI", "element": {"type": "Rooms", "subType": "room door"}, "floor": 0, "priority": 0, "landmarkId": "6911eae4ba86bf1f03e12fed", "type": "Centroid", "centroid": [77.11115831665649, 28.716192040247524], "global": false, "latitude": "28.716192040247524", "longitude": "77.11115831665649", "doorLatitude": "28.716204324353477", "doorLongitude": "77.1111708523394", "node": "85918", "nodeId": "433cc28-3ba0-db66-c3c3-cf18715d8a5", "protocol": "Open Access", "polygonExist": true, "polyId": "8daba86-7f2c-62ff-844-bdabbec21a7"}}, {"building_ID": "65d88662db333f894570bad3", "id": "6911eae4ba86bf1f03e12fef", "type": "Feature", "geometry": {"type": "Point", "coordinates": [77.1111083025, 28.7166609483]}, "properties": {"name": "Xpress/CCD", "roomNumber": "Xpress/CCD", "buildingName": "RGCI", "element": {"type": "Rooms", "subType": "room door"}, "floor": 0, "priority": 0, "landmarkId": "6911eae4ba86bf1f03e12fef", "type": "Centroid", "centroid": [77.11110830248005, 28.71666094831171], "global": false, "latitude": "28.71666094831171", "longitude": "77.11110830248005", "doorLatitude": "28.71664585192503", "doorLongitude": "77.11112073236137", "node": "35547", "nodeId": "68e88e6-1a76-502e-d167-e4ad30a8f56", "protocol": "Open Access", "polygonExist": true, "polyId": "070da3-35a-23b4-aac6-a5aba3ad6e26"}}, {"building_ID": "65d88662db333f894570bad3", "id": "6911eae4ba86bf1f03e12ff1", "type": "Feature", "geometry": {"type": "Point", "coordinates": [77.1111740867, 28.7160717916]}, "properties": {"name": "Barber Room", "roomNumber": "Barber Room", "buildingName": "RGCI", "element": {"type": "Rooms", "subType": "room door"}, "floor": 0, "priority": 0, "landmarkId": "6911eae4ba86bf1f03e12ff1", "type": "Centroid", "centroid": [77.11117408668136, 28.716071791634405], "global": false, "latitude": "28.716071791634405", "longitude": "77.11117408668136", "doorLatitude": "28.71608057751728", "doorLongitude": "77.11116600329095", "node": "97815", "nodeId": "8e8f1-be5-efa-d16-13d71243b4d", "protocol": "Open Access", "polygonExist": true, "polyId": "d1742e7-fd77-ae0e-e604-ee14df467007"}}, {"building_ID": "65d88662db333f894570bad3", "id": "6911eae4ba86bf1f03e12ff3", "type": "Feature", "geometry": {"type": "Point", "coordinates": [77.1112320206, 28.7161981188]}, "properties": {"name": "3078A/B - PICC Line Dressing Room(Pediatric)", "roomNumber": "3078A/B - PICC Line Dressing Room(Pediatric)", "buildingName": "RGCI", "element": {"type": "Rooms", "subType": "room door"}, "floor": 0, "priority": 0, "landmarkId": "6911eae4ba86bf1f03e12ff3", "type": "Rooms", "global": false, "assignedTo": "D Block", "latitude": "28.716198118778014", "longitude": "77.11123202061682", "node": "93731", "nodeId": "348627d-358-dd15-cb40-114c61edfd82", "protocol": "Open Access"}}, {"building_ID": "65d88662db333f894570bad3", "id": "6911eae4ba86bf1f03e12ff5", "type": "Feature", "geometry": {"type": "Point", "coordinates": [77.1112091483, 28.7162578769]}, "properties": {"name": "3074 - Dr. Payal Malhotra Consultant", "roomNumber": "3074 - Dr. Payal Malhotra Consultant", "buildingName": "RGCI", "element": {"type": "Rooms", "subType": "Consultation Room"}, "floor": 0, "priority": 0, "landmarkId": "6911eae4ba86bf1f03e12ff5", "type": "Centroid", "centroid": [77.11120914833072, 28.71625787691606], "global": false, "latitude": "28.71625787691606", "longitude": "77.11120914833072", "doorLatitude": "28.716244233064405", "doorLongitude": "77.11119348533967", "node": "84557", "nodeId": "fb8c718-00a0-67de-466b-5a0ef0e0afb", "polygonExist": true, "polyId": "ea7e88a-a62a-bbd0-371-2abcfd5387"}}, {"building_ID": "65d88662db333f894570bad3", "id": "6911eae4ba86bf1f03e12ff7", "type": "Feature", "geometry": {"type": "Point", "coordinates": [77.1112031192, 28.7162327045]}, "properties": {"name": "Pediatric OPD Reception ", "roomNumber": "Pediatric OPD Reception ", "buildingName": "RGCI", "element": {"type": "Rooms", "subType": "room door"}, "floor": 0, "priority": 0, "landmarkId": "6911eae4ba86bf1f03e12ff7", "type": "Centroid", "centroid": [77.11120311915896, 28.716232704492807], "global": false, "latitude": "28.716232704492807", "longitude": "77.11120311915896", "doorLatitude": "28.716223407187925", "doorLongitude": "77.11119902456295", "node": "87306", "nodeId": "35bf006-fb81-4a8-ecf-fe57f2f63224", "protocol": "Open Access", "polygonExist": true, "polyId": "73fd7eb-bdd-7a44-57fe-4803f58674e"}}, {"building_ID": "65d88662db333f894570bad3", "id": "6911eae4ba86bf1f03e12ff9", "type": "Feature", "geometry": {"type": "Point", "coordinates": [77.1111259302, 28.7162134935]}, "properties": {"name": "3076 - Paediatric Oncology Unit 1- Dr. Gauri Kapoor, Dr. Sandeep Jain ", "roomNumber": "3076 - Paediatric Oncology Unit 1- Dr. Gauri Kapoor, Dr. Sandeep Jain ", "buildingName": "RGCI", "element": {"type": "Rooms", "subType": "Consultation Room"}, "floor": 0, "priority": 0, "landmarkId": "6911eae4ba86bf1f03e12ff9", "type": "Centroid", "centroid": [77.111125930194, 28.71621349353268], "global": false, "latitude": "28.71621349353268", "longitude": "77.111125930194", "doorLatitude": "28.71622742789134", "doorLongitude": "77.11113597461058", "node": "79492", "nodeId": "4a4f53-636b-0a6-15d4-1c26814c1f0a", "polygonExist": true, "polyId": "fdcc1a0-5e45-e1d6-388e-72df8d21c1cd"}}, {"building_ID": "65d88662db333f894570bad3", "id": "6911eae4ba86bf1f03e12ffb", "type": "Feature", "geometry": {"type": "Point", "coordinates": [77.110801961, 28.7162393729]}, "properties": {"name": " 3051 - Palliative Care", "roomNumber": " 3051 - Palliative Care", "buildingName": "RGCI", "element": {"type": "Rooms", "subType": "room door"}, "floor": 0, "priority": 0, "landmarkId": "6911eae4ba86bf1f03e12ffb", "type": "Centroid", "centroid": [77.11080196099988, 28.716239372934215], "global": false, "latitude": "28.716239372934215", "longitude": "77.11080196099988", "doorLatitude": "28.716224567054542", "doorLongitude": "77.11080877230674", "node": "41331", "nodeId": "ac7e724-8c1-72cc-8548-6c2be7ae735", "protocol": "Open Access", "polygonExist": true, "polyId": "fbe104-560-55be-223e-46f745d60bf"}}, {"building_ID": "65d88662db333f894570bad3", "id": "6911eae4ba86bf1f03e12ffd", "type": "Feature", "geometry": {"type": "Point", "coordinates": [77.1111893126, 28.7160531274]}, "properties": {"name": "3070 - Sample Collection", "roomNumber": "3070 - Sample Collection", "buildingName": "RGCI", "element": {"type": "Rooms", "subType": "room door"}, "floor": 0, "priority": 0, "landmarkId": "6911eae4ba86bf1f03e12ffd", "type": "Centroid", "centroid": [77.11118931262473, 28.716053127432644], "global": false, "assignedTo": "D Block", "latitude": "28.716053127432644", "longitude": "77.11118931262473", "doorLatitude": "28.716045526775133", "doorLongitude": "77.11116711667214", "node": "101477", "nodeId": "d4178e2-e08f-6017-c65e-c6d5e1c16d42", "protocol": "Open Access", "polygonExist": true, "polyId": "4fffe-8058-f33-6646-d8f0823b4c7"}}, {"building_ID": "65d88662db333f894570bad3", "id": "6911eae4ba86bf1f03e12fff", "type": "Feature", "geometry": {"type": "Point", "coordinates": [77.1112328154, 28.7162421995]}, "properties": {"name": "3073 - Dressing Room", "roomNumber": "3073 - Dressing Room", "buildingName": "RGCI", "element": {"type": "Rooms", "subType": "room door"}, "floor": 0, "priority": 0, "landmarkId": "6911eae4ba86bf1f03e12fff", "type": "Centroid", "centroid": [77.11123281536098, 28.716242199515367], "global": false, "latitude": "28.716242199515367", "longitude": "77.11123281536098", "doorLatitude": "28.716229380790068", "doorLongitude": "77.11121590673677", "node": "88688", "nodeId": "58cbb4-0dc7-b6ea-d64-44644abade0", "protocol": "Open Access", "polygonExist": true, "polyId": "80d0ce4-7bec-0174-a5da-48d8622ed02a"}}, {"building_ID": "65d88662db333f894570bad3", "id": "6911eae4ba86bf1f03e13001", "type": "Feature", "geometry": {"type": "Point", "coordinates": [77.1111385591, 28.7161690991]}, "properties": {"name": "3071 - Surgical Oncology Unit 5 - Dr. Shalini Sharma", "roomNumber": "3071 - Surgical Oncology Unit 5 - Dr. Shalini Sharma", "buildingName": "RGCI", "element": {"type": "Rooms", "subType": "Consultation Room"}, "floor": 0, "priority": 0, "landmarkId": "6911eae4ba86bf1f03e13001", "type": "Centroid", "centroid": [77.11113855906943, 28.71616909909099], "global": false, "latitude": "28.71616909909099", "longitude": "77.11113855906943", "doorLatitude": "28.716154072296305", "doorLongitude": "77.11112757381538", "node": "85895", "nodeId": "41a6d2-ba3d-47-6d58-c7aaaba4b5d1", "polygonExist": true, "polyId": "375eba5-6a3f-af61-08d6-5ea2fbb83fc"}}, {"building_ID": "65d88662db333f894570bad3", "id": "6911eae4ba86bf1f03e13003", "type": "Feature", "geometry": {"type": "Point", "coordinates": [77.1115840765, 28.7169771516]}, "properties": {"name": "Change Room", "roomNumber": "Change Room", "buildingName": "RGCI", "element": {"type": "Rooms", "subType": "room door"}, "floor": 0, "priority": 0, "landmarkId": "6911eae4ba86bf1f03e13003", "type": "Centroid", "centroid": [77.11158407652204, 28.71697715162846], "global": false, "latitude": "28.71697715162846", "longitude": "77.11158407652204", "doorLatitude": "28.71696972549129", "doorLongitude": "77.11159528722058", "node": "58683", "nodeId": "7203af4-6f82-6254-edd2-6cc6446718af", "protocol": "Open Access", "timings": "null", "polygonExist": true, "polyId": "e477ced-8a16-e7f4-5a48-85162a084ca0"}}, {"building_ID": "65d88662db333f894570bad3", "id": "6911eae4ba86bf1f03e13005", "type": "Feature", "geometry": {"type": "Point", "coordinates": [77.1114494415, 28.7169168686]}, "properties": {"name": "Utility-2", "roomNumber": "Utility-2", "buildingName": "RGCI", "element": {"type": "Rooms", "subType": "room door"}, "floor": 0, "priority": 0, "landmarkId": "6911eae4ba86bf1f03e13005", "type": "Centroid", "centroid": [77.11144944149012, 28.71691686855197], "global": false, "latitude": "28.71691686855197", "longitude": "77.11144944149012", "doorLatitude": "28.716923633321525", "doorLongitude": "77.11144212847344", "node": "45329", "nodeId": "83e888-e137-7e15-87ba-ac56f7ba5ef", "protocol": "Open Access", "polygonExist": true, "polyId": "aca61e6-b33-1675-bab0-1a76b268af52"}}, {"building_ID": "65d88662db333f894570bad3", "id": "6911eae4ba86bf1f03e13007", "type": "Feature", "geometry": {"type": "Point", "coordinates": [77.1113841669, 28.716951734]}, "properties": {"name": "Cytotoxic Admixture Unit (CAU)", "roomNumber": "Cytotoxic Admixture Unit (CAU)", "buildingName": "RGCI", "element": {"type": "Rooms", "subType": "room door"}, "floor": 0, "priority": 0, "landmarkId": "6911eae4ba86bf1f03e13007", "type": "Centroid", "centroid": [77.11138416685534, 28.716951734012163], "global": false, "assignedTo": "B Block", "latitude": "28.716951734012163", "longitude": "77.11138416685534", "doorLatitude": "28.71697411735202", "doorLongitude": "77.11140735654621", "node": "36157", "nodeId": "56d5221-0b1f-0ee7-e2c0-0c3ae23a2b8", "protocol": "Open Access", "polygonExist": true, "polyId": "350f77-8ee3-ee5a-3de5-cbe1f00c0b"}}, {"building_ID": "65d88662db333f894570bad3", "id": "6911eae4ba86bf1f03e13009", "type": "Feature", "geometry": {"type": "Point", "coordinates": [77.1116322947, 28.7167383024]}, "properties": {"name": "Duty Doctor (Emergency)", "roomNumber": "Duty Doctor (Emergency)", "buildingName": "RGCI", "element": {"type": "Rooms", "subType": "room door"}, "floor": 0, "priority": 0, "landmarkId": "6911eae4ba86bf1f03e13009", "type": "Centroid", "centroid": [77.11163229470789, 28.71673830244327], "global": false, "latitude": "28.71673830244327", "longitude": "77.11163229470789", "doorLatitude": "28.716741314653337", "doorLongitude": "77.11161376134724", "node": "83865", "nodeId": "fa4b3e0-6bad-4e7-060-d61fba4fac44", "protocol": "Open Access", "polygonExist": true, "polyId": "e06efa-714e-7c2d-605-71214710a7ff"}}, {"building_ID": "65d88662db333f894570bad3", "id": "6911eae4ba86bf1f03e1300b", "type": "Feature", "geometry": {"type": "Point", "coordinates": [77.1117215609, 28.7167642679]}, "properties": {"name": "EWS OPD Reception", "roomNumber": "EWS OPD Reception", "buildingName": "RGCI", "element": {"type": "Rooms", "subType": "room door"}, "floor": 0, "priority": 0, "landmarkId": "6911eae4ba86bf1f03e1300b", "type": "Centroid", "centroid": [77.11172156090132, 28.71676426794889], "global": false, "latitude": "28.71676426794889", "longitude": "77.11172156090132", "doorLatitude": "28.716753076278962", "doorLongitude": "77.11170996605587", "node": "93985", "nodeId": "cf1b680-6c7d-aee7-ca11-35e0bdd4cd8a", "protocol": "Open Access", "polygonExist": true, "polyId": "4428be5-d815-7cdb-1b-40ce77858a"}}, {"building_ID": "65d88662db333f894570bad3", "id": "6911eae4ba86bf1f03e1300d", "type": "Feature", "geometry": {"type": "Point", "coordinates": [77.1116125951, 28.7167626751]}, "properties": {"name": "Nursing Station (Emergency)", "roomNumber": "Nursing Station (Emergency)", "buildingName": "RGCI", "element": {"type": "Rooms", "subType": "room door"}, "floor": 0, "priority": 0, "landmarkId": "6911eae4ba86bf1f03e1300d", "type": "Centroid", "centroid": [77.11161259506527, 28.716762675149166], "global": false, "latitude": "28.716762675149166", "longitude": "77.11161259506527", "doorLatitude": "28.716770926412686", "doorLongitude": "77.11160013873354", "node": "79281", "nodeId": "5c21f45-a35e-d6a4-6eba-64a32debaedc", "protocol": "Open Access", "polygonExist": true, "polyId": "1da66a-c5cb-61dc-c525-051cf467b74f"}}, {"building_ID": "65d88662db333f894570bad3", "id": "6911eae4ba86bf1f03e1300f", "type": "Feature", "geometry": {"type": "Point", "coordinates": [77.1110020444, 28.7160673744]}, "properties": {"name": "3162 - Medical Oncology Unit 2 - Dr. Sumit Goyal, Dr. Shiva Shankar", "roomNumber": "3162 - Medical Oncology Unit 2 - Dr. Sumit Goyal, Dr. Shiva Shankar", "buildingName": "RGCI", "element": {"type": "Rooms", "subType": "Consultation Room"}, "floor": 1, "priority": 0, "landmarkId": "6911eae4ba86bf1f03e1300f", "type": "Centroid", "centroid": [77.11100204444254, 28.716067374414937], "global": false, "latitude": "28.716067374414937", "longitude": "77.11100204444254", "doorLatitude": "28.716084876588678", "doorLongitude": "77.11100929279708", "node": "75753", "nodeId": "fa7f5-238-23bb-65ae-24f6fdf764", "polygonExist": true, "polyId": "d6523ab-dd1b-8711-ad2f-42e17ae52da"}}, {"building_ID": "65d88662db333f894570bad3", "id": "6911eae4ba86bf1f03e13011", "type": "Feature", "geometry": {"type": "Point", "coordinates": [77.1116512987, 28.7167601207]}, "properties": {"name": "EWS OPD 1", "roomNumber": "EWS OPD 1", "buildingName": "RGCI", "element": {"type": "Rooms", "subType": "room door"}, "floor": 0, "priority": 0, "landmarkId": "6911eae4ba86bf1f03e13011", "type": "Centroid", "centroid": [77.11165129866312, 28.716760120737415], "global": false, "latitude": "28.716760120737415", "longitude": "77.11165129866312", "doorLatitude": "28.71677841108354", "doorLongitude": "77.11166135991176", "node": "85721", "nodeId": "bbe0f68-3a06-d861-48b0-72440bd34414", "protocol": "Open Access", "polygonExist": true, "polyId": "5ba777-7c11-667-fb42-dfbb15ec5"}}, {"building_ID": "65d88662db333f894570bad3", "id": "6911eae4ba86bf1f03e13013", "type": "Feature", "geometry": {"type": "Point", "coordinates": [77.1109634689, 28.7161838575]}, "properties": {"name": "Counter No. A", "roomNumber": "Counter No. A", "buildingName": "RGCI", "element": {"type": "Rooms", "subType": "room door"}, "floor": 0, "priority": 0, "landmarkId": "6911eae4ba86bf1f03e13013", "type": "Centroid", "centroid": [77.11096346887368, 28.716183857495295], "global": false, "latitude": "28.716183857495295", "longitude": "77.11096346887368", "doorLatitude": "28.716191771857147", "doorLongitude": "77.11097224120667", "node": "63844", "nodeId": "f2c533d-61b0-2f-fdf2-4c6c57d2d14", "protocol": "Open Access", "polygonExist": true, "polyId": "fb6240b-6371-ccf1-1d25-1867f58a2c6"}}, {"building_ID": "65d88662db333f894570bad3", "id": "6911eae4ba86bf1f03e13015", "type": "Feature", "geometry": {"type": "Point", "coordinates": [77.1108242398, 28.7161883263]}, "properties": {"name": "3153", "roomNumber": "3153", "buildingName": "RGCI", "element": {"type": "Rooms", "subType": "room door"}, "floor": 1, "priority": 0, "landmarkId": "6911eae4ba86bf1f03e13015", "type": "Centroid", "centroid": [77.11082423983432, 28.716188326264312], "global": false, "latitude": "28.716188326264312", "longitude": "77.11082423983432", "doorLatitude": "28.71619267763381", "doorLongitude": "77.11085173342597", "node": "46378", "nodeId": "c6a464-bd58-ff53-6bb-2cbfb5628d06", "protocol": "Open Access", "polygonExist": true, "polyId": "fc17e1c-080f-b4c8-824e-b74e57c328"}}, {"building_ID": "65d88662db333f894570bad3", "id": "6911eae4ba86bf1f03e13017", "type": "Feature", "geometry": {"type": "Point", "coordinates": [77.1109072428, 28.7162571314]}, "properties": {"name": "Maintenance and Store", "roomNumber": "Maintenance and Store", "buildingName": "RGCI", "element": {"type": "Rooms", "subType": "room door"}, "floor": 0, "priority": 0, "landmarkId": "6911eae4ba86bf1f03e13017", "type": "Centroid", "centroid": [77.1109072428372, 28.716257131359313], "global": false, "latitude": "28.716257131359313", "longitude": "77.1109072428372", "doorLatitude": "28.716262500750112", "doorLongitude": "77.1109431672051", "node": "53302", "nodeId": "cb548a6-c65-6e25-2b0c-d6abcb6acad3", "protocol": "Choose ...", "polygonExist": true, "polyId": "bf5c1b-b42e-4ab6-526b-4ae2c1ca538"}}, {"building_ID": "65d88662db333f894570bad3", "id": "6911eae4ba86bf1f03e13019", "type": "Feature", "geometry": {"type": "Point", "coordinates": [77.110979278, 28.716154513]}, "properties": {"name": "3061 - Examination Room", "roomNumber": "3061 - Examination Room", "buildingName": "RGCI", "element": {"type": "Rooms", "subType": "room door"}, "floor": 0, "priority": 0, "landmarkId": "6911eae4ba86bf1f03e13019", "type": "Centroid", "centroid": [77.11097927795802, 28.71615451304562], "global": false, "latitude": "28.71615451304562", "longitude": "77.11097927795802", "doorLatitude": "28.716133756761135", "doorLongitude": "77.11096140204593", "node": "68415", "nodeId": "eaa2c2-4770-2da-db1c-0c2a4d177aa2", "protocol": "Open Access", "polygonExist": true, "polyId": "5be7611-f66-160d-d444-df2be6d7e70"}}, {"building_ID": "65d88662db333f894570bad3", "id": "6911eae4ba86bf1f03e1301b", "type": "Feature", "geometry": {"type": "Point", "coordinates": [77.1109142695, 28.7161285567]}, "properties": {"name": "3156 - Radiation Oncology Unit C - Dr. Kundan S. Chauffal", "roomNumber": "3156 - Radiation Oncology Unit C - Dr. Kundan S. Chauffal", "buildingName": "RGCI", "element": {"type": "Rooms", "subType": "Consultation Room"}, "floor": 1, "priority": 0, "landmarkId": "6911eae4ba86bf1f03e1301b", "type": "Centroid", "centroid": [77.11091426954664, 28.7161285566912], "global": false, "latitude": "28.7161285566912", "longitude": "77.11091426954664", "doorLatitude": "28.7161514213162", "doorLongitude": "77.11091401508459", "node": "57853", "nodeId": "03a3671-d5a3-b0da-0771-0f8cf68b642c", "polygonExist": true, "polyId": "03d4541-ec54-b747-f08d-ba56781453e8"}}, {"building_ID": "65d88662db333f894570bad3", "id": "6911eae4ba86bf1f03e1301d", "type": "Feature", "geometry": {"type": "Point", "coordinates": [77.1117331936, 28.7170276367]}, "properties": {"name": "109 - General Ward", "roomNumber": "109 - General Ward", "buildingName": "RGCI", "element": {"type": "Rooms", "subType": "room door"}, "floor": 1, "priority": 0, "landmarkId": "6911eae4ba86bf1f03e1301d", "type": "Centroid", "centroid": [77.11173319357395, 28.71702763673966], "global": false, "latitude": "28.71702763673966", "longitude": "77.11173319357395", "doorLatitude": "28.717004986090128", "doorLongitude": "77.11170781741244", "node": "65140", "nodeId": "2188b6d-6e8c-4ded-b671-0d724e401a2", "protocol": "Open Access", "polygonExist": true, "polyId": "1ab1db8-4d04-ed5-0f16-4442a04b266"}}, {"building_ID": "65d88662db333f894570bad3", "id": "6911eae4ba86bf1f03e1301f", "type": "Feature", "geometry": {"type": "Point", "coordinates": [77.1115954988, 28.7170244865]}, "properties": {"name": "Utility Rooms", "roomNumber": "Utility Rooms", "buildingName": "RGCI", "element": {"type": "Rooms", "subType": "room door"}, "floor": 1, "priority": 0, "landmarkId": "6911eae4ba86bf1f03e1301f", "type": "Centroid", "centroid": [77.11159549882376, 28.717024486476557], "global": false, "latitude": "28.717024486476557", "longitude": "77.11159549882376", "doorLatitude": "28.717044150325016", "doorLongitude": "77.11161243389837", "node": "49986", "nodeId": "6f468c2-a541-f6e2-4d4f-4611217a03", "protocol": "Open Access", "polygonExist": true, "polyId": "b7f3463-6843-7dc7-60d6-0f653b535116"}}, {"building_ID": "65d88662db333f894570bad3", "id": "6911eae4ba86bf1f03e13021", "type": "Feature", "geometry": {"type": "Point", "coordinates": [77.1113864591, 28.7169793818]}, "properties": {"name": "Nuclear Medicine", "roomNumber": "Nuclear Medicine", "buildingName": "RGCI", "element": {"type": "Rooms", "subType": "room door"}, "floor": 1, "priority": 0, "landmarkId": "6911eae4ba86bf1f03e13021", "type": "Centroid", "centroid": [77.11138645912757, 28.716979381814472], "global": false, "assignedTo": "B Block", "latitude": "28.716979381814472", "longitude": "77.11138645912757", "doorLatitude": "28.716991642723094", "doorLongitude": "77.11140679985562", "node": "31112", "nodeId": "38d3040-e77-3254-a146-ef1becb04eea", "protocol": "Open Access", "polygonExist": true, "polyId": "f54c60-2e06-85f2-1771-8a4b0ffc0f4"}}, {"building_ID": "65d88662db333f894570bad3", "id": "6911eae4ba86bf1f03e13023", "type": "Feature", "geometry": {"type": "Point", "coordinates": [77.1109430614, 28.7162351203]}, "properties": {"name": "Hugs and Mugs", "roomNumber": "Hugs and Mugs", "buildingName": "RGCI", "element": {"type": "Rooms", "subType": "Cafeteria"}, "floor": 1, "priority": 0, "landmarkId": "6911eae4ba86bf1f03e13023", "type": "Centroid", "centroid": [77.1109430614035, 28.71623512025748], "global": false, "latitude": "28.71623512025748", "longitude": "77.1109430614035", "doorLatitude": "28.71622414950256", "doorLongitude": "77.11094926311898", "node": "54668", "nodeId": "b4a7c37-f1a3-5b50-063d-87acc4c01ba7", "polygonExist": true, "polyId": "a14164b-47db-27f8-60d6-7cad565def8"}}, {"building_ID": "65d88662db333f894570bad3", "id": "6911eae4ba86bf1f03e13025", "type": "Feature", "geometry": {"type": "Point", "coordinates": [77.1112385145, 28.7161011714]}, "properties": {"name": "3172 - Gynaecologic Oncology Unit 1 - Dr. Vandana Jain ", "roomNumber": "3172 - Gynaecologic Oncology Unit 1 - Dr. Vandana Jain ", "buildingName": "RGCI", "element": {"type": "Rooms", "subType": "Consultation Room"}, "floor": 1, "priority": 0, "landmarkId": "6911eae4ba86bf1f03e13025", "type": "Centroid", "centroid": [77.11123851451892, 28.716101171420434], "global": false, "latitude": "28.716101171420434", "longitude": "77.11123851451892", "doorLatitude": "28.716111072936663", "doorLongitude": "77.11122356692084", "node": "98293", "nodeId": "23c6ef5-0bc6-3e0-a0d-7331a8d752b", "polygonExist": true, "polyId": "646c8d0-1401-e84d-31c4-73bcb0dfb80"}}, {"building_ID": "65d88662db333f894570bad3", "id": "6911eae4ba86bf1f03e13027", "type": "Feature", "geometry": {"type": "Point", "coordinates": [77.1111177146, 28.7161880538]}, "properties": {"name": "Pre Anesthesia Registration (pse)", "roomNumber": "Pre Anesthesia Registration (pse)", "buildingName": "RGCI", "element": {"type": "Rooms", "subType": "room door"}, "floor": 1, "priority": 0, "landmarkId": "6911eae4ba86bf1f03e13027", "type": "Rooms", "global": false, "latitude": "28.71618805379976", "longitude": "77.1111177145516", "node": "78099", "nodeId": "4dd16ab-6ca4-ec08-851d-5a3bf7256462", "protocol": "Open Access"}}, {"building_ID": "65d88662db333f894570bad3", "id": "6911eae4ba86bf1f03e13029", "type": "Feature", "geometry": {"type": "Point", "coordinates": [77.1110202088, 28.716485973]}, "properties": {"name": "2153/A - Ultrasound", "roomNumber": "2153/A - Ultrasound", "buildingName": "RGCI", "element": {"type": "Rooms", "subType": "room door"}, "floor": 1, "priority": 0, "landmarkId": "6911eae4ba86bf1f03e13029", "type": "Centroid", "centroid": [77.1110202088445, 28.71648597296897], "global": false, "latitude": "28.71648597296897", "longitude": "77.1110202088445", "doorLatitude": "28.716466018613506", "doorLongitude": "77.11100889234436", "node": "37308", "nodeId": "e3c7020-6daa-cd75-385e-20008302b00", "protocol": "Open Access", "polygonExist": true, "polyId": "503c308-a630-2ba5-eaa2-24f4311dcfa"}}, {"building_ID": "65d88662db333f894570bad3", "id": "6911eae4ba86bf1f03e1302b", "type": "Feature", "geometry": {"type": "Point", "coordinates": [77.1114756006, 28.7170215571]}, "properties": {"name": "Radiology Waiting Area", "roomNumber": "Radiology Waiting Area", "buildingName": "RGCI", "element": {"type": "Rooms", "subType": "Point of Interest"}, "floor": 0, "priority": 0, "landmarkId": "6911eae4ba86bf1f03e1302b", "type": "Centroid", "centroid": [77.11147560063445, 28.717021557128465], "global": false, "latitude": "28.717021557128465", "longitude": "77.11147560063445", "doorLatitude": "28.717060489390033", "doorLongitude": "77.11145826757163", "node": "33438", "nodeId": "dfda463-a68-525f-d123-aeda37cab57", "polygonExist": true, "polyId": "0e0d08a-5307-5daa-2d1e-67e2afa678de"}}, {"building_ID": "65d88662db333f894570bad3", "id": "6911eae4ba86bf1f03e1302d", "type": "Feature", "geometry": {"type": "Point", "coordinates": [77.1112125251, 28.7165661748]}, "properties": {"name": "Registration Desk", "roomNumber": "Registration Desk", "buildingName": "RGCI", "element": {"type": "Rooms", "subType": "room door"}, "floor": 0, "priority": 0, "landmarkId": "6911eae4ba86bf1f03e1302d", "type": "Centroid", "centroid": [77.11121252506923, 28.716566174767866], "global": false, "assignedTo": "C Block", "latitude": "28.716566174767866", "longitude": "77.11121252506923", "doorLatitude": "28.71654541848338", "doorLongitude": "77.11119464915714", "node": "54351", "nodeId": "5388ba-a7a-e806-2aaf-237e2e076c", "protocol": "Open Access", "polygonExist": true, "polyId": "02c20aa-566-ff68-f2e-83c0702fc15"}}, {"building_ID": "65d88662db333f894570bad3", "id": "6911eae4ba86bf1f03e1302f", "type": "Feature", "geometry": {"type": "Point", "coordinates": [77.1108505053, 28.7163761445]}, "properties": {"name": " 2155 - Tobacco Cessation Clinic", "roomNumber": " 2155 - Tobacco Cessation Clinic", "buildingName": "RGCI", "element": {"type": "Rooms", "subType": "room door"}, "floor": 1, "priority": 0, "landmarkId": "6911eae4ba86bf1f03e1302f", "type": "Centroid", "centroid": [77.11085050534814, 28.716376144467947], "global": false, "assignedTo": "Main Building", "latitude": "28.716376144467947", "longitude": "77.11085050534814", "doorLatitude": "28.7163936151898", "doorLongitude": "77.11086437367823", "node": "27620", "nodeId": "e3a71e-26-dab8-6dfd-443f150fdfa", "protocol": "Open Access", "polygonExist": true, "polyId": "70f00d8-28f-30fc-e2a-eaf030060c2"}}, {"building_ID": "65d88662db333f894570bad3", "id": "6911eae4ba86bf1f03e13031", "type": "Feature", "geometry": {"type": "Point", "coordinates": [77.1109172722, 28.7165095526]}, "properties": {"name": "Billing Verification", "roomNumber": "Billing Verification", "buildingName": "RGCI", "element": {"type": "Rooms", "subType": "room door"}, "floor": 0, "priority": 0, "landmarkId": "6911eae4ba86bf1f03e13031", "type": "Centroid", "centroid": [77.11091727218019, 28.7165095525925], "global": false, "latitude": "28.7165095525925", "longitude": "77.11091727218019", "doorLatitude": "28.716479848043818", "doorLongitude": "77.1109621149744", "node": "33632", "nodeId": "b8828f2-62f5-cbeb-2da0-0fda66fc1343", "protocol": "Open Access", "polygonExist": true, "polyId": "1ee2cc0-5b7f-20b7-f3c-42e6a741f42"}}, {"building_ID": "65d88662db333f894570bad3", "id": "6911eae4ba86bf1f03e13033", "type": "Feature", "geometry": {"type": "Point", "coordinates": [77.1117541061, 28.7167838854]}, "properties": {"name": "Back office", "roomNumber": "Back office", "buildingName": "RGCI", "element": {"type": "Rooms", "subType": "room door"}, "floor": 0, "priority": 0, "landmarkId": "6911eae4ba86bf1f03e13033", "type": "Centroid", "centroid": [77.11175410606617, 28.716783885402684], "global": false, "latitude": "28.716783885402684", "longitude": "77.11175410606617", "doorLatitude": "28.716788034231776", "doorLongitude": "77.11174007285518", "node": "94001", "nodeId": "a5c8db-b3bb-63cd-40f-ff021af48ff", "protocol": "Staff Only", "polygonExist": true, "polyId": "d435a5-a325-083e-b841-48c47646646f"}}, {"building_ID": "65d88662db333f894570bad3", "id": "6911eae4ba86bf1f03e13035", "type": "Feature", "geometry": {"type": "Point", "coordinates": [77.1110427889, 28.7165121914]}, "properties": {"name": "Dr. Abhay Kapoor - Interventional Oncology", "roomNumber": "Dr. Abhay Kapoor - Interventional Oncology", "buildingName": "RGCI", "element": {"type": "Rooms", "subType": "room door"}, "floor": 1, "priority": 0, "landmarkId": "6911eae4ba86bf1f03e13035", "type": "Centroid", "centroid": [77.11104278894398, 28.716512191433583], "global": false, "latitude": "28.716512191433583", "longitude": "77.11104278894398", "doorLatitude": "28.71652563756756", "doorLongitude": "77.111032850329", "node": "34117", "nodeId": "4cc1e3d-22fd-88da-13be-c32787c1ada", "protocol": "Open Access", "polygonExist": true, "polyId": "78a3ebe-0d4b-de1f-331b-4332fb53ea5"}}, {"building_ID": "65d88662db333f894570bad3", "id": "6911eae4ba86bf1f03e13037", "type": "Feature", "geometry": {"type": "Point", "coordinates": [77.1111129805, 28.7164589435]}, "properties": {"name": "OPD Pharmacy Counters", "roomNumber": "OPD Pharmacy Counters", "buildingName": "RGCI", "element": {"type": "Rooms", "subType": "room door"}, "floor": 0, "priority": 0, "landmarkId": "6911eae4ba86bf1f03e13037", "type": "Centroid", "centroid": [77.11111298046757, 28.716458943544655], "global": false, "assignedTo": "C Block", "latitude": "28.716458943544655", "longitude": "77.11111298046757", "doorLatitude": "28.716497351298262", "doorLongitude": "77.11115325230809", "node": "54329", "nodeId": "5e312-46b5-5c0c-74f4-446c15f614a8", "protocol": "Open Access", "polygonExist": true, "polyId": "6554868-85c2-d308-0b42-aac7b7fc5d1e"}}, {"building_ID": "65d88662db333f894570bad3", "id": "6911eae4ba86bf1f03e13039", "type": "Feature", "geometry": {"type": "Point", "coordinates": [77.1114359544, 28.7167801762]}, "properties": {"name": "Radiation Oncology Reception", "roomNumber": "Radiation Oncology Reception", "buildingName": "RGCI", "element": {"type": "Rooms", "subType": "room door"}, "floor": 0, "priority": 0, "landmarkId": "6911eae4ba86bf1f03e13039", "type": "Rooms", "global": false, "assignedTo": "A Block", "latitude": "28.716780176242203", "longitude": "77.11143595444064", "node": "59056", "nodeId": "77fd17d-d8e7-4820-c1e0-5abd256b48", "protocol": "Open Access"}}, {"building_ID": "65d88662db333f894570bad3", "id": "6911eae4ba86bf1f03e1303b", "type": "Feature", "geometry": {"type": "Point", "coordinates": [77.1111687326, 28.7161405334]}, "properties": {"name": "3173", "roomNumber": "3173", "buildingName": "RGCI", "element": {"type": "Rooms", "subType": "room door"}, "floor": 1, "priority": 0, "landmarkId": "6911eae4ba86bf1f03e1303b", "type": "Centroid", "centroid": [77.11116873261086, 28.716140533372997], "global": false, "latitude": "28.716140533372997", "longitude": "77.11116873261086", "doorLatitude": "28.716164950261895", "doorLongitude": "77.11115259228042", "node": "84525", "nodeId": "2b46ff-1737-6087-c5f4-122a4186fd81", "protocol": "Open Access", "polygonExist": true, "polyId": "160b20-851a-5806-c0c4-e8430d7501a"}}, {"building_ID": "65d88662db333f894570bad3", "id": "6911eae4ba86bf1f03e12f2f", "type": "Feature", "geometry": {"type": "Point", "coordinates": [77.1110126191, 28.7160569383]}, "properties": {"name": "3066 - Surgical Oncolgy Unit Breast 2 - Dr. Vishvak Chanthar", "roomNumber": "3066 - Surgical Oncolgy Unit Breast 2 - Dr. Vishvak Chanthar", "buildingName": "RGCI", "element": {"type": "Rooms", "subType": "Consultation Room"}, "floor": 0, "priority": 0, "landmarkId": "6911eae4ba86bf1f03e12f2f", "type": "Centroid", "centroid": [77.11101261909931, 28.716056938279365], "global": false, "latitude": "28.716056938279365", "longitude": "77.11101261909931", "doorLatitude": "28.716081041463923", "doorLongitude": "77.11100990238846", "node": "79425", "nodeId": "5a85021-2363-b6b1-a18-bd1ac6dde5c", "polygonExist": true, "polyId": "5a45b1e-3716-30f-8f2d-d71005d072"}}, {"building_ID": "65d88662db333f894570bad3", "id": "6911eae4ba86bf1f03e1303f", "type": "Feature", "geometry": {"type": "Point", "coordinates": [77.1111971177, 28.7160531042]}, "properties": {"name": "3169", "roomNumber": "3169", "buildingName": "RGCI", "element": {"type": "Rooms", "subType": "room door"}, "floor": 1, "priority": 0, "landmarkId": "6911eae4ba86bf1f03e1303f", "type": "Centroid", "centroid": [77.11119711766986, 28.716053104235314], "global": false, "latitude": "28.716053104235314", "longitude": "77.11119711766986", "doorLatitude": "28.71606737549564", "doorLongitude": "77.11118593342171", "node": "98273", "nodeId": "d21f33c-1a4-4ae-d04a-cfd1875ce801", "protocol": "Open Access", "polygonExist": true, "polyId": "8a6d2-5ec-653-d2e-3ab733aaa4"}}, {"building_ID": "65d88662db333f894570bad3", "id": "6911eae4ba86bf1f03e13041", "type": "Feature", "geometry": {"type": "Point", "coordinates": [77.111196163, 28.7161292257]}, "properties": {"name": "3173 Gate 2", "roomNumber": "3173 Gate 2", "buildingName": "RGCI", "element": {"type": "Rooms", "subType": "room door"}, "floor": 1, "priority": 0, "landmarkId": "6911eae4ba86bf1f03e13041", "type": "Rooms", "global": false, "latitude": "28.716129225716408", "longitude": "77.11119616299105", "node": "93244", "nodeId": "f2ba4bd-a1ca-51e-b33b-55af75b77528", "protocol": "Staff Only"}}, {"building_ID": "65d88662db333f894570bad3", "id": "6911eae4ba86bf1f03e13043", "type": "Feature", "geometry": {"type": "Point", "coordinates": [77.1111601058, 28.716626633]}, "properties": {"name": "Admission", "roomNumber": "Admission", "buildingName": "RGCI", "element": {"type": "Rooms", "subType": "room door"}, "floor": 0, "priority": 0, "landmarkId": "6911eae4ba86bf1f03e13043", "type": "Centroid", "centroid": [77.1111601057973, 28.71662663300673], "global": false, "assignedTo": "C Block", "latitude": "28.71662663300673", "longitude": "77.1111601057973", "doorLatitude": "28.716599830427963", "doorLongitude": "77.11112804745802", "node": "41043", "nodeId": "0e20d08-87db-f547-70e5-e6da6bef07fc", "protocol": "Open Access", "polygonExist": true, "polyId": "65164f-cc31-4ac-78e6-3164d5360824"}}, {"building_ID": "65d88662db333f894570bad3", "id": "6911eae4ba86bf1f03e13045", "type": "Feature", "geometry": {"type": "Point", "coordinates": [77.1116133381, 28.7166317927]}, "properties": {"name": "Accessible Emergency Entry", "roomNumber": "Accessible Emergency Entry", "buildingName": "RGCI", "element": {"type": "Rooms", "subType": "main entry"}, "floor": 0, "priority": 0, "landmarkId": "6911eae4ba86bf1f03e13045", "type": "Rooms", "global": false, "latitude": "28.7166317926828", "longitude": "77.1116133381409", "node": "94849", "nodeId": "315a56-7ba5-27b2-fbe4-3d37c571786", "protocol": "Open Access"}}, {"building_ID": "65d88662db333f894570bad3", "id": "6911eae4ba86bf1f03e13047", "type": "Feature", "geometry": {"type": "Point", "coordinates": [77.111733924, 28.7168126952]}, "properties": {"name": "Nurse Room (Emergency)", "roomNumber": "Nurse Room (Emergency)", "buildingName": "RGCI", "element": {"type": "Rooms", "subType": "room door"}, "floor": 0, "priority": 0, "landmarkId": "6911eae4ba86bf1f03e13047", "type": "Centroid", "centroid": [77.11173392404052, 28.716812695233013], "global": false, "latitude": "28.716812695233013", "longitude": "77.11173392404052", "doorLatitude": "28.716791334737184", "doorLongitude": "77.1117350903225", "node": "93083", "nodeId": "c56dd-c52b-128-bd47-cbdd8fc654", "protocol": "Staff Only", "polygonExist": true, "polyId": "f2ffcbb-77cb-d4c7-1a20-55521475be8"}}, {"building_ID": "65d88662db333f894570bad3", "id": "6911eae4ba86bf1f03e13049", "type": "Feature", "geometry": {"type": "Point", "coordinates": [77.1110904844, 28.7160087904]}, "properties": {"name": "3168 - GI Oncology Surgical Oncology - Dr. Shivender Singh", "roomNumber": "3168 - GI Oncology Surgical Oncology - Dr. Shivender Singh", "buildingName": "RGCI", "element": {"type": "Rooms", "subType": "Consultation Room"}, "floor": 1, "priority": 0, "landmarkId": "6911eae4ba86bf1f03e13049", "type": "Centroid", "centroid": [77.11109048439778, 28.716008790443933], "global": false, "latitude": "28.716008790443933", "longitude": "77.11109048439778", "doorLatitude": "28.716022166985912", "doorLongitude": "77.11110396091816", "node": "93195", "nodeId": "a2fe78-df3-5505-7de2-be637ef6ed1d", "polygonExist": true, "polyId": "aff32e-0ce-ee8f-6e45-554461075ba"}}, {"building_ID": "65d88662db333f894570bad3", "id": "6911eae4ba86bf1f03e1304b", "type": "Feature", "geometry": {"type": "Point", "coordinates": [77.1114541868, 28.7169739782]}, "properties": {"name": "Towards A Block", "roomNumber": "Towards A Block", "buildingName": "RGCI", "element": {"type": "Rooms", "subType": "main entry"}, "floor": 1, "priority": 0, "landmarkId": "6911eae4ba86bf1f03e1304b", "type": "Rooms", "global": false, "latitude": "28.716973978168028", "longitude": "77.11145418681696", "node": "38460", "nodeId": "21decb-71ca-2802-5d0-5fce3cd5b47", "protocol": "Open Access"}}, {"building_ID": "65d88662db333f894570bad3", "id": "6911eae4ba86bf1f03e1304d", "type": "Feature", "geometry": {"type": "Point", "coordinates": [77.1108382305, 28.716172456]}, "properties": {"name": "3054 - Radiation Oncology Unit B - Dr. Munish Gairola", "roomNumber": "3054 - Radiation Oncology Unit B - Dr. Munish Gairola", "buildingName": "RGCI", "element": {"type": "Rooms", "subType": "Consultation Room"}, "floor": 0, "priority": 0, "landmarkId": "6911eae4ba86bf1f03e1304d", "type": "Centroid", "centroid": [77.11083823045519, 28.716172455968675], "global": false, "latitude": "28.716172455968675", "longitude": "77.11083823045519", "doorLatitude": "28.716198209405935", "doorLongitude": "77.110833022478", "node": "46836", "nodeId": "672ad5-7761-1ee-6f67-8c5f312dbc2c", "polygonExist": true, "polyId": "fbfa7fb-18be-a41d-b8d-4365e1b1"}}, {"building_ID": "65d88662db333f894570bad3", "id": "6911eae4ba86bf1f03e1304f", "type": "Feature", "geometry": {"type": "Point", "coordinates": [77.1109274765, 28.7164032847]}, "properties": {"name": "Waiting and Clock Room ", "roomNumber": "Waiting and Clock Room ", "buildingName": "RGCI", "element": {"type": "Rooms", "subType": "room door"}, "floor": 1, "priority": 0, "landmarkId": "6911eae4ba86bf1f03e1304f", "type": "Rooms", "global": false, "latitude": "28.716403284732706", "longitude": "77.1109274765314", "node": "34061", "nodeId": "4c5250b-a1f2-b0ed-deba-86018fc02865", "protocol": "Open Access"}}, {"building_ID": "65d88662db333f894570bad3", "id": "6911eae4ba86bf1f03e13051", "type": "Feature", "geometry": {"type": "Point", "coordinates": [77.1116942502, 28.7167257422]}, "properties": {"name": "Emergency Block Entry", "roomNumber": "Emergency Block Entry", "buildingName": "RGCI", "element": {"type": "Rooms", "subType": "room door"}, "floor": 0, "priority": 0, "landmarkId": "6911eae4ba86bf1f03e13051", "type": "Rooms", "global": false, "assignedTo": "A Block", "latitude": "28.71672574218099", "longitude": "77.11169425016404", "node": "94892", "nodeId": "42464-f168-782a-0f07-da2d6c01d6c8", "protocol": "Open Access"}}, {"building_ID": "65d88662db333f894570bad3", "id": "6911eae4ba86bf1f03e13053", "type": "Feature", "geometry": {"type": "Point", "coordinates": [77.1109432982, 28.7164579993]}, "properties": {"name": "Cash Counter ", "roomNumber": "Cash Counter ", "buildingName": "RGCI", "element": {"type": "Rooms", "subType": "Counter"}, "floor": 0, "priority": 0, "landmarkId": "6911eae4ba86bf1f03e13053", "type": "Rooms", "global": false, "assignedTo": "C Block", "latitude": "28.716457999323307", "longitude": "77.11094329822483", "node": "33622", "nodeId": "2b5eb3-aceb-f23f-70e-557406430a7"}}, {"building_ID": "65d88662db333f894570bad3", "id": "6911eae4ba86bf1f03e13055", "type": "Feature", "geometry": {"type": "Point", "coordinates": [77.1113512375, 28.7169134988]}, "properties": {"name": "Pharmacy", "roomNumber": "Pharmacy", "buildingName": "RGCI", "element": {"type": "Rooms", "subType": "room door"}, "floor": 0, "priority": 0, "landmarkId": "6911eae4ba86bf1f03e13055", "type": "Centroid", "centroid": [77.1113512375436, 28.71691349875127], "global": false, "latitude": "28.71691349875127", "longitude": "77.1113512375436", "doorLatitude": "28.716902458404356", "doorLongitude": "77.11138085439443", "node": "40262", "nodeId": "fd86cc3-3ca2-e8e1-2d2-3cacea57a705", "timings": "null", "polygonExist": true, "polyId": "24abad7-6ced-b013-f186-d68b27e1354f"}}, {"building_ID": "65d88662db333f894570bad3", "id": "6911eae4ba86bf1f03e13057", "type": "Feature", "geometry": {"type": "Point", "coordinates": [77.1113512375, 28.7169134988]}, "properties": {"name": "Pharmacy", "roomNumber": "Pharmacy", "buildingName": "RGCI", "element": {"type": "Rooms", "subType": "room door"}, "floor": 0, "priority": 0, "landmarkId": "6911eae4ba86bf1f03e13057", "type": "Centroid", "centroid": [77.1113512375436, 28.71691349875127], "global": false, "latitude": "28.71691349875127", "longitude": "77.1113512375436", "doorLatitude": "28.716902458404356", "doorLongitude": "77.11138085439443", "node": "40262", "nodeId": "814d0a6-a68-3afb-0ad-73dfd0001e01", "protocol": "Choose ...", "polygonExist": true, "polyId": "24abad7-6ced-b013-f186-d68b27e1354f"}}, {"building_ID": "65d88662db333f894570bad3", "id": "6911eae4ba86bf1f03e13059", "type": "Feature", "geometry": {"type": "Point", "coordinates": [77.1108675803, 28.7164155103]}, "properties": {"name": "MS Office", "roomNumber": "MS Office", "buildingName": "RGCI", "element": {"type": "Rooms", "subType": "room door"}, "floor": 0, "priority": 0, "landmarkId": "6911eae4ba86bf1f03e13059", "type": "Centroid", "centroid": [77.11086758033755, 28.716415510304977], "global": false, "assignedTo": "C Block", "latitude": "28.716415510304977", "longitude": "77.11086758033755", "doorLatitude": "28.71638968727572", "doorLongitude": "77.11089620345011", "node": "34970", "nodeId": "b04b367-255-ba-88bd-f0a7f6ad41a4", "polygonExist": true, "polyId": "5eee08a-56b6-8bbf-ce8a-a4832137215b"}}, {"building_ID": "65d88662db333f894570bad3", "id": "6911eae4ba86bf1f03e1305b", "type": "Feature", "geometry": {"type": "Point", "coordinates": [77.1110918976, 28.716616914]}, "properties": {"name": "Patient Staff Lift Lobby", "roomNumber": "Patient Staff Lift Lobby", "buildingName": "RGCI", "element": {"type": "Rooms", "subType": "room door"}, "floor": 0, "priority": 0, "landmarkId": "6911eae4ba86bf1f03e1305b", "type": "Rooms", "global": false, "latitude": "28.71661691396902", "longitude": "77.11109189764564", "node": "35074", "nodeId": "1b52e5-d3d6-5b-1cc3-ab21b2abe278"}}, {"building_ID": "65d88662db333f894570bad3", "id": "6911eae4ba86bf1f03e1305d", "type": "Feature", "geometry": {"type": "Point", "coordinates": [77.1109970456, 28.7164704348]}, "properties": {"name": "Cath Lab Reception ", "roomNumber": "Cath Lab Reception ", "buildingName": "RGCI", "element": {"type": "Rooms", "subType": "room door"}, "floor": 1, "priority": 0, "landmarkId": "6911eae4ba86bf1f03e1305d", "type": "Centroid", "centroid": [77.11099704560402, 28.716470434752274], "global": false, "latitude": "28.716470434752274", "longitude": "77.11099704560402", "doorLatitude": "28.716465042164142", "doorLongitude": "77.11096892628125", "node": "32710", "nodeId": "75c4be8-730-554a-6d72-615a450ccd12", "polygonExist": true, "polyId": "5b43dfe-cab1-011b-fa77-850488ba0a"}}, {"building_ID": "65d88662db333f894570bad3", "id": "6911eae4ba86bf1f03e1305f", "type": "Feature", "geometry": {"type": "Point", "coordinates": [77.110893454, 28.7164822162]}, "properties": {"name": "2159 - TMT, Stress Echo", "roomNumber": "2159 - TMT, Stress Echo", "buildingName": "RGCI", "element": {"type": "Rooms", "subType": "room door"}, "floor": 1, "priority": 0, "landmarkId": "6911eae4ba86bf1f03e1305f", "type": "Centroid", "centroid": [77.11089345397149, 28.71648221620868], "global": false, "assignedTo": "Main Building", "latitude": "28.71648221620868", "longitude": "77.11089345397149", "doorLatitude": "28.716468481853546", "doorLongitude": "77.11091711347781", "node": "26275", "nodeId": "1e4b04d-7fc8-105a-d7f3-856cf76dad7", "protocol": "Open Access", "polygonExist": true, "polyId": "4f8bd-c3cf-cb03-51fd-a55edf4ed"}}, {"building_ID": "65d88662db333f894570bad3", "id": "6911eae4ba86bf1f03e13061", "type": "Feature", "geometry": {"type": "Point", "coordinates": [77.1115400562, 28.7168965091]}, "properties": {"name": "Minor OT Area", "roomNumber": "Minor OT Area", "buildingName": "RGCI", "element": {"type": "Rooms", "subType": "room door"}, "floor": 1, "priority": 0, "landmarkId": "6911eae4ba86bf1f03e13061", "type": "Rooms", "global": false, "latitude": "28.71689650908025", "longitude": "77.11154005615465", "node": "56355", "nodeId": "a88a76-301d-777c-0a3c-58fa8e5e7", "protocol": "Staff Only"}}, {"building_ID": "65d88662db333f894570bad3", "id": "6911eae4ba86bf1f03e13063", "type": "Feature", "geometry": {"type": "Point", "coordinates": [77.1112468599, 28.7164833827]}, "properties": {"name": "Main Entry", "roomNumber": "Main Entry", "buildingName": "RGCI", "element": {"type": "Rooms", "subType": "main entry"}, "floor": 0, "priority": 0, "landmarkId": "6911eae4ba86bf1f03e13063", "type": "Rooms", "global": false, "latitude": "28.716483382683958", "longitude": "77.11124685994879", "node": "66736", "nodeId": "d725e3b-0c80-412-e1e-5b7b4fd2b608", "protocol": "Open Access"}}, {"building_ID": "65d88662db333f894570bad3", "id": "6911eae4ba86bf1f03e13065", "type": "Feature", "geometry": {"type": "Point", "coordinates": [77.1111859285, 28.7167124673]}, "properties": {"name": "Corridor Near Cafeteria Entry", "roomNumber": "Corridor Near Cafeteria Entry", "buildingName": "RGCI", "element": {"type": "Rooms", "subType": "Point of Interest"}, "floor": 0, "priority": 0, "landmarkId": "6911eae4ba86bf1f03e13065", "type": "Rooms", "global": false, "latitude": "28.71671246732525", "longitude": "77.11118592849269", "node": "36497", "nodeId": "3cd6732-b635-f280-d8d0-714c47e7d57", "protocol": "Open Access"}}, {"building_ID": "65d88662db333f894570bad3", "id": "6911eae4ba86bf1f03e13067", "type": "Feature", "geometry": {"type": "Point", "coordinates": [77.111357108, 28.7168976004]}, "properties": {"name": "Main Corridor Near C Block", "roomNumber": "Main Corridor Near C Block", "buildingName": "RGCI", "element": {"type": "Rooms", "subType": "Point of Interest"}, "floor": 1, "priority": 0, "landmarkId": "6911eae4ba86bf1f03e13067", "type": "Rooms", "global": false, "assignedTo": "Main Building", "latitude": "28.716897600435573", "longitude": "77.11135710801297", "node": "34747", "nodeId": "8e3e4c8-a67a-ded-3ca6-5a518301f7", "protocol": "Open Access"}}, {"building_ID": "65d88662db333f894570bad3", "id": "6911eae4ba86bf1f03e13069", "type": "Feature", "geometry": {"type": "Point", "coordinates": [77.1112386154, 28.7167736437]}, "properties": {"name": "Main Corridor Near B Block", "roomNumber": "Main Corridor Near B Block", "buildingName": "RGCI", "element": {"type": "Rooms", "subType": "Point of Interest"}, "floor": 1, "priority": 0, "landmarkId": "6911eae4ba86bf1f03e13069", "type": "Rooms", "global": false, "latitude": "28.716773643742677", "longitude": "77.11123861539147", "node": "33311", "nodeId": "6dd332-7603-547-1054-f80ca7522ff3", "protocol": "Open Access"}}, {"building_ID": "65d88662db333f894570bad3", "id": "6911eae4ba86bf1f03e1306b", "type": "Feature", "geometry": {"type": "Point", "coordinates": [77.1114210308, 28.7171194688]}, "properties": {"name": "CT Scan-2", "roomNumber": "CT Scan-2", "buildingName": "RGCI", "element": {"type": "Rooms", "subType": "room door"}, "floor": 1, "priority": 0, "landmarkId": "6911eae4ba86bf1f03e1306b", "type": "Centroid", "centroid": [77.11142103082845, 28.71711946879639], "global": false, "assignedTo": "Main Building", "latitude": "28.71711946879639", "longitude": "77.11142103082845", "doorLatitude": "28.717140631574544", "doorLongitude": "77.11139426294045", "node": "14629", "nodeId": "c3dab5-2c67-8710-ead5-04552cc77be6", "protocol": "Open Access", "polygonExist": true, "polyId": "bd71ce-325b-77c1-556-118868741a7"}}, {"building_ID": "65d88662db333f894570bad3", "id": "6911eae4ba86bf1f03e1306d", "type": "Feature", "geometry": {"type": "Point", "coordinates": [77.1112225569, 28.7164960501]}, "properties": {"name": "OPD Entry", "roomNumber": "OPD Entry", "buildingName": "RGCI", "element": {"type": "Rooms", "subType": "room door"}, "floor": 0, "priority": 0, "landmarkId": "6911eae4ba86bf1f03e1306d", "type": "Rooms", "global": false, "latitude": "28.716496050086246", "longitude": "77.11122255687673", "node": "62604", "nodeId": "0a3e7d-c538-367c-c6c0-ac3a56684564", "protocol": "Open Access"}}, {"building_ID": "65d88662db333f894570bad3", "id": "6911eae4ba86bf1f03e1306f", "type": "Feature", "geometry": {"type": "Point", "coordinates": [77.1113713125, 28.7170185814]}, "properties": {"name": "Dietetic Department", "roomNumber": "Dietetic Department", "buildingName": "RGCI", "element": {"type": "Rooms", "subType": "room door"}, "floor": 0, "priority": 0, "landmarkId": "6911eae4ba86bf1f03e1306f", "type": "Rooms", "global": false, "latitude": "28.717018581385712", "longitude": "77.11137131253541", "node": "27442", "nodeId": "f151646-3e06-353-4dc5-ecea84eb174", "protocol": "Open Access", "timings": "null"}}, {"building_ID": "65d88662db333f894570bad3", "id": "6911eae4ba86bf1f03e13071", "type": "Feature", "geometry": {"type": "Point", "coordinates": [77.1111439221, 28.7166682353]}, "properties": {"name": "Entry Towards B block", "roomNumber": "Entry Towards B block", "buildingName": "RGCI", "element": {"type": "Rooms", "subType": "main entry"}, "floor": 1, "priority": 0, "landmarkId": "6911eae4ba86bf1f03e13071", "type": "Rooms", "global": false, "latitude": "28.716668235264883", "longitude": "77.11114392205225", "node": "32803", "nodeId": "2fb35-1ddd-73f-2f1-0c8c52edb2c"}}, {"building_ID": "65d88662db333f894570bad3", "id": "6911eae4ba86bf1f03e13073", "type": "Feature", "geometry": {"type": "Point", "coordinates": [77.1113730481, 28.7170637546]}, "properties": {"name": "Waiting Area - Nuclear Medicine", "roomNumber": "Waiting Area - Nuclear Medicine", "buildingName": "RGCI", "element": {"type": "Rooms", "subType": "Sitting Area"}, "floor": 1, "priority": 0, "landmarkId": "6911eae4ba86bf1f03e13073", "type": "Centroid", "centroid": [77.11137304811706, 28.717063754559092], "global": false, "latitude": "28.717063754559092", "longitude": "77.11137304811706", "doorLatitude": "28.71699868556393", "doorLongitude": "77.11143242791204", "node": "33414", "nodeId": "56347b-b7a4-2caa-2118-d57667d0d5f2", "polygonExist": true, "polyId": "26a4b62-60f0-48a-27de-ab58085d042"}}, {"building_ID": "65d88662db333f894570bad3", "id": "6911eae4ba86bf1f03e13075", "type": "Feature", "geometry": {"type": "Point", "coordinates": [77.1110708452, 28.7160972888]}, "properties": {"name": "3165- Dr. Vineet Talwar OPD", "roomNumber": "3165- Dr. Vineet Talwar OPD", "buildingName": "RGCI", "element": {"type": "Rooms", "subType": "room door"}, "floor": 1, "priority": 0, "landmarkId": "6911eae4ba86bf1f03e13075", "type": "Centroid", "centroid": [77.11107084522138, 28.71609728882031], "global": false, "latitude": "28.71609728882031", "longitude": "77.11107084522138", "doorLatitude": "28.71608148329394", "doorLongitude": "77.11104549551025", "node": "80349", "nodeId": "f54e63f-6d4a-cedd-603-826ba44441bb", "polygonExist": true, "polyId": "adc7053-cc0b-4430-a1c-31aade2740a"}}, {"building_ID": "65d88662db333f894570bad3", "id": "6911eae4ba86bf1f03e13077", "type": "Feature", "geometry": {"type": "Point", "coordinates": [77.1110967215, 28.7165725427]}, "properties": {"name": "Help Desk", "roomNumber": "Help Desk", "buildingName": "RGCI", "element": {"type": "Rooms", "subType": "Reception"}, "floor": 0, "priority": 0, "landmarkId": "6911eae4ba86bf1f03e13077", "type": "Rooms", "global": false, "latitude": "28.71657254272466", "longitude": "77.11109672147595", "node": "40111", "nodeId": "e1582-d88c-57e3-d220-f63273fc2e0"}}, {"building_ID": "65d88662db333f894570bad3", "id": "6911eae4ba86bf1f03e13079", "type": "Feature", "geometry": {"type": "Point", "coordinates": [77.1115198972, 28.7171666823]}, "properties": {"name": "PET CT Room", "roomNumber": "PET CT Room", "buildingName": "RGCI", "element": {"type": "Rooms", "subType": "room door"}, "floor": 0, "priority": 0, "landmarkId": "6911eae4ba86bf1f03e13079", "type": "Centroid", "centroid": [77.11151989715151, 28.717166682346797], "global": false, "latitude": "28.717166682346797", "longitude": "77.11151989715151", "doorLatitude": "28.717105837083757", "doorLongitude": "77.11149340980442", "node": "32999", "nodeId": "c137e6-c604-8000-7f1c-a437028b05", "polygonExist": true, "polyId": "eb6aa27-d60-b47d-370c-a45d53f8c521"}}, {"building_ID": "65d88662db333f894570bad3", "id": "6911eae4ba86bf1f03e1307b", "type": "Feature", "geometry": {"type": "Point", "coordinates": [77.1109880629, 28.7162464864]}, "properties": {"name": "Waiting Area", "roomNumber": "Waiting Area", "buildingName": "RGCI", "element": {"type": "Rooms", "subType": "Sitting Area"}, "floor": 0, "priority": 0, "landmarkId": "6911eae4ba86bf1f03e1307b", "type": "Rooms", "global": false, "latitude": "28.71624648644775", "longitude": "77.11098806290009", "node": "60191", "nodeId": "0514b01-f3ad-3c3f-db82-d287b2082eda"}}, {"building_ID": "65d88662db333f894570bad3", "id": "6911eae4ba86bf1f03e1307d", "type": "Feature", "geometry": {"type": "Point", "coordinates": [77.1117237852, 28.7170167124]}, "properties": {"name": "Examination Room", "roomNumber": "Examination Room", "buildingName": "RGCI", "element": {"type": "Rooms", "subType": "room door"}, "floor": 0, "priority": 0, "landmarkId": "6911eae4ba86bf1f03e1307d", "type": "Centroid", "centroid": [77.11172378519917, 28.717016712379404], "global": false, "latitude": "28.717016712379404", "longitude": "77.11172378519917", "doorLatitude": "28.716994061729874", "doorLongitude": "77.11169840903766", "node": "68349", "nodeId": "8023b6-bc68-01c-baa4-8f283140bad", "polygonExist": true, "polyId": "c02b2b-336c-6320-1f78-ea1c7b15ab5"}}, {"building_ID": "65d88662db333f894570bad3", "id": "6911eae4ba86bf1f03e1307f", "type": "Feature", "geometry": {"type": "Point", "coordinates": [77.1110126683, 28.7165544474]}, "properties": {"name": "Lift-7", "roomNumber": "Lift-7", "buildingName": "RGCI", "element": {"type": "Rooms", "subType": "room door"}, "floor": 0, "priority": 0, "landmarkId": "6911eae4ba86bf1f03e1307f", "type": "Centroid", "centroid": [77.11101266830333, 28.71655444739789], "global": false, "latitude": "28.71655444739789", "longitude": "77.11101266830333", "doorLatitude": "28.716542628319285", "doorLongitude": "77.1110279206971", "node": "35040", "nodeId": "c81b5ec-6d1d-1fb2-41a4-e20e17b5b64", "polygonExist": true, "polyId": "f868cff-85ab-b305-82de-44c1d7a33b2"}}, {"building_ID": "65d88662db333f894570bad3", "id": "6911eae4ba86bf1f03e13081", "type": "Feature", "geometry": {"type": "Point", "coordinates": [77.1109966741, 28.716535876]}, "properties": {"name": "Lift-8", "roomNumber": "Lift-8", "buildingName": "RGCI", "element": {"type": "Rooms", "subType": "room door"}, "floor": 0, "priority": 0, "landmarkId": "6911eae4ba86bf1f03e13081", "type": "Centroid", "centroid": [77.1109966740662, 28.716535875985457], "global": false, "latitude": "28.716535875985457", "longitude": "77.1109966740662", "doorLatitude": "28.71652514934288", "doorLongitude": "77.11101286729745", "node": "35032", "nodeId": "014f620-35e8-d4a0-aa37-3546fe3e74c2", "polygonExist": true, "polyId": "a82ab03-bfed-3bb-7381-b04db6017a5c"}}, {"building_ID": "65d88662db333f894570bad3", "id": "6911eae4ba86bf1f03e13083", "type": "Feature", "geometry": {"type": "Point", "coordinates": [77.1112097945, 28.7166674919]}, "properties": {"name": "Printer Room", "roomNumber": "Printer Room", "buildingName": "RGCI", "element": {"type": "Rooms", "subType": "room door"}, "floor": 0, "priority": 0, "landmarkId": "6911eae4ba86bf1f03e13083", "type": "Centroid", "centroid": [77.11120979451707, 28.716667491869547], "global": false, "latitude": "28.716667491869547", "longitude": "77.11120979451707", "doorLatitude": "28.71665217456786", "doorLongitude": "77.11120442783749", "node": "44745", "nodeId": "a1f1086-bce-2e-a7a5-2aec5ba50b", "protocol": "Open Access", "polygonExist": true, "polyId": "a78477d-2a34-12f4-0eed-f2beecd3752"}}, {"building_ID": "65d88662db333f894570bad3", "id": "6911eae4ba86bf1f03e13085", "type": "Feature", "geometry": {"type": "Point", "coordinates": [77.1113319585, 28.7166912239]}, "properties": {"name": "Linear Accelerator 2", "roomNumber": "Linear Accelerator 2", "buildingName": "RGCI", "element": {"type": "Rooms", "subType": "room door"}, "floor": 0, "priority": 0, "landmarkId": "6911eae4ba86bf1f03e13085", "type": "Centroid", "centroid": [77.1113319585282, 28.716691223896788], "global": false, "latitude": "28.716691223896788", "longitude": "77.1113319585282", "doorLatitude": "28.716720603682813", "doorLongitude": "77.11139638636574", "node": "60408", "nodeId": "1780140-25a-1307-ba21-daa846c5835e", "protocol": "Open Access", "polygonExist": true, "polyId": "6f8e3f-4528-608d-12be-fc310400001"}}, {"building_ID": "65d88662db333f894570bad3", "id": "6911eae4ba86bf1f03e13087", "type": "Feature", "geometry": {"type": "Point", "coordinates": [77.1116396665, 28.7169008678]}, "properties": {"name": "Lift-1", "roomNumber": "Lift-1", "buildingName": "RGCI", "element": {"type": "FloorConnection", "subType": "lift"}, "floor": 1, "priority": 0, "landmarkId": "6911eae4ba86bf1f03e13087", "type": "Centroid", "centroid": [77.11163966651671, 28.716900867766036], "global": false, "latitude": "28.716900867766036", "longitude": "77.11163966651671", "doorLatitude": "28.716887491224057", "doorLongitude": "77.11162618999631", "node": "67385", "nodeId": "e330be6-bd80-1ab-5e2f-3644b821bb", "wheelChairAccessibility": "True", "audio": "Talking", "brailleAvailability": "True", "polygonExist": true, "polyId": "57be8-bbed-505-5c2f-c80caaf5f726"}}, {"building_ID": "65d88662db333f894570bad3", "id": "6911eae4ba86bf1f03e13089", "type": "Feature", "geometry": {"type": "Point", "coordinates": [77.1113053607, 28.7169987894]}, "properties": {"name": "Lift-3", "roomNumber": "Lift-3", "buildingName": "RGCI", "element": {"type": "FloorConnection", "subType": "lift"}, "floor": 1, "priority": 0, "landmarkId": "6911eae4ba86bf1f03e13089", "type": "Centroid", "centroid": [77.1113053607194, 28.716998789411573], "global": false, "latitude": "28.716998789411573", "longitude": "77.1113053607194", "doorLatitude": "28.716986970332968", "doorLongitude": "77.11132061311316", "node": "21455", "nodeId": "021388-46a-2b4d-d1f-ecbd3054d83", "wheelChairAccessibility": "True", "audio": "Talking", "brailleAvailability": "True", "polygonExist": true, "polyId": "c1d1a3d-e672-1df1-88-edac5f78023"}}, {"building_ID": "65d88662db333f894570bad3", "id": "6911eae4ba86bf1f03e1308b", "type": "Feature", "geometry": {"type": "Point", "coordinates": [77.1110117816, 28.7164057723]}, "properties": {"name": "Escalator-1", "roomNumber": "Escalator-1", "buildingName": "RGCI", "element": {"type": "FloorConnection", "subType": "escalator"}, "floor": 0, "priority": 0, "landmarkId": "6911eae4ba86bf1f03e1308b", "type": "FloorConnection", "global": false, "latitude": "28.71640577225078", "longitude": "77.1110117815989", "node": "46931", "nodeId": "db70bba-05a4-e40-f044-65323e4ec718"}}, {"building_ID": "65d88662db333f894570bad3", "id": "6911eae4ba86bf1f03e1308d", "type": "Feature", "geometry": {"type": "Point", "coordinates": [77.1111321282, 28.7166863416]}, "properties": {"name": "Ramp-1", "roomNumber": "Ramp-1", "buildingName": "RGCI", "element": {"type": "FloorConnection", "subType": "ramp"}, "floor": 0, "priority": 0, "landmarkId": "6911eae4ba86bf1f03e1308d", "type": "FloorConnection", "global": false, "latitude": "28.716686341649968", "longitude": "77.1111321282127", "node": "32807", "nodeId": "d76186-7283-fff-888a-136b42a8c5d"}}, {"building_ID": "65d88662db333f894570bad3", "id": "6911eae4ba86bf1f03e1308f", "type": "Feature", "geometry": {"type": "Point", "coordinates": [77.1110658452, 28.7166616221]}, "properties": {"name": "Lift-5", "roomNumber": "Lift-5", "buildingName": "RGCI", "element": {"type": "FloorConnection", "subType": "lift"}, "floor": 0, "priority": 0, "landmarkId": "6911eae4ba86bf1f03e1308f", "type": "Centroid", "centroid": [77.1110658451506, 28.71666162211505], "global": false, "latitude": "28.71666162211505", "longitude": "77.1110658451506", "doorLatitude": "28.71665089547247", "doorLongitude": "77.11108203838184", "node": "30492", "nodeId": "c41b21a-ab04-2e65-24c2-3fcdfb66b6f", "wheelChairAccessibility": "True", "audio": "Talking", "brailleAvailability": "True", "polygonExist": true, "polyId": "ec7065-c5c8-8654-f4f0-d8205e77"}}, {"building_ID": "65d88662db333f894570bad3", "id": "6911eae4ba86bf1f03e13091", "type": "Feature", "geometry": {"type": "Point", "coordinates": [77.1107423696, 28.7162496809]}, "properties": {"name": "Lift-10", "roomNumber": "Lift-10", "buildingName": "RGCI", "element": {"type": "FloorConnection", "subType": "lift"}, "floor": 1, "priority": 0, "landmarkId": "6911eae4ba86bf1f03e13091", "type": "Centroid", "centroid": [77.11074236960172, 28.71624968094411], "global": false, "latitude": "28.71624968094411", "longitude": "77.11074236960172", "doorLatitude": "28.71626854286355", "doorLongitude": "77.11075274526438", "node": "27103", "nodeId": "8f34a4-8a3e-747c-d5-54f3881c215", "audio": "Talking", "brailleAvailability": "True", "polygonExist": true, "polyId": "17eb8e6-727e-f-70ae-ecf4de258bca"}}, {"building_ID": "65d88662db333f894570bad3", "id": "6911eae4ba86bf1f03e13093", "type": "Feature", "geometry": {"type": "Point", "coordinates": [77.1116021791, 28.716814182]}, "properties": {"name": "Stairs-1", "roomNumber": "Stairs-1", "buildingName": "RGCI", "element": {"type": "FloorConnection", "subType": "stairs"}, "floor": 0, "priority": 0, "landmarkId": "6911eae4ba86bf1f03e13093", "type": "FloorConnection", "global": false, "latitude": "28.71681418202369", "longitude": "77.11160217911087", "node": "75163", "nodeId": "33a5b8-81db-dbcb-0e26-a2f2d0aa6be", "downwardSteps": "0", "stepHeight": "Medium", "upwardSteps": "0"}}, {"building_ID": "65d88662db333f894570bad3", "id": "6911eae4ba86bf1f03e13095", "type": "Feature", "geometry": {"type": "Point", "coordinates": [77.11162619, 28.7168874912]}, "properties": {"name": "Lift-11", "roomNumber": "Lift-11", "buildingName": "RGCI", "element": {"type": "FloorConnection", "subType": "lift"}, "floor": 1, "priority": 0, "landmarkId": "6911eae4ba86bf1f03e13095", "type": "FloorConnection", "global": false, "latitude": "28.716887491224057", "longitude": "77.11162618999631", "node": "67385", "nodeId": "41cf23-06d1-b1f1-5ba4-b15dea51d1b6", "wheelChairAccessibility": "True", "audio": "Talking", "brailleAvailability": "True"}}, {"building_ID": "65d88662db333f894570bad3", "id": "6911eae4ba86bf1f03e13097", "type": "Feature", "geometry": {"type": "Point", "coordinates": [77.1113784966, 28.7167770613]}, "properties": {"name": "Stairs-2", "roomNumber": "Stairs-2", "buildingName": "RGCI", "element": {"type": "FloorConnection", "subType": "stairs"}, "floor": 0, "priority": 0, "landmarkId": "6911eae4ba86bf1f03e13097", "type": "FloorConnection", "global": false, "latitude": "28.71677706131545", "longitude": "77.11137849661233", "node": "52618", "nodeId": "b5d04ba-a780-88ab-a47d-8decc4e1424", "downwardSteps": "0", "upwardSteps": "0"}}, {"building_ID": "65d88662db333f894570bad3", "id": "6911eae4ba86bf1f03e13099", "type": "Feature", "geometry": {"type": "Point", "coordinates": [77.1116277669, 28.7168915937]}, "properties": {"name": "Lift-1", "roomNumber": "Lift-1", "buildingName": "RGCI", "element": {"type": "FloorConnection", "subType": "lift"}, "floor": 0, "priority": 0, "landmarkId": "6911eae4ba86bf1f03e13099", "type": "Centroid", "centroid": [77.11162776687559, 28.716891593658485], "global": false, "latitude": "28.716891593658485", "longitude": "77.11162776687559", "doorLatitude": "28.716876566863803", "doorLongitude": "77.11161678162154", "node": "70594", "nodeId": "761655a-a604-5caf-ddfa-3546eb41282f", "wheelChairAccessibility": "True", "audio": "Talking", "brailleAvailability": "True", "polygonExist": true, "polyId": "c5da8c4-3526-804-7cbd-3ec6050ee7"}}, {"building_ID": "65d88662db333f894570bad3", "id": "6911eae4ba86bf1f03e1309b", "type": "Feature", "geometry": {"type": "Point", "coordinates": [77.1116464514, 28.7168792168]}, "properties": {"name": "Lift-2", "roomNumber": "Lift-2", "buildingName": "RGCI", "element": {"type": "FloorConnection", "subType": "lift"}, "floor": 0, "priority": 0, "landmarkId": "6911eae4ba86bf1f03e1309b", "type": "Centroid", "centroid": [77.11164645137316, 28.716879216763203], "global": false, "latitude": "28.716879216763203", "longitude": "77.11164645137316", "doorLatitude": "28.71686501509487", "doorLongitude": "77.11163422048594", "node": "73807", "nodeId": "4ae78d6-38c3-02b-bab6-c8d1ba45b2b5", "wheelChairAccessibility": "True", "audio": "Talking", "brailleAvailability": "True", "polygonExist": true, "polyId": "c6c180-1180-0e58-4d31-e67f72ae3c7"}}, {"building_ID": "65d88662db333f894570bad3", "id": "6911eae4ba86bf1f03e1309d", "type": "Feature", "geometry": {"type": "Point", "coordinates": [77.1116115875, 28.7168251064]}, "properties": {"name": "Stairs-1", "roomNumber": "Stairs-1", "buildingName": "RGCI", "element": {"type": "FloorConnection", "subType": "stairs"}, "floor": 1, "priority": 0, "landmarkId": "6911eae4ba86bf1f03e1309d", "type": "FloorConnection", "global": false, "latitude": "28.716825106383943", "longitude": "77.11161158748567", "node": "71954", "nodeId": "ee5c0a-5f48-3db4-4ecb-fac3275073", "downwardSteps": "0", "upwardSteps": "0"}}, {"building_ID": "65d88662db333f894570bad3", "id": "6911eae4ba86bf1f03e1309f", "type": "Feature", "geometry": {"type": "Point", "coordinates": [77.1113206131, 28.7169869703]}, "properties": {"name": "Lift-13", "roomNumber": "Lift-13", "buildingName": "RGCI", "element": {"type": "FloorConnection", "subType": "lift"}, "floor": 1, "priority": 0, "landmarkId": "6911eae4ba86bf1f03e1309f", "type": "FloorConnection", "global": false, "latitude": "28.716986970332968", "longitude": "77.11132061311316", "node": "21455", "nodeId": "463ef6a-b16d-bc7-3ee8-1bbb2303fab1", "wheelChairAccessibility": "True", "audio": "Talking", "brailleAvailability": "True"}}, {"building_ID": "65d88662db333f894570bad3", "id": "6911eae4ba86bf1f03e130a1", "type": "Feature", "geometry": {"type": "Point", "coordinates": [77.1109778309, 28.7165071821]}, "properties": {"name": "Stairs-6", "roomNumber": "Stairs-6", "buildingName": "RGCI", "element": {"type": "FloorConnection", "subType": "stairs"}, "floor": 1, "priority": 0, "landmarkId": "6911eae4ba86bf1f03e130a1", "type": "FloorConnection", "global": false, "latitude": "28.71650718214179", "longitude": "77.11097783086623", "node": "29511", "nodeId": "d4dd741-b1ce-cb43-113d-de2b55fb57bf", "downwardSteps": "0", "upwardSteps": "0"}}, {"building_ID": "65d88662db333f894570bad3", "id": "6911eae4ba86bf1f03e130a3", "type": "Feature", "geometry": {"type": "Point", "coordinates": [77.1113150474, 28.7170009511]}, "properties": {"name": "Lift-4", "roomNumber": "Lift-4", "buildingName": "RGCI", "element": {"type": "FloorConnection", "subType": "lift"}, "floor": 0, "priority": 0, "landmarkId": "6911eae4ba86bf1f03e130a3", "type": "Centroid", "centroid": [77.11131504743948, 28.71700095108629], "global": false, "latitude": "28.71700095108629", "longitude": "77.11131504743948", "doorLatitude": "28.716990224443713", "doorLongitude": "77.11133124067072", "node": "25590", "nodeId": "5bf1254-000a-5c61-7de0-d54618c562", "wheelChairAccessibility": "True", "audio": "Talking", "brailleAvailability": "True", "polygonExist": true, "polyId": "c640ed6-6b17-14ad-71-a5dad25d8628"}}, {"building_ID": "65d88662db333f894570bad3", "id": "6911eae4ba86bf1f03e130a5", "type": "Feature", "geometry": {"type": "Point", "coordinates": [77.1116571054, 28.716889316]}, "properties": {"name": "Lift-2", "roomNumber": "Lift-2", "buildingName": "RGCI", "element": {"type": "FloorConnection", "subType": "lift"}, "floor": 1, "priority": 0, "landmarkId": "6911eae4ba86bf1f03e130a5", "type": "Centroid", "centroid": [77.11165710538111, 28.716889315997104], "global": false, "latitude": "28.716889315997104", "longitude": "77.11165710538111", "doorLatitude": "28.71687593945513", "doorLongitude": "77.11164362886073", "node": "70598", "nodeId": "b87cb41-d6d4-2ef7-e771-e1cdc5ef8d0", "wheelChairAccessibility": "True", "audio": "Talking", "brailleAvailability": "True", "polygonExist": true, "polyId": "d270b5e-cb5e-bba0-d03f-e82c4e76d06"}}, {"building_ID": "65d88662db333f894570bad3", "id": "6911eae4ba86bf1f03e130a7", "type": "Feature", "geometry": {"type": "Point", "coordinates": [77.1108191606, 28.716327488]}, "properties": {"name": "Stairs-7", "roomNumber": "Stairs-7", "buildingName": "RGCI", "element": {"type": "FloorConnection", "subType": "stairs"}, "floor": 1, "priority": 0, "landmarkId": "6911eae4ba86bf1f03e130a7", "type": "FloorConnection", "global": false, "latitude": "28.71632748801426", "longitude": "77.11081916057847", "node": "28969", "nodeId": "77130bc-3d1c-366b-663-2b82463bdfe", "downwardSteps": "0", "upwardSteps": "0"}}, {"building_ID": "65d88662db333f894570bad3", "id": "6911eae4ba86bf1f03e130a9", "type": "Feature", "geometry": {"type": "Point", "coordinates": [77.11162619, 28.7168874912]}, "properties": {"name": "Lift-13", "roomNumber": "Lift-13", "buildingName": "RGCI", "element": {"type": "FloorConnection", "subType": "lift"}, "floor": 1, "priority": 0, "landmarkId": "6911eae4ba86bf1f03e130a9", "type": "FloorConnection", "global": false, "latitude": "28.716887491224057", "longitude": "77.11162618999631", "node": "67385", "nodeId": "e81876-8d55-5ac4-ab2d-aa6525af3fc", "wheelChairAccessibility": "True", "audio": "Talking", "brailleAvailability": "True"}}, {"building_ID": "65d88662db333f894570bad3", "id": "6911eae4ba86bf1f03e130ab", "type": "Feature", "geometry": {"type": "Point", "coordinates": [77.1116436289, 28.7168759395]}, "properties": {"name": "Lift-14", "roomNumber": "Lift-14", "buildingName": "RGCI", "element": {"type": "FloorConnection", "subType": "lift"}, "floor": 1, "priority": 0, "landmarkId": "6911eae4ba86bf1f03e130ab", "type": "FloorConnection", "global": false, "latitude": "28.71687593945513", "longitude": "77.11164362886073", "node": "70598", "nodeId": "a2a0a06-bcd-253-3206-d7e3c380f87e", "wheelChairAccessibility": "True", "audio": "Talking", "brailleAvailability": "True"}}, {"building_ID": "65d88662db333f894570bad3", "id": "6911eae4ba86bf1f03e130ad", "type": "Feature", "geometry": {"type": "Point", "coordinates": [77.1113009349, 28.7169845645]}, "properties": {"name": "Lift-3", "roomNumber": "Lift-3", "buildingName": "RGCI", "element": {"type": "FloorConnection", "subType": "lift"}, "floor": 0, "priority": 0, "landmarkId": "6911eae4ba86bf1f03e130ad", "type": "Centroid", "centroid": [77.1113009348773, 28.716984564545907], "global": false, "latitude": "28.716984564545907", "longitude": "77.1113009348773", "doorLatitude": "28.716974930339358", "doorLongitude": "77.11131806894602", "node": "25583", "nodeId": "f7b57a0-e054-cde8-a004-232df334", "wheelChairAccessibility": "True", "audio": "Talking", "brailleAvailability": "True", "polygonExist": true, "polyId": "ea32455-ecd-832d-a24d-f3f5db474b30"}}, {"building_ID": "65d88662db333f894570bad3", "id": "6911eae4ba86bf1f03e130af", "type": "Feature", "geometry": {"type": "Point", "coordinates": [77.1108322265, 28.7163154016]}, "properties": {"name": "Stairs-7", "roomNumber": "Stairs-7", "buildingName": "RGCI", "element": {"type": "FloorConnection", "subType": "stairs"}, "floor": 0, "priority": 0, "landmarkId": "6911eae4ba86bf1f03e130af", "type": "FloorConnection", "global": false, "latitude": "28.716315401625984", "longitude": "77.11083222650157", "node": "34936", "nodeId": "dd0060b-add-602f-406c-81322def3b", "downwardSteps": "0", "upwardSteps": "0"}}, {"building_ID": "65d88662db333f894570bad3", "id": "6911eae4ba86bf1f03e130b1", "type": "Feature", "geometry": {"type": "Point", "coordinates": [77.1111290274, 28.716691827]}, "properties": {"name": "Ramp-1", "roomNumber": "Ramp-1", "buildingName": "RGCI", "element": {"type": "FloorConnection", "subType": "ramp"}, "floor": 1, "priority": 0, "landmarkId": "6911eae4ba86bf1f03e130b1", "type": "FloorConnection", "global": false, "latitude": "28.71669182702743", "longitude": "77.11112902735498", "node": "28676", "nodeId": "653a50-7abd-7753-57ce-7083a1e413"}}, {"building_ID": "65d88662db333f894570bad3", "id": "6911eae4ba86bf1f03e130b3", "type": "Feature", "geometry": {"type": "Point", "coordinates": [77.1107255403, 28.7162573976]}, "properties": {"name": "Lift-9", "roomNumber": "Lift-9", "buildingName": "RGCI", "element": {"type": "FloorConnection", "subType": "lift"}, "floor": 0, "priority": 0, "landmarkId": "6911eae4ba86bf1f03e130b3", "type": "Centroid", "centroid": [77.1107255403287, 28.716257397588286], "global": false, "latitude": "28.716257397588286", "longitude": "77.1107255403287", "doorLatitude": "28.716275143874366", "doorLongitude": "77.110742780199", "node": "28481", "nodeId": "40f50c-2b50-7a88-e815-54e0fc21b4e", "polygonExist": true, "polyId": "221851-035-d334-a5da-af82c2cef16"}}, {"building_ID": "65d88662db333f894570bad3", "id": "6911eae4ba86bf1f03e130b5", "type": "Feature", "geometry": {"type": "Point", "coordinates": [77.1107454705, 28.7162441956]}, "properties": {"name": "Lift-10", "roomNumber": "Lift-10", "buildingName": "RGCI", "element": {"type": "FloorConnection", "subType": "lift"}, "floor": 0, "priority": 0, "landmarkId": "6911eae4ba86bf1f03e130b5", "type": "Centroid", "centroid": [77.11074547045945, 28.716244195566652], "global": false, "latitude": "28.716244195566652", "longitude": "77.11074547045945", "doorLatitude": "28.716261941852732", "doorLongitude": "77.11076271032977", "node": "32153", "nodeId": "21617e2-712-830b-0ce0-aaac7c5a14f3", "polygonExist": true, "polyId": "c47aa47-e064-8bd6-60b4-74cbbf1bfb2e"}}, {"building_ID": "65d88662db333f894570bad3", "id": "6911eae4ba86bf1f03e130b7", "type": "Feature", "geometry": {"type": "Point", "coordinates": [77.1110498509, 28.7166430507]}, "properties": {"name": "Lift-6", "roomNumber": "Lift-6", "buildingName": "RGCI", "element": {"type": "FloorConnection", "subType": "lift"}, "floor": 0, "priority": 0, "landmarkId": "6911eae4ba86bf1f03e130b7", "type": "Centroid", "centroid": [77.11104985091347, 28.716643050702615], "global": false, "latitude": "28.716643050702615", "longitude": "77.11104985091347", "doorLatitude": "28.716633416496062", "doorLongitude": "77.11106698498219", "node": "30484", "nodeId": "5afcb6b-f456-be5d-83b8-e7a8713ecf5", "polygonExist": true, "polyId": "c250346-4a1f-d61-f8b5-0f17f755cf4c"}}, {"building_ID": "65d88662db333f894570bad3", "id": "6911eae4ba86bf1f03e130b9", "type": "Feature", "geometry": {"type": "Point", "coordinates": [77.1107224395, 28.716262883]}, "properties": {"name": "Lift-9", "roomNumber": "Lift-9", "buildingName": "RGCI", "element": {"type": "FloorConnection", "subType": "lift"}, "floor": 1, "priority": 0, "landmarkId": "6911eae4ba86bf1f03e130b9", "type": "Centroid", "centroid": [77.11072243947096, 28.716262882965744], "global": false, "latitude": "28.716262882965744", "longitude": "77.11072243947096", "doorLatitude": "28.716275143874366", "doorLongitude": "77.110742780199", "node": "25267", "nodeId": "7fdd82-51-c1c2-1fa4-888671660fd1", "audio": "Talking", "brailleAvailability": "True", "polygonExist": true, "polyId": "35b54-8a55-8638-4dd6-173f3cab688b"}}, {"building_ID": "65d88662db333f894570bad3", "id": "6911eae4ba86bf1f03e130bb", "type": "Feature", "geometry": {"type": "Point", "coordinates": [77.1110480221, 28.7166545561]}, "properties": {"name": "Lift-6", "roomNumber": "Lift-6", "buildingName": "RGCI", "element": {"type": "FloorConnection", "subType": "lift"}, "floor": 1, "priority": 0, "landmarkId": "6911eae4ba86bf1f03e130bb", "type": "Centroid", "centroid": [77.11104802213931, 28.716654556076882], "global": false, "latitude": "28.716654556076882", "longitude": "77.11104802213931", "doorLatitude": "28.716645456489676", "doorLongitude": "77.11106952914933", "node": "26356", "nodeId": "24dfc7b-a58b-4a2-ef7-6fc31a7c03d", "audio": "Talking", "polygonExist": true, "polyId": "68866b-a0df-67ac-565-1681b816306f"}}, {"building_ID": "65d88662db333f894570bad3", "id": "6911eae4ba86bf1f03e130bd", "type": "Feature", "geometry": {"type": "Point", "coordinates": [77.1110640164, 28.7166731275]}, "properties": {"name": "Lift-5", "roomNumber": "Lift-5", "buildingName": "RGCI", "element": {"type": "FloorConnection", "subType": "lift"}, "floor": 1, "priority": 0, "landmarkId": "6911eae4ba86bf1f03e130bd", "type": "Centroid", "centroid": [77.11106401637645, 28.716673127489315], "global": false, "latitude": "28.716673127489315", "longitude": "77.11106401637645", "doorLatitude": "28.71665638084993", "doorLongitude": "77.11107893752411", "node": "26361", "nodeId": "3307c83-0bbf-e68e-aa7-25ef4524411", "audio": "Talking", "polygonExist": true, "polyId": "4613e8-8fd-5af-210-201136e5eabb"}}, {"building_ID": "65d88662db333f894570bad3", "id": "6911eae4ba86bf1f03e130bf", "type": "Feature", "geometry": {"type": "Point", "coordinates": [77.1113204141, 28.7170162684]}, "properties": {"name": "Lift-4", "roomNumber": "Lift-4", "buildingName": "RGCI", "element": {"type": "FloorConnection", "subType": "lift"}, "floor": 1, "priority": 0, "landmarkId": "6911eae4ba86bf1f03e130bf", "type": "Centroid", "centroid": [77.11132041411905, 28.71701626838798], "global": false, "latitude": "28.71701626838798", "longitude": "77.11132041411905", "doorLatitude": "28.717004983928724", "doorLongitude": "77.11134003945412", "node": "21923", "nodeId": "fc53fca-7ba3-376-f564-b8567c730bd", "polygonExist": true, "polyId": "e1e5280-1b73-68ab-3c63-ec68c2f300e"}}, {"building_ID": "65d88662db333f894570bad3", "id": "6911eae4ba86bf1f03e130c1", "type": "Feature", "geometry": {"type": "Point", "coordinates": [77.110924615, 28.7163091033]}, "properties": {"name": "Escalator-1", "roomNumber": "Escalator-1", "buildingName": "RGCI", "element": {"type": "FloorConnection", "subType": "escalator"}, "floor": 1, "priority": 0, "landmarkId": "6911eae4ba86bf1f03e130c1", "type": "FloorConnection", "global": false, "latitude": "28.71630910326119", "longitude": "77.1109246149595", "node": "43213", "nodeId": "8edaab-0d3b-2a0f-6d27-8f8fd5e5a2ef"}}, {"building_ID": "65d88662db333f894570bad3", "id": "6911eae4ba86bf1f03e130c3", "type": "Feature", "geometry": {"type": "Point", "coordinates": [77.1109821509, 28.7164940265]}, "properties": {"name": "Stairs-6", "roomNumber": "Stairs-6", "buildingName": "RGCI", "element": {"type": "FloorConnection", "subType": "stairs"}, "floor": 0, "priority": 0, "landmarkId": "6911eae4ba86bf1f03e130c3", "type": "FloorConnection", "global": false, "latitude": "28.716494026514816", "longitude": "77.11098215090675", "node": "34558", "nodeId": "a315f4a-6b1e-00f-76e-df4e666a4d75", "downwardSteps": "0", "upwardSteps": "0"}}, {"building_ID": "65d88662db333f894570bad3", "id": "6911eae4ba86bf1f03e130c5", "type": "Feature", "geometry": {"type": "Point", "coordinates": [77.1115425474, 28.7168948588]}, "properties": {"name": "IW25030213", "roomNumber": "IW25030213", "buildingName": "RGCI", "element": {"type": "Services", "subType": "beacons"}, "floor": 0, "priority": 0, "landmarkId": "6911eae4ba86bf1f03e130c5", "type": "Services", "global": false, "latitude": "28.716894858827544", "longitude": "77.111542547421", "node": "60028", "nodeId": "c5edf01-f352-0cb7-4a5a-1512078a5ef3"}}, {"building_ID": "65d88662db333f894570bad3", "id": "6911eae4ba86bf1f03e130c7", "type": "Feature", "geometry": {"type": "Point", "coordinates": [77.1112432805, 28.7166882018]}, "properties": {"name": "IW25030218", "roomNumber": "IW25030218", "buildingName": "RGCI", "element": {"type": "Services", "subType": "beacons"}, "floor": 0, "priority": 0, "landmarkId": "6911eae4ba86bf1f03e130c7", "type": "Services", "global": false, "latitude": "28.716688201759368", "longitude": "77.1112432805194", "node": "45681", "nodeId": "705a7-a8ff-3d12-dc05-26552447cb0"}}, {"building_ID": "65d88662db333f894570bad3", "id": "6911eae4ba86bf1f03e130c9", "type": "Feature", "geometry": {"type": "Point", "coordinates": [77.1114846075, 28.7168639264]}, "properties": {"name": "Minor OT Reception", "roomNumber": "Minor OT Reception", "buildingName": "RGCI", "element": {"type": "Services", "subType": "Reception"}, "floor": 1, "priority": 0, "landmarkId": "6911eae4ba86bf1f03e130c9", "type": "Services", "global": false, "latitude": "28.716863926433753", "longitude": "77.1114846074561", "doorLatitude": "28.716857762397343", "doorLongitude": "77.11149494885647", "node": "54958", "nodeId": "61a4402-ad5-d4dd-e15-da1dc6dae1cc"}}, {"building_ID": "65d88662db333f894570bad3", "id": "6911eae4ba86bf1f03e130cb", "type": "Feature", "geometry": {"type": "Point", "coordinates": [77.1112781053, 28.716651408]}, "properties": {"name": "IW25030219", "roomNumber": "IW25030219", "buildingName": "RGCI", "element": {"type": "Services", "subType": "beacons"}, "floor": 0, "priority": 0, "landmarkId": "6911eae4ba86bf1f03e130cb", "type": "Services", "global": false, "latitude": "28.71665140797519", "longitude": "77.11127810534742", "node": "53480", "nodeId": "c6d3b12-4810-5a7d-6c07-f865fe27b4"}}, {"building_ID": "65d88662db333f894570bad3", "id": "6911eae4ba86bf1f03e130cd", "type": "Feature", "geometry": {"type": "Point", "coordinates": [77.1111012304, 28.7161234841]}, "properties": {"name": "IW25030264", "roomNumber": "IW25030264", "buildingName": "RGCI", "element": {"type": "Services", "subType": "beacons"}, "floor": 1, "priority": 0, "landmarkId": "6911eae4ba86bf1f03e130cd", "type": "Services", "global": false, "latitude": "28.716123484087593", "longitude": "77.11110123036599", "node": "82667", "nodeId": "7de8db-8252-f210-d4c4-276322e4061f"}}, {"building_ID": "65d88662db333f894570bad3", "id": "6911eae4ba86bf1f03e130cf", "type": "Feature", "geometry": {"type": "Point", "coordinates": [77.11084365, 28.7162014635]}, "properties": {"name": "IW25030275", "roomNumber": "IW25030275", "buildingName": "RGCI", "element": {"type": "Services", "subType": "beacons"}, "floor": 0, "priority": 0, "landmarkId": "6911eae4ba86bf1f03e130cf", "type": "Services", "global": false, "latitude": "28.71620146351668", "longitude": "77.11084365003556", "node": "47757", "nodeId": "5ad13dd-c7b8-7a1-4cff-ee5c8b2583c4"}}, {"building_ID": "65d88662db333f894570bad3", "id": "6911eae4ba86bf1f03e130d1", "type": "Feature", "geometry": {"type": "Point", "coordinates": [77.1116554479, 28.7170259512]}, "properties": {"name": "IW25030257", "roomNumber": "IW25030257", "buildingName": "RGCI", "element": {"type": "Services", "subType": "beacons"}, "floor": 1, "priority": 0, "landmarkId": "6911eae4ba86bf1f03e130d1", "type": "Services", "global": false, "latitude": "28.717025951150603", "longitude": "77.11165544791841", "node": "56874", "nodeId": "42c205c-0cff-6bb2-b8dd-0d641f551518"}}, {"building_ID": "65d88662db333f894570bad3", "id": "6911eae4ba86bf1f03e130d3", "type": "Feature", "geometry": {"type": "Point", "coordinates": [77.1111245763, 28.7165094841]}, "properties": {"name": "IW25030220", "roomNumber": "IW25030220", "buildingName": "RGCI", "element": {"type": "Services", "subType": "beacons"}, "floor": 0, "priority": 0, "landmarkId": "6911eae4ba86bf1f03e130d3", "type": "Services", "global": false, "latitude": "28.716509484081204", "longitude": "77.11112457629473", "node": "49737", "nodeId": "5bc64bf-74bc-4cd-7f57-861706dc641e"}}, {"building_ID": "65d88662db333f894570bad3", "id": "6911eae4ba86bf1f03e130d5", "type": "Feature", "geometry": {"type": "Point", "coordinates": [77.111529746, 28.7169753964]}, "properties": {"name": "IW25030202", "roomNumber": "IW25030202", "buildingName": "RGCI", "element": {"type": "Services", "subType": "beacons"}, "floor": 0, "priority": 0, "landmarkId": "6911eae4ba86bf1f03e130d5", "type": "Services", "global": false, "latitude": "28.71697539644741", "longitude": "77.11152974600185", "node": "50410", "nodeId": "faf5ebe-d323-6e5-e637-b66b10b4a0d"}}, {"building_ID": "65d88662db333f894570bad3", "id": "6911eae4ba86bf1f03e130d7", "type": "Feature", "geometry": {"type": "Point", "coordinates": [77.1113725317, 28.7170109111]}, "properties": {"name": "IW25030217", "roomNumber": "IW25030217", "buildingName": "RGCI", "element": {"type": "Services", "subType": "beacons"}, "floor": 0, "priority": 0, "landmarkId": "6911eae4ba86bf1f03e130d7", "type": "Services", "global": false, "latitude": "28.7170109111362", "longitude": "77.11137253171819", "node": "28358", "nodeId": "4f6cee7-4f6-4d63-be4e-35eff66f25ac"}}, {"building_ID": "65d88662db333f894570bad3", "id": "6911eae4ba86bf1f03e130d9", "type": "Feature", "geometry": {"type": "Point", "coordinates": [77.1112093852, 28.716480756]}, "properties": {"name": "IW25030222", "roomNumber": "IW25030222", "buildingName": "RGCI", "element": {"type": "Services", "subType": "beacons"}, "floor": 0, "priority": 0, "landmarkId": "6911eae4ba86bf1f03e130d9", "type": "Services", "global": false, "latitude": "28.716480755981888", "longitude": "77.11120938515204", "node": "62597", "nodeId": "16742a4-b6e-54a7-33e5-327a247ffeb"}}, {"building_ID": "65d88662db333f894570bad3", "id": "6911eae4ba86bf1f03e130db", "type": "Feature", "geometry": {"type": "Point", "coordinates": [77.1114603356, 28.7169493172]}, "properties": {"name": "IW25030201", "roomNumber": "IW25030201", "buildingName": "RGCI", "element": {"type": "Services", "subType": "beacons"}, "floor": 0, "priority": 0, "landmarkId": "6911eae4ba86bf1f03e130db", "type": "Services", "global": false, "latitude": "28.71694931716679", "longitude": "77.11146033563163", "node": "44881", "nodeId": "f4c6d2d-1b78-2be1-2b26-78da282b325"}}, {"building_ID": "65d88662db333f894570bad3", "id": "6911eae4ba86bf1f03e130dd", "type": "Feature", "geometry": {"type": "Point", "coordinates": [77.1116321801, 28.7168217595]}, "properties": {"name": "IW25030210", "roomNumber": "IW25030210", "buildingName": "RGCI", "element": {"type": "Services", "subType": "beacons"}, "floor": 0, "priority": 0, "landmarkId": "6911eae4ba86bf1f03e130dd", "type": "Services", "global": false, "latitude": "28.71682175948387", "longitude": "77.1116321801086", "node": "77925", "nodeId": "e07b5f4-f571-f320-3b1e-d452200ac4c"}}, {"building_ID": "65d88662db333f894570bad3", "id": "6911eae4ba86bf1f03e130df", "type": "Feature", "geometry": {"type": "Point", "coordinates": [77.1114766888, 28.7168183883]}, "properties": {"name": "IW25030214", "roomNumber": "IW25030214", "buildingName": "RGCI", "element": {"type": "Services", "subType": "beacons"}, "floor": 0, "priority": 0, "landmarkId": "6911eae4ba86bf1f03e130df", "type": "Services", "global": false, "latitude": "28.71681838830576", "longitude": "77.11147668879751", "node": "59993", "nodeId": "aaccc3f-52a4-4f13-d40e-cb50fe2cc1cd"}}, {"building_ID": "65d88662db333f894570bad3", "id": "6911eae4ba86bf1f03e130e1", "type": "Feature", "geometry": {"type": "Point", "coordinates": [77.1111959465, 28.7167195566]}, "properties": {"name": "IW25030198", "roomNumber": "IW25030198", "buildingName": "RGCI", "element": {"type": "Services", "subType": "beacons"}, "floor": 0, "priority": 0, "landmarkId": "6911eae4ba86bf1f03e130e1", "type": "Services", "global": false, "latitude": "28.71671955656075", "longitude": "77.11119594645885", "node": "36960", "nodeId": "a4b342-4ea0-d048-60e-aceb1ae0fdb"}}, {"building_ID": "65d88662db333f894570bad3", "id": "6911eae4ba86bf1f03e130e3", "type": "Feature", "geometry": {"type": "Point", "coordinates": [77.1113832928, 28.7168871179]}, "properties": {"name": "IW25030200", "roomNumber": "IW25030200", "buildingName": "RGCI", "element": {"type": "Services", "subType": "beacons"}, "floor": 0, "priority": 0, "landmarkId": "6911eae4ba86bf1f03e130e3", "type": "Services", "global": false, "latitude": "28.716887117905333", "longitude": "77.11138329275998", "node": "42094", "nodeId": "b616be-e38e-cd1c-71bb-cb04b758fb"}}, {"building_ID": "65d88662db333f894570bad3", "id": "6911eae4ba86bf1f03e130e5", "type": "Feature", "geometry": {"type": "Point", "coordinates": [77.1110329838, 28.7163985902]}, "properties": {"name": "IW25030227", "roomNumber": "IW25030227", "buildingName": "RGCI", "element": {"type": "Services", "subType": "beacons"}, "floor": 0, "priority": 0, "landmarkId": "6911eae4ba86bf1f03e130e5", "type": "Services", "global": false, "latitude": "28.71639859022595", "longitude": "77.11103298381323", "node": "50146", "nodeId": "32c66-3604-4a4e-0fb6-14657125b5ad"}}, {"building_ID": "65d88662db333f894570bad3", "id": "6911eae4ba86bf1f03e130e7", "type": "Feature", "geometry": {"type": "Point", "coordinates": [77.1110754135, 28.7165523443]}, "properties": {"name": "IW25030274", "roomNumber": "IW25030274", "buildingName": "RGCI", "element": {"type": "Services", "subType": "beacons"}, "floor": 0, "priority": 0, "landmarkId": "6911eae4ba86bf1f03e130e7", "type": "Services", "global": false, "latitude": "28.716552344256854", "longitude": "77.11107541346003", "node": "39642", "nodeId": "8a33fe5-1a1b-3ca-2f6f-7008a5d1d480"}}, {"building_ID": "65d88662db333f894570bad3", "id": "6911eae4ba86bf1f03e130e9", "type": "Feature", "geometry": {"type": "Point", "coordinates": [77.1112342425, 28.7167731091]}, "properties": {"name": "IW25030272", "roomNumber": "IW25030272", "buildingName": "RGCI", "element": {"type": "Services", "subType": "beacons"}, "floor": 1, "priority": 0, "landmarkId": "6911eae4ba86bf1f03e130e9", "type": "Services", "global": false, "latitude": "28.71677310912333", "longitude": "77.11123424245018", "node": "32851", "nodeId": "7cbce-7c38-b45b-01f8-2be71a4f80d"}}, {"building_ID": "65d88662db333f894570bad3", "id": "6911eae4ba86bf1f03e130eb", "type": "Feature", "geometry": {"type": "Point", "coordinates": [77.1114237419, 28.7167868935]}, "properties": {"name": "Radiology Reception", "roomNumber": "Radiology Reception", "buildingName": "RGCI", "element": {"type": "Services", "subType": "Reception"}, "floor": 0, "priority": 0, "landmarkId": "6911eae4ba86bf1f03e130eb", "type": "Services", "global": false, "latitude": "28.716786893455822", "longitude": "77.11142374194547", "doorLatitude": "28.71695845209035", "doorLongitude": "77.1115190655435", "node": "50862", "nodeId": "3d2aba-d1-1eb3-fdec-7ddd3cf077c6"}}, {"building_ID": "65d88662db333f894570bad3", "id": "6911eae4ba86bf1f03e130ed", "type": "Feature", "geometry": {"type": "Point", "coordinates": [77.111262125, 28.7165556226]}, "properties": {"name": "Photocopy ", "roomNumber": "Photocopy ", "buildingName": "RGCI", "element": {"type": "Services", "subType": "kiosk"}, "floor": 0, "priority": 0, "landmarkId": "6911eae4ba86bf1f03e130ed", "type": "Services", "global": false, "latitude": "28.716555622645632", "longitude": "77.11126212495162", "node": "61252", "nodeId": "f7513af-355c-1365-4e63-71cd54a447e"}}, {"building_ID": "65d88662db333f894570bad3", "id": "6911eae4ba86bf1f03e130f0", "type": "Feature", "geometry": {"type": "Point", "coordinates": [77.1109963957, 28.7165446387]}, "properties": {"name": "Lift-8", "roomNumber": "Lift-8", "buildingName": "RGCI", "element": {"type": "Rooms", "subType": "room door"}, "floor": 1, "priority": 0, "landmarkId": "6911eae4ba86bf1f03e130f0", "type": "Centroid", "centroid": [77.1109963957209, 28.716544638670992], "global": false, "latitude": "28.716544638670992", "longitude": "77.1109963957209", "doorLatitude": "28.716532819592388", "doorLongitude": "77.11101164811467", "node": "30902", "nodeId": "401aeab-13c-55-5848-cb06a8e68be6", "polygonExist": true, "polyId": "0531e61-35e4-eb8-a7f2-d11d1a8c52f6"}}, {"building_ID": "65d88662db333f894570bad3", "id": "6911eae4ba86bf1f03e130f2", "type": "Feature", "geometry": {"type": "Point", "coordinates": [77.11101239, 28.7165632101]}, "properties": {"name": "Lift-7", "roomNumber": "Lift-7", "buildingName": "RGCI", "element": {"type": "Rooms", "subType": "room door"}, "floor": 1, "priority": 0, "landmarkId": "6911eae4ba86bf1f03e130f2", "type": "Centroid", "centroid": [77.11101238995803, 28.716563210083425], "global": false, "latitude": "28.716563210083425", "longitude": "77.11101238995803", "doorLatitude": "28.7165546683129", "doorLongitude": "77.11103046486424", "node": "30912", "nodeId": "824dafa-74f8-f32a-53f-313e6aacef8", "polygonExist": true, "polyId": "b2550d-a8a7-108-05b-f067fb3de6"}}, {"building_ID": "65d88662db333f894570bad3", "id": "6911eae4ba86bf1f03e12fe1", "type": "Feature", "geometry": {"type": "Point", "coordinates": [77.1109433247, 28.7164648444]}, "properties": {"name": "Change Room", "roomNumber": "Change Room", "buildingName": "RGCI", "element": {"type": "Rooms", "subType": "room door"}, "floor": 1, "priority": 0, "landmarkId": "6911eae4ba86bf1f03e12fe1", "type": "Centroid", "centroid": [77.11094332467523, 28.716464844446467], "global": false, "latitude": "28.716464844446467", "longitude": "77.11094332467523", "doorLatitude": "28.716456930084615", "doorLongitude": "77.11093455234223", "node": "29488", "nodeId": "bcf28e6-db0f-a12e-88c-8a54a2fa164", "protocol": "Open Access", "polygonExist": true, "polyId": "864a2a-3da-5cd-084e-b3b7b0367c08"}}, {"building_ID": "65d88662db333f894570bad3", "id": "6911eae4ba86bf1f03e1303d", "type": "Feature", "geometry": {"type": "Point", "coordinates": [77.1110974866, 28.7164730586]}, "properties": {"name": "2153/B - Cath Lab", "roomNumber": "2153/B - Cath Lab", "buildingName": "RGCI", "element": {"type": "Rooms", "subType": "room door"}, "floor": 1, "priority": 0, "landmarkId": "6911eae4ba86bf1f03e1303d", "type": "Centroid", "centroid": [77.1110974866465, 28.71647305859349], "global": false, "assignedTo": "C Block", "latitude": "28.71647305859349", "longitude": "77.1110974866465", "doorLatitude": "28.716442915075646", "doorLongitude": "77.11104377007318", "node": "43734", "nodeId": "f575c-be33-1361-b1fa-5d75f3800", "protocol": "Open Access", "polygonExist": true, "polyId": "ae55284-45a6-c151-f5ab-c7deff6561b4"}}, {"building_ID": "65d88662db333f894570bad3", "id": "6a0bec0a8f7bcc5d06827e35", "type": "Feature", "geometry": {"type": "Point", "coordinates": [77.1109265243, 28.7161568603]}, "properties": {"buildingName": "RGCI", "element": {"type": "Rooms"}, "floor": 0, "priority": 0, "landmarkId": "6a0bec0a8f7bcc5d06827e35", "type": "Rooms", "global": false, "latitude": "28.716156860298998", "longitude": "77.11092652431711", "node": "61989"}}, {"building_ID": "65d88662db333f894570bad3", "id": "6a0bec0a8f7bcc5d06827e36", "type": "Feature", "geometry": {"type": "Point", "coordinates": [77.1117495064, 28.7169670767]}, "properties": {"name": "IW25030258", "roomNumber": "IW25030258", "buildingName": "RGCI", "element": {"type": "Services", "subType": "beacons"}, "floor": 1, "priority": 0, "landmarkId": "6a0bec0a8f7bcc5d06827e36", "type": "Services", "global": false, "latitude": "28.716967076672592", "longitude": "77.11174950644812", "node": "73858"}}, {"building_ID": "65d88662db333f894570bad3", "id": "6a0bec0a8f7bcc5d06827e37", "type": "Feature", "geometry": {"type": "Point", "coordinates": [77.1114730817, 28.7171776352]}, "properties": {"name": "IW25030254", "roomNumber": "IW25030254", "buildingName": "RGCI", "element": {"type": "Services", "subType": "beacons"}, "floor": 1, "priority": 0, "landmarkId": "6a0bec0a8f7bcc5d06827e37", "type": "Services", "global": false, "latitude": "28.717177635215414", "longitude": "77.11147308168546", "node": "20163"}}, {"building_ID": "65d88662db333f894570bad3", "id": "6a0bec0a8f7bcc5d06827e38", "type": "Feature", "geometry": {"type": "Point", "coordinates": [77.1112067529, 28.7160850381]}, "properties": {"name": "Male Washroom-1", "roomNumber": "Male Washroom-1", "buildingName": "RGCI", "element": {"type": "Services", "subType": "restRoom"}, "floor": 0, "priority": 0, "landmarkId": "6a0bec0a8f7bcc5d06827e38", "type": "Centroid", "centroid": [77.1112067529239, 28.716085038127233], "global": false, "latitude": "28.716085038127233", "longitude": "77.1112067529239", "doorLatitude": "28.716093152130235", "doorLongitude": "77.11117292039938", "node": "12355", "basinClock": "null", "cubicleClock": "null", "numCubicles": "null", "numUrinals": "null", "numWashbasin": "null", "urinalClock": "null", "washroomType": "Male", "polygonExist": true, "polyId": "b603e7a-6b52-da83-162b-6411fb6dc70"}}, {"building_ID": "65d88662db333f894570bad3", "id": "6a0bec0a8f7bcc5d06827e39", "type": "Feature", "geometry": {"type": "Point", "coordinates": [77.1111394962, 28.7166540104]}, "properties": {"name": "IW25030196", "roomNumber": "IW25030196", "buildingName": "RGCI", "element": {"type": "Services", "subType": "beacons"}, "floor": 0, "priority": 0, "landmarkId": "6a0bec0a8f7bcc5d06827e39", "type": "Services", "global": false, "latitude": "28.71665401039922", "longitude": "77.11113949621014", "node": "36930"}}, {"building_ID": "65d88662db333f894570bad3", "id": "6a0bec0a8f7bcc5d06827e3a", "type": "Feature", "geometry": {"type": "Point", "coordinates": [77.1108144173, 28.7162311217]}, "properties": {"name": "IW25030238", "roomNumber": "IW25030238", "buildingName": "RGCI", "element": {"type": "Services", "subType": "beacons"}, "floor": 0, "priority": 0, "landmarkId": "6a0bec0a8f7bcc5d06827e3a", "type": "Services", "global": false, "latitude": "28.716231121670695", "longitude": "77.11081441733161", "node": "41334"}}, {"building_ID": "65d88662db333f894570bad3", "id": "6a0bec0a8f7bcc5d06827e3b", "type": "Feature", "geometry": {"type": "Point", "coordinates": [77.1116959178, 28.716995712]}, "properties": {"name": "IW25030206", "roomNumber": "IW25030206", "buildingName": "RGCI", "element": {"type": "Services", "subType": "beacons"}, "floor": 0, "priority": 0, "landmarkId": "6a0bec0a8f7bcc5d06827e3b", "type": "Services", "global": false, "latitude": "28.71699571198258", "longitude": "77.11169591777131", "node": "67890"}}, {"building_ID": "65d88662db333f894570bad3", "id": "6a0bec0a8f7bcc5d06827e3c", "type": "Feature", "geometry": {"type": "Point", "coordinates": [77.1112610393, 28.7164362456]}, "properties": {"name": "IW25030221", "roomNumber": "IW25030221", "buildingName": "RGCI", "element": {"type": "Services", "subType": "beacons"}, "floor": 0, "priority": 0, "landmarkId": "6a0bec0a8f7bcc5d06827e3c", "type": "Services", "global": false, "latitude": "28.716436245553535", "longitude": "77.11126103925308", "node": "73151"}}, {"building_ID": "65d88662db333f894570bad3", "id": "6a0bec0a8f7bcc5d06827e3d", "type": "Feature", "geometry": {"type": "Point", "coordinates": [77.1116080081, 28.7170299255]}, "properties": {"name": "IW25030205", "roomNumber": "IW25030205", "buildingName": "RGCI", "element": {"type": "Services", "subType": "beacons"}, "floor": 0, "priority": 0, "landmarkId": "6a0bec0a8f7bcc5d06827e3d", "type": "Services", "global": false, "latitude": "28.717029925459354", "longitude": "77.11160800805628", "node": "54113"}}, {"building_ID": "65d88662db333f894570bad3", "id": "6a0bec0a8f7bcc5d06827e3e", "type": "Feature", "geometry": {"type": "Point", "coordinates": [77.1115239675, 28.7170958892]}, "properties": {"name": "IW25030204", "roomNumber": "IW25030204", "buildingName": "RGCI", "element": {"type": "Services", "subType": "beacons"}, "floor": 0, "priority": 0, "landmarkId": "6a0bec0a8f7bcc5d06827e3e", "type": "Services", "global": false, "latitude": "28.717095889172864", "longitude": "77.11152396749274", "node": "37592"}}, {"building_ID": "65d88662db333f894570bad3", "id": "6a0bec0a8f7bcc5d06827e3f", "type": "Feature", "geometry": {"type": "Point", "coordinates": [77.1113281398, 28.7169957098]}, "properties": {"name": "IW25030251", "roomNumber": "IW25030251", "buildingName": "RGCI", "element": {"type": "Services", "subType": "beacons"}, "floor": 1, "priority": 0, "landmarkId": "6a0bec0a8f7bcc5d06827e3f", "type": "Services", "global": false, "latitude": "28.716995709821173", "longitude": "77.11132813981298", "node": "21459"}}, {"building_ID": "65d88662db333f894570bad3", "id": "6a0bec0a8f7bcc5d06827e40", "type": "Feature", "geometry": {"type": "Point", "coordinates": [77.111375552, 28.7171461633]}, "properties": {"name": "IW25030253", "roomNumber": "IW25030253", "buildingName": "RGCI", "element": {"type": "Services", "subType": "beacons"}, "floor": 1, "priority": 0, "landmarkId": "6a0bec0a8f7bcc5d06827e40", "type": "Services", "global": false, "latitude": "28.717146163346666", "longitude": "77.11137555199247", "node": "11873"}}, {"building_ID": "65d88662db333f894570bad3", "id": "6a0bec0a8f7bcc5d06827e41", "type": "Feature", "geometry": {"type": "Point", "coordinates": [77.11143802, 28.7169915499]}, "properties": {"name": "IW25030250", "roomNumber": "IW25030250", "buildingName": "RGCI", "element": {"type": "Services", "subType": "beacons"}, "floor": 1, "priority": 0, "landmarkId": "6a0bec0a8f7bcc5d06827e41", "type": "Services", "global": false, "latitude": "28.716991549933766", "longitude": "77.11143802003612", "node": "34790"}}, {"building_ID": "65d88662db333f894570bad3", "id": "6a0bec0a8f7bcc5d06827e42", "type": "Feature", "geometry": {"type": "Point", "coordinates": [77.1108521037, 28.7162885094]}, "properties": {"name": "IW25030229", "roomNumber": "IW25030229", "buildingName": "RGCI", "element": {"type": "Services", "subType": "beacons"}, "floor": 0, "priority": 0, "landmarkId": "6a0bec0a8f7bcc5d06827e42", "type": "Services", "global": false, "latitude": "28.71628850935803", "longitude": "77.11085210373155", "node": "39981"}}, {"building_ID": "65d88662db333f894570bad3", "id": "6a0bec0a8f7bcc5d06827e43", "type": "Feature", "geometry": {"type": "Point", "coordinates": [77.1116842574, 28.716886771]}, "properties": {"name": "IW25030208", "roomNumber": "IW25030208", "buildingName": "RGCI", "element": {"type": "Services", "subType": "beacons"}, "floor": 0, "priority": 0, "landmarkId": "6a0bec0a8f7bcc5d06827e43", "type": "Services", "global": false, "latitude": "28.716886771026054", "longitude": "77.11168425741602", "node": "77495"}}, {"building_ID": "65d88662db333f894570bad3", "id": "6a0bec0a8f7bcc5d06827e44", "type": "Feature", "geometry": {"type": "Point", "coordinates": [77.1116994443, 28.7167772027]}, "properties": {"name": "IW25030211", "roomNumber": "IW25030211", "buildingName": "RGCI", "element": {"type": "Services", "subType": "beacons"}, "floor": 0, "priority": 0, "landmarkId": "6a0bec0a8f7bcc5d06827e44", "type": "Services", "global": false, "latitude": "28.71677720266085", "longitude": "77.1116994442999", "node": "90318"}}, {"building_ID": "65d88662db333f894570bad3", "id": "6a0bec0a8f7bcc5d06827e45", "type": "Feature", "geometry": {"type": "Point", "coordinates": [77.1107489819, 28.7162641731]}, "properties": {"name": "IW25030240", "roomNumber": "IW25030240", "buildingName": "RGCI", "element": {"type": "Services", "subType": "beacons"}, "floor": 0, "priority": 0, "landmarkId": "6a0bec0a8f7bcc5d06827e45", "type": "Services", "global": false, "latitude": "28.71626417311945", "longitude": "77.11074898191447", "node": "30315"}}, {"building_ID": "65d88662db333f894570bad3", "id": "6a0bec0a8f7bcc5d06827e46", "type": "Feature", "geometry": {"type": "Point", "coordinates": [77.1111021321, 28.7160336724]}, "properties": {"name": "IW25030236", "roomNumber": "IW25030236", "buildingName": "RGCI", "element": {"type": "Services", "subType": "beacons"}, "floor": 0, "priority": 0, "landmarkId": "6a0bec0a8f7bcc5d06827e46", "type": "Services", "global": false, "latitude": "28.716033672360176", "longitude": "77.111102132144", "node": "95035"}}, {"building_ID": "65d88662db333f894570bad3", "id": "6a0bec0a8f7bcc5d06827e47", "type": "Feature", "geometry": {"type": "Point", "coordinates": [77.1116948598, 28.7167219071]}, "properties": {"name": "IW25030212", "roomNumber": "IW25030212", "buildingName": "RGCI", "element": {"type": "Services", "subType": "beacons"}, "floor": 0, "priority": 0, "landmarkId": "6a0bec0a8f7bcc5d06827e47", "type": "Services", "global": false, "latitude": "28.716721907056236", "longitude": "77.11169485975543", "node": "95350"}}, {"building_ID": "65d88662db333f894570bad3", "id": "6a0bec0a8f7bcc5d06827e48", "type": "Feature", "geometry": {"type": "Point", "coordinates": [77.1108177298, 28.7162803973]}, "properties": {"name": "IW25030239", "roomNumber": "IW25030239", "buildingName": "RGCI", "element": {"type": "Services", "subType": "beacons"}, "floor": 0, "priority": 0, "landmarkId": "6a0bec0a8f7bcc5d06827e48", "type": "Services", "global": false, "latitude": "28.716280397278503", "longitude": "77.11081772979252", "node": "36759"}}, {"building_ID": "65d88662db333f894570bad3", "id": "6a0bec0a8f7bcc5d06827e49", "type": "Feature", "geometry": {"type": "Point", "coordinates": [77.1111023966, 28.7161021236]}, "properties": {"name": "IW25030232", "roomNumber": "IW25030232", "buildingName": "RGCI", "element": {"type": "Services", "subType": "beacons"}, "floor": 0, "priority": 0, "landmarkId": "6a0bec0a8f7bcc5d06827e49", "type": "Services", "global": false, "latitude": "28.716102123591764", "longitude": "77.11110239664796", "node": "88170"}}, {"building_ID": "65d88662db333f894570bad3", "id": "6a0bec0a8f7bcc5d06827e4a", "type": "Feature", "geometry": {"type": "Point", "coordinates": [77.1110149606, 28.7165820952]}, "properties": {"name": "IW25030224", "roomNumber": "IW25030224", "buildingName": "RGCI", "element": {"type": "Services", "subType": "beacons"}, "floor": 0, "priority": 0, "landmarkId": "6a0bec0a8f7bcc5d06827e4a", "type": "Services", "global": false, "latitude": "28.7165820952002", "longitude": "77.11101496057557", "node": "29541"}}, {"building_ID": "65d88662db333f894570bad3", "id": "6a0bec0a8f7bcc5d06827e4b", "type": "Feature", "geometry": {"type": "Point", "coordinates": [77.1112164634, 28.7162118554]}, "properties": {"name": "IW25030233", "roomNumber": "IW25030233", "buildingName": "RGCI", "element": {"type": "Services", "subType": "beacons"}, "floor": 0, "priority": 0, "landmarkId": "6a0bec0a8f7bcc5d06827e4b", "type": "Services", "global": false, "latitude": "28.716211855418994", "longitude": "77.11121646342737", "node": "90519"}}, {"building_ID": "65d88662db333f894570bad3", "id": "6a0bec0a8f7bcc5d06827e4c", "type": "Feature", "geometry": {"type": "Point", "coordinates": [77.1108660438, 28.7163410391]}, "properties": {"name": "IW25030228", "roomNumber": "IW25030228", "buildingName": "RGCI", "element": {"type": "Services", "subType": "beacons"}, "floor": 0, "priority": 0, "landmarkId": "6a0bec0a8f7bcc5d06827e4c", "type": "Services", "global": false, "latitude": "28.716341039076585", "longitude": "77.11086604375001", "node": "36327"}}, {"building_ID": "65d88662db333f894570bad3", "id": "6a0bec0a8f7bcc5d06827e4d", "type": "Feature", "geometry": {"type": "Point", "coordinates": [77.1111475039, 28.7161408703]}, "properties": {"name": "IW25030234", "roomNumber": "IW25030234", "buildingName": "RGCI", "element": {"type": "Services", "subType": "beacons"}, "floor": 0, "priority": 0, "landmarkId": "6a0bec0a8f7bcc5d06827e4d", "type": "Services", "global": false, "latitude": "28.71614087027467", "longitude": "77.11114750394614", "node": "89567"}}, {"building_ID": "65d88662db333f894570bad3", "id": "6a0bec0a8f7bcc5d06827e4e", "type": "Feature", "geometry": {"type": "Point", "coordinates": [77.111073028, 28.716581375]}, "properties": {"name": "IW25030223", "roomNumber": "IW25030223", "buildingName": "RGCI", "element": {"type": "Services", "subType": "beacons"}, "floor": 0, "priority": 0, "landmarkId": "6a0bec0a8f7bcc5d06827e4e", "type": "Services", "global": false, "latitude": "28.716581375002193", "longitude": "77.11107302799527", "node": "36437"}}, {"building_ID": "65d88662db333f894570bad3", "id": "6a0bec0a8f7bcc5d06827e4f", "type": "Feature", "geometry": {"type": "Point", "coordinates": [77.1112970002, 28.716855065]}, "properties": {"name": "IW25030199", "roomNumber": "IW25030199", "buildingName": "RGCI", "element": {"type": "Services", "subType": "beacons"}, "floor": 0, "priority": 0, "landmarkId": "6a0bec0a8f7bcc5d06827e4f", "type": "Services", "global": false, "latitude": "28.716855065022575", "longitude": "77.11129700021594", "node": "35183"}}, {"building_ID": "65d88662db333f894570bad3", "id": "6a0bec0a8f7bcc5d06827e50", "type": "Feature", "geometry": {"type": "Point", "coordinates": [77.1110563322, 28.7164620443]}, "properties": {"name": "Handicapped Washroom-1", "roomNumber": "Handicapped Washroom-1", "buildingName": "RGCI", "element": {"type": "Services", "subType": "restRoom"}, "floor": 0, "priority": 0, "landmarkId": "6a0bec0a8f7bcc5d06827e50", "type": "Services", "global": false, "latitude": "28.71646204430476", "longitude": "77.11105633220649", "node": "12359", "basinClock": "null", "cubicleClock": "null", "numCubicles": "null", "numUrinals": "null", "numWashbasin": "null", "urinalClock": "null", "washroomType": "Handicapped"}}, {"building_ID": "65d88662db333f894570bad3", "id": "6a0bec0a8f7bcc5d06827e51", "type": "Feature", "geometry": {"type": "Point", "coordinates": [77.1119399284, 28.7169610346]}, "properties": {"buildingName": "RGCI", "element": {"type": "Services", "subType": "AR"}, "floor": 0, "priority": 0, "landmarkId": "6a0bec0a8f7bcc5d06827e51", "type": "Services", "global": false, "latitude": "28.716961034559155", "longitude": "77.11193992838884", "node": "100057", "arName": "P5", "arValue": "5"}}, {"building_ID": "65d88662db333f894570bad3", "id": "6a0bec0a8f7bcc5d06827e52", "type": "Feature", "geometry": {"type": "Point", "coordinates": [77.1117545167, 28.7168093483]}, "properties": {"name": "Drinking Water Point 1", "roomNumber": "Drinking Water Point 1", "buildingName": "RGCI", "element": {"type": "Services", "subType": "drinking water"}, "floor": 0, "priority": 0, "landmarkId": "6a0bec0a8f7bcc5d06827e52", "type": "Services", "global": false, "latitude": "28.71680934833294", "longitude": "77.11175451666345", "node": "58170", "approxHeight": "1"}}, {"building_ID": "65d88662db333f894570bad3", "id": "6a0bec0a8f7bcc5d06827e53", "type": "Feature", "geometry": {"type": "Point", "coordinates": [77.1110969331, 28.7166273037]}, "properties": {"name": "IW25030195", "roomNumber": "IW25030195", "buildingName": "RGCI", "element": {"type": "Services", "subType": "beacons"}, "floor": 0, "priority": 0, "landmarkId": "6a0bec0a8f7bcc5d06827e53", "type": "Services", "global": false, "latitude": "28.716627303709927", "longitude": "77.11109693307911", "node": "34619"}}, {"building_ID": "65d88662db333f894570bad3", "id": "6a0bec0a8f7bcc5d06827e54", "type": "Feature", "geometry": {"type": "Point", "coordinates": [77.1107941881, 28.7162112851]}, "properties": {"name": "Male Washroom-3", "roomNumber": "Male Washroom-3", "buildingName": "RGCI", "element": {"type": "Services", "subType": "restRoom"}, "floor": 1, "priority": 0, "landmarkId": "6a0bec0a8f7bcc5d06827e54", "type": "Centroid", "centroid": [77.1107941881287, 28.71621128507398], "global": false, "latitude": "28.71621128507398", "longitude": "77.1107941881287", "doorLatitude": "28.71622452065988", "doorLongitude": "77.11082438239698", "node": "22665", "basinClock": "3", "cubicleClock": "0", "handShower": true, "liquidSoap": true, "numCubicles": "2", "numUrinals": "3", "numWashbasin": "3", "paperNapkins": true, "urinalClock": "2", "washroomType": "Male", "polygonExist": true, "polyId": "4a70f0-8448-d40-1ef7-03e440d12ee7"}}, {"building_ID": "65d88662db333f894570bad3", "id": "6a0bec0a8f7bcc5d06827e55", "type": "Feature", "geometry": {"type": "Point", "coordinates": [77.1112141309, 28.7162545764]}, "properties": {"name": "Male Washroom-4", "roomNumber": "Male Washroom-4", "buildingName": "RGCI", "element": {"type": "Services", "subType": "restRoom"}, "floor": 1, "priority": 0, "landmarkId": "6a0bec0a8f7bcc5d06827e55", "type": "Centroid", "centroid": [77.1112141308634, 28.71625457641065], "global": false, "latitude": "28.71625457641065", "longitude": "77.1112141308634", "doorLatitude": "28.716229380790068", "doorLongitude": "77.11121590673677", "node": "29552", "basinClock": "0", "cubicleClock": "1", "handShower": true, "liquidSoap": true, "numCubicles": "2", "numUrinals": "3", "numWashbasin": "2", "paperNapkins": true, "urinalClock": "3", "washroomType": "Male", "polygonExist": true, "polyId": "faeea-d2a4-3a1-3852-6f4288afb3f2"}}, {"building_ID": "65d88662db333f894570bad3", "id": "6a0bec0a8f7bcc5d06827e56", "type": "Feature", "geometry": {"type": "Point", "coordinates": [77.1113649847, 28.7161889617]}, "properties": {"buildingName": "RGCI", "element": {"type": "Services", "subType": "AR"}, "floor": 0, "priority": 0, "landmarkId": "6a0bec0a8f7bcc5d06827e56", "type": "Services", "global": false, "latitude": "28.716188961737828", "longitude": "77.11136498472924", "node": "110278", "arName": "P9", "arValue": "9"}}, {"building_ID": "65d88662db333f894570bad3", "id": "6a0bec0a8f7bcc5d06827e57", "type": "Feature", "geometry": {"type": "Point", "coordinates": [77.1112199297, 28.7169472936]}, "properties": {"buildingName": "RGCI", "element": {"type": "Services", "subType": "AR"}, "floor": 0, "priority": 0, "landmarkId": "6a0bec0a8f7bcc5d06827e57", "type": "Services", "global": false, "latitude": "28.716947293595364", "longitude": "77.11121992966164", "node": "16835", "arName": "P2", "arValue": "2"}}, {"building_ID": "65d88662db333f894570bad3", "id": "6a0bec0a8f7bcc5d06827e58", "type": "Feature", "geometry": {"type": "Point", "coordinates": [77.1111352266, 28.7170034022]}, "properties": {"buildingName": "RGCI", "element": {"type": "Services", "subType": "AR"}, "floor": 0, "priority": 0, "landmarkId": "6a0bec0a8f7bcc5d06827e58", "type": "Services", "global": false, "latitude": "28.717003402187313", "longitude": "77.11113522660592", "node": "1229", "arName": "P3", "arValue": "3"}}, {"building_ID": "65d88662db333f894570bad3", "id": "6a0bec0a8f7bcc5d06827e59", "type": "Feature", "geometry": {"type": "Point", "coordinates": [77.1114118328, 28.7173245784]}, "properties": {"buildingName": "RGCI", "element": {"type": "Services", "subType": "AR"}, "floor": 0, "priority": 0, "landmarkId": "6a0bec0a8f7bcc5d06827e59", "type": "Services", "global": false, "latitude": "28.717324578378808", "longitude": "77.11141183282459", "node": "1376", "arName": "P4", "arValue": "4"}}, {"building_ID": "65d88662db333f894570bad3", "id": "6a0bec0a8f7bcc5d06827e5a", "type": "Feature", "geometry": {"type": "Point", "coordinates": [77.1114964627, 28.7164415696]}, "properties": {"buildingName": "RGCI", "element": {"type": "Services", "subType": "AR"}, "floor": 0, "priority": 0, "landmarkId": "6a0bec0a8f7bcc5d06827e5a", "type": "Services", "global": false, "latitude": "28.71644156963037", "longitude": "77.11149646269038", "node": "100279", "arName": "P6", "arValue": "6"}}, {"building_ID": "65d88662db333f894570bad3", "id": "6a0bec0a8f7bcc5d06827e5b", "type": "Feature", "geometry": {"type": "Point", "coordinates": [77.1112393915, 28.7162413383]}, "properties": {"name": "Female Washroom-4", "roomNumber": "Female Washroom-4", "buildingName": "RGCI", "element": {"type": "Services", "subType": "restRoom"}, "floor": 1, "priority": 0, "landmarkId": "6a0bec0a8f7bcc5d06827e5b", "type": "Centroid", "centroid": [77.11123939147252, 28.716241338264247], "global": false, "latitude": "28.716241338264247", "longitude": "77.11123939147252", "doorLatitude": "28.716234285153515", "doorLongitude": "77.11122404302799", "node": "39502", "basinClock": "0", "cubicleClock": "3", "handShower": true, "liquidSoap": true, "numCubicles": "2", "numUrinals": "null", "numWashbasin": "1", "paperNapkins": true, "toiletRolls": true, "urinalClock": "null", "washroomType": "Female", "polygonExist": true, "polyId": "b5aaa1-86a-e0d1-50d8-dbc8e26435"}}, {"building_ID": "65d88662db333f894570bad3", "id": "6a0bec0a8f7bcc5d06827e5c", "type": "Feature", "geometry": {"type": "Point", "coordinates": [77.1110322407, 28.7165294727]}, "properties": {"name": "IW25030225", "roomNumber": "IW25030225", "buildingName": "RGCI", "element": {"type": "Services", "subType": "beacons"}, "floor": 0, "priority": 0, "landmarkId": "6a0bec0a8f7bcc5d06827e5c", "type": "Services", "global": false, "latitude": "28.716529472692315", "longitude": "77.1110322407376", "node": "36873"}}, {"building_ID": "65d88662db333f894570bad3", "id": "6a0bec0a8f7bcc5d06827e5d", "type": "Feature", "geometry": {"type": "Point", "coordinates": [77.1115412501, 28.7167207208]}, "properties": {"name": "IW25030215", "roomNumber": "IW25030215", "buildingName": "RGCI", "element": {"type": "Services", "subType": "beacons"}, "floor": 0, "priority": 0, "landmarkId": "6a0bec0a8f7bcc5d06827e5d", "type": "Services", "global": false, "latitude": "28.71672072075018", "longitude": "77.11154125011929", "node": "77419"}}, {"building_ID": "65d88662db333f894570bad3", "id": "6a0bec0a8f7bcc5d06827e5e", "type": "Feature", "geometry": {"type": "Point", "coordinates": [77.111544482, 28.7169107339]}, "properties": {"name": "IW25030255", "roomNumber": "IW25030255", "buildingName": "RGCI", "element": {"type": "Services", "subType": "beacons"}, "floor": 1, "priority": 0, "landmarkId": "6a0bec0a8f7bcc5d06827e5e", "type": "Services", "global": false, "latitude": "28.716910733945912", "longitude": "77.11154448199675", "node": "55442"}}, {"building_ID": "65d88662db333f894570bad3", "id": "6a0bec0a8f7bcc5d06827e5f", "type": "Feature", "geometry": {"type": "Point", "coordinates": [77.1113255956, 28.7169836698]}, "properties": {"name": "IW25030216", "roomNumber": "IW25030216", "buildingName": "RGCI", "element": {"type": "Services", "subType": "beacons"}, "floor": 0, "priority": 0, "landmarkId": "6a0bec0a8f7bcc5d06827e5f", "type": "Services", "global": false, "latitude": "28.71698366982756", "longitude": "77.11132559564585", "node": "25587"}}, {"building_ID": "65d88662db333f894570bad3", "id": "6a0bec0a8f7bcc5d06827e60", "type": "Feature", "geometry": {"type": "Point", "coordinates": [77.1117111323, 28.7167317158]}, "properties": {"name": "Stretcher", "roomNumber": "Stretcher", "buildingName": "RGCI", "element": {"type": "Services", "subType": "kiosk"}, "floor": 0, "priority": 0, "landmarkId": "6a0bec0a8f7bcc5d06827e60", "type": "Services", "global": false, "latitude": "28.716731715783133", "longitude": "77.11171113233786", "node": "96274"}}, {"building_ID": "65d88662db333f894570bad3", "id": "6a0bec0a8f7bcc5d06827e61", "type": "Feature", "geometry": {"type": "Point", "coordinates": [77.1116242554, 28.7168716161]}, "properties": {"name": "IW25030209", "roomNumber": "IW25030209", "buildingName": "RGCI", "element": {"type": "Services", "subType": "beacons"}, "floor": 0, "priority": 0, "landmarkId": "6a0bec0a8f7bcc5d06827e61", "type": "Services", "global": false, "latitude": "28.71687161610569", "longitude": "77.11162425542057", "node": "71971"}}, {"building_ID": "65d88662db333f894570bad3", "id": "6a0bec0a8f7bcc5d06827e62", "type": "Feature", "geometry": {"type": "Point", "coordinates": [77.11163316, 28.7169137561]}, "properties": {"name": "IW25030207", "roomNumber": "IW25030207", "buildingName": "RGCI", "element": {"type": "Services", "subType": "beacons"}, "floor": 0, "priority": 0, "landmarkId": "6a0bec0a8f7bcc5d06827e62", "type": "Services", "global": false, "latitude": "28.716913756083336", "longitude": "77.11163316000555", "node": "68772"}}, {"building_ID": "65d88662db333f894570bad3", "id": "6a0bec0a8f7bcc5d06827e63", "type": "Feature", "geometry": {"type": "Point", "coordinates": [77.1116361551, 28.7168808902]}, "properties": {"name": "IW25030256", "roomNumber": "IW25030256", "buildingName": "RGCI", "element": {"type": "Services", "subType": "beacons"}, "floor": 1, "priority": 0, "landmarkId": "6a0bec0a8f7bcc5d06827e63", "type": "Services", "global": false, "latitude": "28.71688089021324", "longitude": "77.11163615506169", "node": "69221"}}, {"building_ID": "65d88662db333f894570bad3", "id": "6a0bec0a8f7bcc5d06827e64", "type": "Feature", "geometry": {"type": "Point", "coordinates": [77.1116329069, 28.7170906368]}, "properties": {"name": "Male Washroom-5", "roomNumber": "Male Washroom-5", "buildingName": "RGCI", "element": {"type": "Services", "subType": "restRoom"}, "floor": 1, "priority": 0, "landmarkId": "6a0bec0a8f7bcc5d06827e64", "type": "Centroid", "centroid": [77.1116329068784, 28.71709063684943], "global": false, "latitude": "28.71709063684943", "longitude": "77.1116329068784", "doorLatitude": "28.71706167569609", "doorLongitude": "77.11161187720778", "node": "39956", "basinClock": "null", "cubicleClock": "null", "numCubicles": "null", "numUrinals": "null", "numWashbasin": "null", "urinalClock": "null", "washroomType": "Male", "polygonExist": true, "polyId": "4b1cee6-6448-2c25-8010-ede6b53a3221"}}, {"building_ID": "65d88662db333f894570bad3", "id": "6a0bec0a8f7bcc5d06827e65", "type": "Feature", "geometry": {"type": "Point", "coordinates": [77.1113126681, 28.716223617]}, "properties": {"buildingName": "RGCI", "element": {"type": "Services", "subType": "AR"}, "floor": 0, "priority": 0, "landmarkId": "6a0bec0a8f7bcc5d06827e65", "type": "Services", "global": false, "latitude": "28.71622361704462", "longitude": "77.111312668136", "node": "100639", "arName": "P7", "arValue": "7"}}, {"building_ID": "65d88662db333f894570bad3", "id": "6a0bec0a8f7bcc5d06827e66", "type": "Feature", "geometry": {"type": "Point", "coordinates": [77.11063722, 28.7162661481]}, "properties": {"buildingName": "RGCI", "element": {"type": "Services", "subType": "AR"}, "floor": 0, "priority": 0, "landmarkId": "6a0bec0a8f7bcc5d06827e66", "type": "Services", "global": false, "latitude": "28.716266148134803", "longitude": "77.11063722001639", "node": "16983", "arName": "P1", "arValue": "1"}}, {"building_ID": "65d88662db333f894570bad3", "id": "6a0bec0a8f7bcc5d06827e67", "type": "Feature", "geometry": {"type": "Point", "coordinates": [77.1111454636, 28.7160976147]}, "properties": {"name": "Drinking Water Point 1", "roomNumber": "Drinking Water Point 1", "buildingName": "RGCI", "element": {"type": "Services", "subType": "drinking water"}, "floor": 0, "priority": 0, "landmarkId": "6a0bec0a8f7bcc5d06827e67", "type": "Services", "global": false, "latitude": "28.716097614663667", "longitude": "77.1111454635688", "node": "93551"}}, {"building_ID": "65d88662db333f894570bad3", "id": "6a0bec0a8f7bcc5d06827e68", "type": "Feature", "geometry": {"type": "Point", "coordinates": [77.1111448288, 28.7159333317]}, "properties": {"buildingName": "RGCI", "element": {"type": "Services", "subType": "AR"}, "floor": 0, "priority": 0, "landmarkId": "6a0bec0a8f7bcc5d06827e68", "type": "Services", "global": false, "latitude": "28.715933331707863", "longitude": "77.11114482875928", "node": "110161", "arName": "P10", "arValue": "10"}}, {"building_ID": "65d88662db333f894570bad3", "id": "6a0bec0a8f7bcc5d06827e69", "type": "Feature", "geometry": {"type": "Point", "coordinates": [77.1110971976, 28.7166957549]}, "properties": {"name": "IW25030197", "roomNumber": "IW25030197", "buildingName": "RGCI", "element": {"type": "Services", "subType": "beacons"}, "floor": 0, "priority": 0, "landmarkId": "6a0bec0a8f7bcc5d06827e69", "type": "Services", "global": false, "latitude": "28.71669575494151", "longitude": "77.11109719758309", "node": "27754"}}, {"building_ID": "65d88662db333f894570bad3", "id": "6a0bec0a8f7bcc5d06827e6a", "type": "Feature", "geometry": {"type": "Point", "coordinates": [77.1110171369, 28.7161757576]}, "properties": {"name": "IW25030263", "roomNumber": "IW25030263", "buildingName": "RGCI", "element": {"type": "Services", "subType": "beacons"}, "floor": 1, "priority": 0, "landmarkId": "6a0bec0a8f7bcc5d06827e6a", "type": "Services", "global": false, "latitude": "28.716175757554787", "longitude": "77.11101713690167", "node": "67519"}}, {"building_ID": "65d88662db333f894570bad3", "id": "6a0bec0a8f7bcc5d06827e6b", "type": "Feature", "geometry": {"type": "Point", "coordinates": [77.1114911855, 28.7168533927]}, "properties": {"name": "Drinking Water Point 1", "roomNumber": "Drinking Water Point 1", "buildingName": "RGCI", "element": {"type": "Services", "subType": "drinking water"}, "floor": 0, "priority": 0, "landmarkId": "6a0bec0a8f7bcc5d06827e6b", "type": "Services", "global": false, "latitude": "28.716853392653242", "longitude": "77.11149118550657", "node": "93685", "approxHeight": "1", "tapType": "Pillar Type"}}, {"building_ID": "65d88662db333f894570bad3", "id": "6a0bec0a8f7bcc5d06827e6c", "type": "Feature", "geometry": {"type": "Point", "coordinates": [77.1112021254, 28.7162179218]}, "properties": {"name": "IW25030266", "roomNumber": "IW25030266", "buildingName": "RGCI", "element": {"type": "Services", "subType": "beacons"}, "floor": 1, "priority": 0, "landmarkId": "6a0bec0a8f7bcc5d06827e6c", "type": "Services", "global": false, "latitude": "28.716217921810465", "longitude": "77.11120212542069", "node": "85009"}}, {"building_ID": "65d88662db333f894570bad3", "id": "6a0bec0a8f7bcc5d06827e6d", "type": "Feature", "geometry": {"type": "Point", "coordinates": [77.1109768258, 28.7162470675]}, "properties": {"name": "IW25030230", "roomNumber": "IW25030230", "buildingName": "RGCI", "element": {"type": "Services", "subType": "beacons"}, "floor": 0, "priority": 0, "landmarkId": "6a0bec0a8f7bcc5d06827e6d", "type": "Services", "global": false, "latitude": "28.71624706746176", "longitude": "77.11097682575115", "node": "58812"}}, {"building_ID": "65d88662db333f894570bad3", "id": "6a0bec0a8f7bcc5d06827e6e", "type": "Feature", "geometry": {"type": "Point", "coordinates": [77.1109526008, 28.7164415432]}, "properties": {"name": "IW25030226", "roomNumber": "IW25030226", "buildingName": "RGCI", "element": {"type": "Services", "subType": "beacons"}, "floor": 0, "priority": 0, "landmarkId": "6a0bec0a8f7bcc5d06827e6e", "type": "Services", "global": false, "latitude": "28.71644154319093", "longitude": "77.11095260079803", "node": "36373"}}, {"building_ID": "65d88662db333f894570bad3", "id": "6a0bec0a8f7bcc5d06827e6f", "type": "Feature", "geometry": {"type": "Point", "coordinates": [77.1109871888, 28.7161818703]}, "properties": {"name": "IW25030231", "roomNumber": "IW25030231", "buildingName": "RGCI", "element": {"type": "Services", "subType": "beacons"}, "floor": 0, "priority": 0, "landmarkId": "6a0bec0a8f7bcc5d06827e6f", "type": "Services", "global": false, "latitude": "28.71618187034092", "longitude": "77.11098718880474", "node": "66598"}}, {"building_ID": "65d88662db333f894570bad3", "id": "6a0bec0a8f7bcc5d06827e70", "type": "Feature", "geometry": {"type": "Point", "coordinates": [77.1113521255, 28.7169009009]}, "properties": {"name": "IW25030273", "roomNumber": "IW25030273", "buildingName": "RGCI", "element": {"type": "Services", "subType": "beacons"}, "floor": 1, "priority": 0, "landmarkId": "6a0bec0a8f7bcc5d06827e70", "type": "Services", "global": false, "latitude": "28.71690090094098", "longitude": "77.11135212548028", "node": "33829"}}, {"building_ID": "65d88662db333f894570bad3", "id": "6a0bec0a8f7bcc5d06827e71", "type": "Feature", "geometry": {"type": "Point", "coordinates": [77.1113078117, 28.717067508]}, "properties": {"name": "IW25030252", "roomNumber": "IW25030252", "buildingName": "RGCI", "element": {"type": "Services", "subType": "beacons"}, "floor": 1, "priority": 0, "landmarkId": "6a0bec0a8f7bcc5d06827e71", "type": "Services", "global": false, "latitude": "28.717067507952834", "longitude": "77.11130781169402", "node": "11837"}}, {"building_ID": "65d88662db333f894570bad3", "id": "6a0bec0a8f7bcc5d06827e72", "type": "Feature", "geometry": {"type": "Point", "coordinates": [77.1109700421, 28.7161074455]}, "properties": {"name": "IW25030237", "roomNumber": "IW25030237", "buildingName": "RGCI", "element": {"type": "Services", "subType": "beacons"}, "floor": 0, "priority": 0, "landmarkId": "6a0bec0a8f7bcc5d06827e72", "type": "Services", "global": false, "latitude": "28.716107445507195", "longitude": "77.11097004212695", "node": "72081"}}, {"building_ID": "65d88662db333f894570bad3", "id": "6a0bec0a8f7bcc5d06827e73", "type": "Feature", "geometry": {"type": "Point", "coordinates": [77.1116578195, 28.7170741343]}, "properties": {"name": "Female Washroom-5", "roomNumber": "Female Washroom-5", "buildingName": "RGCI", "element": {"type": "Services", "subType": "restRoom"}, "floor": 1, "priority": 0, "landmarkId": "6a0bec0a8f7bcc5d06827e73", "type": "Centroid", "centroid": [77.11165781954185, 28.717074134322388], "global": false, "latitude": "28.717074134322388", "longitude": "77.11165781954185", "doorLatitude": "28.717048473674456", "doorLongitude": "77.11163180733854", "node": "44655", "basinClock": "null", "cubicleClock": "null", "numCubicles": "null", "numUrinals": "null", "numWashbasin": "null", "urinalClock": "null", "washroomType": "Female", "polygonExist": true, "polyId": "e5a2be0-b524-7071-684-cc2adc18"}}, {"building_ID": "65d88662db333f894570bad3", "id": "6a0bec0a8f7bcc5d06827e74", "type": "Feature", "geometry": {"type": "Point", "coordinates": [77.1114614213, 28.7170686943]}, "properties": {"name": "IW25030203", "roomNumber": "IW25030203", "buildingName": "RGCI", "element": {"type": "Services", "subType": "beacons"}, "floor": 0, "priority": 0, "landmarkId": "6a0bec0a8f7bcc5d06827e74", "type": "Services", "global": false, "latitude": "28.717068694258888", "longitude": "77.11146142133016", "node": "32982"}}, {"building_ID": "65d88662db333f894570bad3", "id": "6a0bec0a8f7bcc5d06827e75", "type": "Feature", "geometry": {"type": "Point", "coordinates": [77.1111772404, 28.7160799965]}, "properties": {"name": "IW25030268", "roomNumber": "IW25030268", "buildingName": "RGCI", "element": {"type": "Services", "subType": "beacons"}, "floor": 1, "priority": 0, "landmarkId": "6a0bec0a8f7bcc5d06827e75", "type": "Services", "global": false, "latitude": "28.716079996503264", "longitude": "77.11117724043989", "node": "95980"}}, {"building_ID": "65d88662db333f894570bad3", "id": "6a0bec0a8f7bcc5d06827e76", "type": "Feature", "geometry": {"type": "Point", "coordinates": [77.1111370351, 28.7161786869]}, "properties": {"name": "IW25030265", "roomNumber": "IW25030265", "buildingName": "RGCI", "element": {"type": "Services", "subType": "beacons"}, "floor": 1, "priority": 0, "landmarkId": "6a0bec0a8f7bcc5d06827e76", "type": "Services", "global": false, "latitude": "28.716178686902875", "longitude": "77.11113703509096", "node": "81313"}}, {"building_ID": "65d88662db333f894570bad3", "id": "6a0bec0a8f7bcc5d06827e77", "type": "Feature", "geometry": {"type": "Point", "coordinates": [77.110931056, 28.7161984657]}, "properties": {"name": "IW25030261", "roomNumber": "IW25030261", "buildingName": "RGCI", "element": {"type": "Services", "subType": "beacons"}, "floor": 1, "priority": 0, "landmarkId": "6a0bec0a8f7bcc5d06827e77", "type": "Services", "global": false, "latitude": "28.716198465657296", "longitude": "77.11093105596079", "node": "55116"}}, {"building_ID": "65d88662db333f894570bad3", "id": "6a0bec0a8f7bcc5d06827e78", "type": "Feature", "geometry": {"type": "Point", "coordinates": [77.1109118664, 28.7164033311]}, "properties": {"name": "IW25030244", "roomNumber": "IW25030244", "buildingName": "RGCI", "element": {"type": "Services", "subType": "beacons"}, "floor": 1, "priority": 0, "landmarkId": "6a0bec0a8f7bcc5d06827e78", "type": "Services", "global": false, "latitude": "28.71640333112737", "longitude": "77.11091186644116", "node": "32222"}}, {"building_ID": "65d88662db333f894570bad3", "id": "6a0bec0a8f7bcc5d06827e79", "type": "Feature", "geometry": {"type": "Point", "coordinates": [77.110804611, 28.7162787934]}, "properties": {"name": "IW25030259", "roomNumber": "IW25030259", "buildingName": "RGCI", "element": {"type": "Services", "subType": "beacons"}, "floor": 1, "priority": 0, "landmarkId": "6a0bec0a8f7bcc5d06827e79", "type": "Services", "global": false, "latitude": "28.716278793420464", "longitude": "77.11080461096861", "node": "32165"}}, {"building_ID": "65d88662db333f894570bad3", "id": "6a0bec0a8f7bcc5d06827e7a", "type": "Feature", "geometry": {"type": "Point", "coordinates": [77.1111114876, 28.7160309065]}, "properties": {"name": "IW25030269", "roomNumber": "IW25030269", "buildingName": "RGCI", "element": {"type": "Services", "subType": "beacons"}, "floor": 1, "priority": 0, "landmarkId": "6a0bec0a8f7bcc5d06827e7a", "type": "Services", "global": false, "latitude": "28.716030906474117", "longitude": "77.11111148761799", "node": "93199"}}, {"building_ID": "65d88662db333f894570bad3", "id": "6a0bec0a8f7bcc5d06827e7b", "type": "Feature", "geometry": {"type": "Point", "coordinates": [77.110980113, 28.716128225]}, "properties": {"name": "IW25030270", "roomNumber": "IW25030270", "buildingName": "RGCI", "element": {"type": "Services", "subType": "beacons"}, "floor": 1, "priority": 0, "landmarkId": "6a0bec0a8f7bcc5d06827e7b", "type": "Services", "global": false, "latitude": "28.71612822498901", "longitude": "77.11098011299391", "node": "67957"}}, {"building_ID": "65d88662db333f894570bad3", "id": "6a0bec0a8f7bcc5d06827e7c", "type": "Feature", "geometry": {"type": "Point", "coordinates": [77.1111190623, 28.716698428]}, "properties": {"name": "IW25030248", "roomNumber": "IW25030248", "buildingName": "RGCI", "element": {"type": "Services", "subType": "beacons"}, "floor": 1, "priority": 0, "landmarkId": "6a0bec0a8f7bcc5d06827e7c", "type": "Services", "global": false, "latitude": "28.716698428038246", "longitude": "77.11111906228959", "node": "26840"}}, {"building_ID": "65d88662db333f894570bad3", "id": "6a0bec0a8f7bcc5d06827e7d", "type": "Feature", "geometry": {"type": "Point", "coordinates": [77.1109530265, 28.7162285192]}, "properties": {"name": "IW25030262", "roomNumber": "IW25030262", "buildingName": "RGCI", "element": {"type": "Services", "subType": "beacons"}, "floor": 1, "priority": 0, "landmarkId": "6a0bec0a8f7bcc5d06827e7d", "type": "Services", "global": false, "latitude": "28.716228519246663", "longitude": "77.11095302646889", "node": "54670"}}, {"building_ID": "65d88662db333f894570bad3", "id": "6a0bec0a8f7bcc5d06827e7e", "type": "Feature", "geometry": {"type": "Point", "coordinates": [77.1110285303, 28.7165387932]}, "properties": {"name": "IW25030246", "roomNumber": "IW25030246", "buildingName": "RGCI", "element": {"type": "Services", "subType": "beacons"}, "floor": 1, "priority": 0, "landmarkId": "6a0bec0a8f7bcc5d06827e7e", "type": "Services", "global": false, "latitude": "28.71653879319453", "longitude": "77.11102853028848", "node": "32284"}}, {"building_ID": "65d88662db333f894570bad3", "id": "6a0bec0a8f7bcc5d06827e7f", "type": "Feature", "geometry": {"type": "Point", "coordinates": [77.111138277, 28.7166616806]}, "properties": {"name": "IW25030249", "roomNumber": "IW25030249", "buildingName": "RGCI", "element": {"type": "Services", "subType": "beacons"}, "floor": 1, "priority": 0, "landmarkId": "6a0bec0a8f7bcc5d06827e7f", "type": "Services", "global": false, "latitude": "28.71666168064873", "longitude": "77.11113827702738", "node": "32800"}}, {"building_ID": "65d88662db333f894570bad3", "id": "6a0bec0a8f7bcc5d06827e80", "type": "Feature", "geometry": {"type": "Point", "coordinates": [77.110966435, 28.7164666924]}, "properties": {"name": "IW25030245", "roomNumber": "IW25030245", "buildingName": "RGCI", "element": {"type": "Services", "subType": "beacons"}, "floor": 1, "priority": 0, "landmarkId": "6a0bec0a8f7bcc5d06827e80", "type": "Services", "global": false, "latitude": "28.716466692416848", "longitude": "77.1109664350149", "node": "32251"}}, {"building_ID": "65d88662db333f894570bad3", "id": "6a0bec0a8f7bcc5d06827e81", "type": "Feature", "geometry": {"type": "Point", "coordinates": [77.1112249448, 28.7161444734]}, "properties": {"name": "IW25030267", "roomNumber": "IW25030267", "buildingName": "RGCI", "element": {"type": "Services", "subType": "beacons"}, "floor": 1, "priority": 0, "landmarkId": "6a0bec0a8f7bcc5d06827e81", "type": "Services", "global": false, "latitude": "28.7161444734261", "longitude": "77.111224944806", "node": "95090"}}, {"building_ID": "65d88662db333f894570bad3", "id": "6a0bec0a8f7bcc5d06827e82", "type": "Feature", "geometry": {"type": "Point", "coordinates": [77.1109321417, 28.7163178427]}, "properties": {"name": "IW25030241", "roomNumber": "IW25030241", "buildingName": "RGCI", "element": {"type": "Services", "subType": "beacons"}, "floor": 1, "priority": 0, "landmarkId": "6a0bec0a8f7bcc5d06827e82", "type": "Services", "global": false, "latitude": "28.716317842749394", "longitude": "77.11093214165933", "node": "43217"}}, {"building_ID": "65d88662db333f894570bad3", "id": "6a0bec0a8f7bcc5d06827e83", "type": "Feature", "geometry": {"type": "Point", "coordinates": [77.1108677667, 28.7163021532]}, "properties": {"name": "IW25030243", "roomNumber": "IW25030243", "buildingName": "RGCI", "element": {"type": "Services", "subType": "beacons"}, "floor": 1, "priority": 0, "landmarkId": "6a0bec0a8f7bcc5d06827e83", "type": "Services", "global": false, "latitude": "28.716302153209682", "longitude": "77.11086776672258", "node": "37233"}}, {"building_ID": "65d88662db333f894570bad3", "id": "6a0bec0a8f7bcc5d06827e84", "type": "Feature", "geometry": {"type": "Point", "coordinates": [77.1108829259, 28.7163470127]}, "properties": {"name": "IW25030242", "roomNumber": "IW25030242", "buildingName": "RGCI", "element": {"type": "Services", "subType": "beacons"}, "floor": 1, "priority": 0, "landmarkId": "6a0bec0a8f7bcc5d06827e84", "type": "Services", "global": false, "latitude": "28.716347012678725", "longitude": "77.11088292592383", "node": "34495"}}, {"building_ID": "65d88662db333f894570bad3", "id": "6a0bec0a8f7bcc5d06827e85", "type": "Feature", "geometry": {"type": "Point", "coordinates": [77.1111459674, 28.716066399]}, "properties": {"name": "IW25030235", "roomNumber": "IW25030235", "buildingName": "RGCI", "element": {"type": "Services", "subType": "beacons"}, "floor": 0, "priority": 0, "landmarkId": "6a0bec0a8f7bcc5d06827e85", "type": "Services", "global": false, "latitude": "28.716066399046277", "longitude": "77.1111459673586", "node": "96889"}}, {"building_ID": "65d88662db333f894570bad3", "id": "6a0bec0a8f7bcc5d06827e86", "type": "Feature", "geometry": {"type": "Point", "coordinates": [77.1110765761, 28.7164359516]}, "properties": {"name": "Male Washroom-2", "roomNumber": "Male Washroom-2", "buildingName": "RGCI", "element": {"type": "Services", "subType": "restRoom"}, "floor": 0, "priority": 0, "landmarkId": "6a0bec0a8f7bcc5d06827e86", "type": "Centroid", "centroid": [77.11107657610692, 28.716435951575686], "global": false, "latitude": "28.716435951575686", "longitude": "77.11107657610692", "doorLatitude": "28.7164511199445", "doorLongitude": "77.1110469238317", "node": "46492", "basinClock": "null", "cubicleClock": "null", "numCubicles": "null", "numUrinals": "null", "numWashbasin": "null", "urinalClock": "null", "washroomType": "Male", "polygonExist": true, "polyId": "22afcd3-2e5-8def-7dc8-bc014f00283"}}, {"building_ID": "65d88662db333f894570bad3", "id": "6a0bec0a8f7bcc5d06827e87", "type": "Feature", "geometry": {"type": "Point", "coordinates": [77.1111722278, 28.7165602708]}, "properties": {"name": "IW25030194", "roomNumber": "IW25030194", "buildingName": "RGCI", "element": {"type": "Services", "subType": "beacons"}, "floor": 0, "priority": 0, "landmarkId": "6a0bec0a8f7bcc5d06827e87", "type": "Services", "global": false, "latitude": "28.71656027075772", "longitude": "77.11117222776004", "node": "50220"}}, {"building_ID": "65d88662db333f894570bad3", "id": "6a0bec0a8f7bcc5d06827e88", "type": "Feature", "geometry": {"type": "Point", "coordinates": [77.1110356073, 28.7164311656]}, "properties": {"name": "Female Washroom-2", "roomNumber": "Female Washroom-2", "buildingName": "RGCI", "element": {"type": "Services", "subType": "restRoom"}, "floor": 0, "priority": 0, "landmarkId": "6a0bec0a8f7bcc5d06827e88", "type": "Centroid", "centroid": [77.11103560733157, 28.71643116558904], "global": false, "latitude": "28.71643116558904", "longitude": "77.11103560733157", "doorLatitude": "28.71645553608327", "doorLongitude": "77.11103507709137", "node": "46497", "basinClock": "null", "cubicleClock": "null", "numCubicles": "null", "numUrinals": "null", "numWashbasin": "null", "urinalClock": "null", "washroomType": "Female", "polygonExist": true, "polyId": "155768-6442-8bfc-3ec2-db8d84c5126"}}, {"building_ID": "65d88662db333f894570bad3", "id": "6a0bec0a8f7bcc5d06827e89", "type": "Feature", "geometry": {"type": "Point", "coordinates": [77.1108837219, 28.7162298205]}, "properties": {"name": "IW25030260", "roomNumber": "IW25030260", "buildingName": "RGCI", "element": {"type": "Services", "subType": "beacons"}, "floor": 1, "priority": 0, "landmarkId": "6a0bec0a8f7bcc5d06827e89", "type": "Services", "global": false, "latitude": "28.71622982045868", "longitude": "77.11088372190025", "node": "46395"}}, {"building_ID": "65d88662db333f894570bad3", "id": "6a0bec0a8f7bcc5d06827e8a", "type": "Feature", "geometry": {"type": "Point", "coordinates": [77.1107515261, 28.7162762131]}, "properties": {"name": "IW25030271", "roomNumber": "IW25030271", "buildingName": "RGCI", "element": {"type": "Services", "subType": "beacons"}, "floor": 1, "priority": 0, "landmarkId": "6a0bec0a8f7bcc5d06827e8a", "type": "Services", "global": false, "latitude": "28.71627621311306", "longitude": "77.11075152608161", "node": "26187"}}, {"building_ID": "65d88662db333f894570bad3", "id": "6a0bec0a8f7bcc5d06827e8b", "type": "Feature", "geometry": {"type": "Point", "coordinates": [77.111078275, 28.7166465257]}, "properties": {"name": "IW25030247", "roomNumber": "IW25030247", "buildingName": "RGCI", "element": {"type": "Services", "subType": "beacons"}, "floor": 1, "priority": 0, "landmarkId": "6a0bec0a8f7bcc5d06827e8b", "type": "Services", "global": false, "latitude": "28.71664652572837", "longitude": "77.11107827503193", "node": "27276"}}, {"building_ID": "65d88662db333f894570bad3", "id": "6a0bec0a8f7bcc5d06827e8c", "type": "Feature", "geometry": {"type": "Point", "coordinates": [77.1113932818, 28.7172099079]}, "properties": {"name": "Male Washroom-1", "roomNumber": "Male Washroom-1", "buildingName": "RGCI", "element": {"type": "Services", "subType": "restRoom"}, "floor": 1, "priority": 0, "landmarkId": "6a0bec0a8f7bcc5d06827e8c", "type": "Centroid", "centroid": [77.11139328181126, 28.71720990793248], "global": false, "latitude": "28.71720990793248", "longitude": "77.11139328181126", "doorLatitude": "28.717194765151135", "doorLongitude": "77.11142132178283", "node": "48155", "basinClock": "null", "cubicleClock": "null", "numCubicles": "null", "numUrinals": "null", "numWashbasin": "null", "urinalClock": "null", "washroomType": "Male", "polygonExist": true, "polyId": "e66e38a-d78-26ea-86dc-332e4772b76"}}, {"building_ID": "65d88662db333f894570bad3", "id": "6a0bec0a8f7bcc5d06827e8d", "type": "Feature", "geometry": {"type": "Point", "coordinates": [77.1110488307, 28.7166214229]}, "properties": {"name": "Female Washroom-2", "roomNumber": "Female Washroom-2", "buildingName": "RGCI", "element": {"type": "Services", "subType": "restRoom"}, "floor": 1, "priority": 0, "landmarkId": "6a0bec0a8f7bcc5d06827e8d", "type": "Centroid", "centroid": [77.1110488307248, 28.716621422897113], "global": false, "latitude": "28.716621422897113", "longitude": "77.1110488307248", "doorLatitude": "28.71659676189588", "doorLongitude": "77.11105497953947", "node": "51827", "basinClock": "null", "cubicleClock": "null", "numCubicles": "null", "numUrinals": "null", "numWashbasin": "null", "urinalClock": "null", "washroomType": "Female", "polygonExist": true, "polyId": "307c68c-cb3a-82ea-47ae-3734c54e137d"}}, {"building_ID": "65d88662db333f894570bad3", "id": "6a0bec0a8f7bcc5d06827e8e", "type": "Feature", "geometry": {"type": "Point", "coordinates": [77.1110120449, 28.7166354964]}, "properties": {"name": "Male Washroom-2", "roomNumber": "Male Washroom-2", "buildingName": "RGCI", "element": {"type": "Services", "subType": "restRoom"}, "floor": 1, "priority": 0, "landmarkId": "6a0bec0a8f7bcc5d06827e8e", "type": "Centroid", "centroid": [77.11101204487062, 28.716635496439768], "global": false, "latitude": "28.716635496439768", "longitude": "77.11101204487062", "doorLatitude": "28.716617145942344", "doorLongitude": "77.11101384719439", "node": "58175", "basinClock": "null", "cubicleClock": "null", "numCubicles": "null", "numUrinals": "null", "numWashbasin": "null", "urinalClock": "null", "washroomType": "Male", "polygonExist": true, "polyId": "322733-1c1c-dfdc-b80-cb63f68fce4c"}}, {"building_ID": "65d88662db333f894570bad3", "id": "6a0bec0a8f7bcc5d06827e8f", "type": "Feature", "geometry": {"type": "Point", "coordinates": [77.1108125886, 28.716242627]}, "properties": {"name": "Female Washroom-3", "roomNumber": "Female Washroom-3", "buildingName": "RGCI", "element": {"type": "Services", "subType": "restRoom"}, "floor": 1, "priority": 0, "landmarkId": "6a0bec0a8f7bcc5d06827e8f", "type": "Centroid", "centroid": [77.11081258855744, 28.71624262704496], "global": false, "latitude": "28.71624262704496", "longitude": "77.11081258855744", "doorLatitude": "28.716237095272838", "doorLongitude": "77.11083129950542", "node": "58180", "basinClock": "null", "cubicleClock": "null", "numCubicles": "null", "numUrinals": "null", "numWashbasin": "null", "urinalClock": "null", "washroomType": "Female", "polygonExist": true, "polyId": "74b42ae-a8dc-bf-4ec-e88f5c6ddd"}}, {"building_ID": "65d88662db333f894570bad3", "id": "6a0bec0a8f7bcc5d06827e90", "type": "Feature", "geometry": {"type": "Point", "coordinates": [77.111403631, 28.7172219247]}, "properties": {"name": "Female Washroom-1", "roomNumber": "Female Washroom-1", "buildingName": "RGCI", "element": {"type": "Services", "subType": "restRoom"}, "floor": 1, "priority": 0, "landmarkId": "6a0bec0a8f7bcc5d06827e90", "type": "Centroid", "centroid": [77.1114036310235, 28.71722192472876], "global": false, "latitude": "28.71722192472876", "longitude": "77.1114036310235", "doorLatitude": "28.71720350463934", "doorLongitude": "77.11142884848265", "node": "85474", "basinClock": "null", "cubicleClock": "null", "numCubicles": "null", "numUrinals": "null", "numWashbasin": "null", "urinalClock": "null", "washroomType": "Female", "polygonExist": true, "polyId": "b1ca318-eeb1-d87-f63-03dae36f663b"}}, {"building_ID": "65d88662db333f894570bad3", "id": "6a0bec0a8f7bcc5d06827e91", "type": "Feature", "geometry": {"type": "Point", "coordinates": [77.111489489, 28.7168991236]}, "properties": {"name": "Male Washroom-3", "roomNumber": "Male Washroom-3", "buildingName": "RGCI", "element": {"type": "Services", "subType": "restRoom"}, "floor": 0, "priority": 0, "landmarkId": "6a0bec0a8f7bcc5d06827e91", "type": "Centroid", "centroid": [77.11148948898439, 28.7168991236433], "global": false, "latitude": "28.7168991236433", "longitude": "77.11148948898439", "doorLatitude": "28.716875241373753", "doorLongitude": "77.11151000225614", "node": "85936", "basinClock": "null", "cubicleClock": "null", "numCubicles": "null", "numUrinals": "null", "numWashbasin": "null", "urinalClock": "null", "washroomType": "Male", "polygonExist": true, "polyId": "f043148-da0d-5a76-2855-5225b0472a"}}, {"building_ID": "65d88662db333f894570bad3", "id": "6a0bec0a8f7bcc5d06827e92", "type": "Feature", "geometry": {"type": "Point", "coordinates": [77.1114697314, 28.7168761825]}, "properties": {"name": "Female Washroom-3", "roomNumber": "Female Washroom-3", "buildingName": "RGCI", "element": {"type": "Services", "subType": "restRoom"}, "floor": 0, "priority": 0, "landmarkId": "6a0bec0a8f7bcc5d06827e92", "type": "Centroid", "centroid": [77.11146973139734, 28.716876182486768], "global": false, "latitude": "28.716876182486768", "longitude": "77.11146973139734", "doorLatitude": "28.716864317013496", "doorLongitude": "77.11150059388135", "node": "96446", "basinClock": "null", "cubicleClock": "null", "numCubicles": "null", "numUrinals": "null", "numWashbasin": "null", "urinalClock": "null", "washroomType": "Female", "polygonExist": true, "polyId": "5d7202c-5454-758d-6c71-a6bedae52c0b"}}, {"building_ID": "65d88662db333f894570bad3", "id": "6a0bec0a8f7bcc5d06827e93", "type": "Feature", "geometry": {"type": "Point", "coordinates": [77.1111735829, 28.7161030073]}, "properties": {"name": "Female Washroom-1", "roomNumber": "Female Washroom-1", "buildingName": "RGCI", "element": {"type": "Services", "subType": "restRoom"}, "floor": 0, "priority": 0, "landmarkId": "6a0bec0a8f7bcc5d06827e93", "type": "Services", "global": false, "latitude": "28.716103007251796", "longitude": "77.11117358289157", "node": "97361", "basinClock": "null", "cubicleClock": "null", "numCubicles": "null", "numUrinals": "null", "numWashbasin": "null", "urinalClock": "null", "washroomType": "Female"}}, {"building_ID": "65d88662db333f894570bad3", "id": "6a0bec0a8f7bcc5d06827e94", "type": "Feature", "geometry": {"type": "Point", "coordinates": [77.1111772404, 28.7160799965]}, "properties": {"buildingName": "RGCI", "element": {"type": "Services"}, "floor": 1, "priority": 0, "landmarkId": "6a0bec0a8f7bcc5d06827e94", "type": "Services", "global": false, "latitude": "28.716079996503264", "longitude": "77.11117724043989", "node": "95980"}}]}